,Chiffre,Temoignage
0,1,"The feverish feeling eased, but I'm now breathing faster with a dry, exhausting cough. I get light‑headed after climbing stairs and feel like I can't fill my lungs completely."
1,2,"While working in the garden, I touched a metal grill that had been on the stove. My left forearm has a burning itch and a faint scar."
2,3,A short sprint brought on a twinge in the middle of the back of my thigh. It's tender along a band and stiffens if I sit too long.
3,4,"I accidentally left my hand on a hot mug for a minute. It now feels very tender, and there's a small blister."
4,5,A sudden twist while reaching for a bag made one side of my lower back feel ‘switched off' and sore. Small stabilizing movements feel shaky.
5,6,"During a birthday party, a hot beverage was knocked onto my back. The area is red, tender, and a small blister is visible on my shoulder."
6,7,I noticed a rash on my forearms after handling a new brand of sunscreen. The spots are itchy and raised. I didn't realize it could be an allergic reaction until it started spreading. I've stopped using the product.
7,8,"Since I lost 20 pounds, my headaches have lessened, but I still feel lightheaded when I stand up. I believe my diet is the culprit. I haven't checked my blood pressure."
8,9,"The rash on my face and jaw is a classic hives appearance. It's raised, itchy, and pink. I feel a tingling sensation. I think it might be food‑related."
9,10,I feel an unexplained pressure behind my eyes and a dull ache in my neck. It's mild but persistent.
10,11,"I slipped on ice and landed seated. Since then sitting on hard chairs is very uncomfortable, and leaning slightly forward helps. Standing up from sitting is a careful process."
11,12,There's a small sore area on the top of my foot that flares when I push off while walking. Tight shoes make it throb and I limp by the evening.
12,13,I have an increased thirst level and I'm going to the bathroom more than usual. I've been losing weight without effort. The doctor suspected a blood sugar disorder.
13,14,"On the sole, a painful spot feels like stepping on a stone. The surface is rough with tiny dark dots"
14,15,"I keep waking up at night to pee, and it takes longer to sleep. I'm more tired during the day, even after a full night's rest. My doctor suspects I might be developing a blood sugar problem."
15,16,Where my collarbone meets the chest feels puffy by evening and aches when I push up from the floor. Reaching across my body brings a small jab there.
16,17,My eyelids squeeze shut in little bursts when I'm reading or in bright light. I have to blink hard to stop it and my eyes feel tired by the evening.
17,18,At the base of my thumb toward the wrist there's a tiny sore spot. Pinching or pressing a jar lid sets it off for a while.
18,19,"I woke up with a runny nose and a sore throat, but I thought it was just a bad cold. The congestion hasn't cleared even after I tried decongestants. I have been feeling slightly feverish and tired."
19,20,"Since last week, my right ear has been aching and I noticed a slight fluid drainage. I feel a buzzing sound when I move my head. The pain is most intense at night."
20,21,"A metal pot fell on my thigh. The skin is red and blistered, and it's uncomfortable when I walk."
21,22,"After my last run, I felt a sudden wheeze that made it hard to breathe; it lingered even after I stopped."
22,23,"After eating lunch, I noticed a rash on my arms. The spots were itchy and seemed to spread over my chest. I haven't changed my diet or taken any new medications. I'm concerned."
23,24,My right ear hurts like a stone in the middle. The pain is stronger when I drive. I had a flu 5 days ago and it started soon after.
24,25,"My right ear hurts when I swallow, and I feel pressure when I sit in the car. It's been a few days since my flu. I have a slight fever and a sore throat."
25,26,"I noticed my hands have started to feel numb and tingly, especially after standing for a while. I also keep having headaches, and my vision feels fuzzy when I drive."
26,27,By late afternoon my eyelids feel heavy and my smile looks uneven in photos. Climbing stairs is fine in the morning but by evening my legs tire quickly and I need the rail.
27,28,"I felt better for a day after the flu‑like symptoms, then the cough came back heavier with chills. There's a sharp ache on the right side when I take a deep breath and I'm more wiped out again."
28,29,I have a nagging headache and occasional chest tightness that appears in the late afternoon. It's not painful but it is persistent.
29,30,I had a light headache and a runny nose after a long day at work. I was only mildly fatigued and decided to skip the meeting.
30,31,I can't seem to get enough air after a run and I have this persistent cough that doesn't clear up. I still think it's just over‑exertion.
31,32,"I drift sideways when I try to walk a straight line, and quick turns make me wobble. Reaching for a glass, my hand overshoots a bit before I correct it."
32,33,I noticed a strange numb patch in the saddle area and it's harder to feel when I wipe. My legs feel heavy after a short walk and I move more cautiously.
33,34,Opening bottles and turning keys makes the base of my thumb feel loose and achy. Holding a book for a long time tires the joint quickly.
34,35,My doctor says my lungs feel tight when I sneeze; it's like I can't exhale properly.
35,36,"I woke up with a minor headache, congestion, and a dry cough. I stayed home and took over-the-counter pain relievers. By the end of the day, I felt normal."
36,37,I keep waking up at night because my ear hurts so badly. I also feel like something is blocking my ear.
37,38,"My nose was runny and my throat felt scratchy, but I didn't think it was anything serious. A friend mentioned a 'cold', and I realized it was that."
38,39,I've been feeling unusually fatigued and can't concentrate at my desk. My eyes feel strained and I sometimes hear a buzzing in my ears. My wife has noticed I get short of breath when walking up stairs.
39,40,"I forgot my hand inside a boiling pot while making soup. The left forearm is now bright red, itching, and a small blister is forming."
40,41,"My ears felt full and my nose was runny, but I didn't consider it a cold. A colleague told me it was typical of a common cold."
41,42,"I've been increasing my runs and now have a pinpoint ache on the inside of my shin. It's tender to touch and hurts even during easy jogs, worse on hard pavement."
42,43,"My sister told me I cough a lot at night, and it seems like I can't catch my breath in the middle of the night."
43,44,"Between my toes the skin is itchy, cracked, and peels. After workouts the area stings and smells stronger"
44,45,I was painting a fence and accidentally sprayed a can of paint on my arm. The area looks like a sunburn.
45,46,"Over a couple of days, vision in one eye dimmed like a grey filter. Moving the eye hurts slightly, and bright colors look washed out compared to the other eye."
46,47,"My doctor said my hemoglobin is low, but I didn't realize it would affect me that much. I get winded when I walk up stairs."
47,48,"I woke up with a rash of hives on my forearms and upper legs. They feel like small, itchy bumps. The itching is severe and I've been scratching all night."
48,49,"The doctor told me my blood pressure is high, but I didn't realize until they mentioned it. I never had any symptoms. I have been on medication for high cholesterol."
49,50,I keep getting headaches and feeling exhausted at the office. My face looks washed out and I feel sluggish all day.
50,51,"Breathing has become very labored over the day; even speaking full sentences is difficult. I feel like I can't get enough air, and I need to sit very still to avoid getting winded."
51,52,"Waking up, my jaw feels tired and sore near the cheek. Chewing tougher foods brings a dull ache that eases if I rest the jaw."
52,53,"I experienced a sudden onset of sneezing and a runny nose, plus a mild headache. I was tired and my throat felt raw. I didn't think it was anything serious so I rested."
53,54,I rolled my ankle stepping off a curb. There's a tender point along the outside bone above the ankle and it's hard to put weight without a sharp twinge.
54,55,"After a long hike, lifting my knee and turning the hip outward gives a pulling pain from the outer hip to the inner knee. Sitting cross‑legged is uncomfortable."
55,56,I left a mug too hot on my desk and accidentally touched it. The right wrist feels like it's on fire and has a blister.
56,57,My feet feel like I'm standing on thin socks even when barefoot. At night there's a burning tingling in the toes that makes it hard to fall asleep.
57,58,"A sudden rash has covered my chest and upper arms. They are red, itchy, and seem to have a fine texture. The hives started after an allergy test."
58,59,"Pinching a key between my thumb and index feels weak, like I can't make a firm circle. Turning a small screw is clumsy though the hand doesn't feel numb."
59,60,"I get sudden stings and patchy burning in the feet and hands, like tiny nettle pricks. The skin looks normal, but the sensations are vivid and random."
60,61,"I always get headaches and sometimes feel light‑headed, especially when I stand up quickly. I notice my nails are a bit brittle and I get cold hands."
61,62,Reaching overhead repeatedly left a dull ache at the top-back of the shoulder. Lifting the arm to the side feels weak and I avoid heavy objects on that side.
62,63,"Weeks after a winter bug, I still cough at night and when I laugh. I keep a glass of water by the bed because talking sets it off."
63,64,"Months after a winter bug, I still get winded on stairs with a sticky cough in the mornings. Some days are better, then it flares again without warning."
64,65,Turning a stiff key gives a line of soreness along the inner front of my forearm. Pouring from a heavy pan with the palm down brings a quick sting.
65,66,"I woke up with itchy bumps all over my arms and chest, and they keep popping up whenever I touch my skin. It feels like a fine sandpaper under my clothes. I haven't noticed any pattern or trigger. I thought it might just be a bad rash."
66,67,"Small, dome‑shaped bumps with a little dip in the center appeared on my child's abdomen. They don't seem to hurt but my child picks at them when itchy."
67,68,"I have frequent chest tightness that lasts a couple of minutes at a time, and I sometimes feel my head spinning. I have been unaware that these might be signs of something more serious."
68,69,"A hot, painful red plaque appeared on the lower leg with chills. The edge is sharp and the skin feels tight."
69,70,I feel like my ear is clogged and I can hear faint noises. I have a slight fever and feel tired.
70,71,Kneeling or sprinting gives a pull at the bump below the kneecap. The area looks a little prominent and is sore after practice.
71,72,"On my chest there are uneven pale and slightly darker spots that don't tan like the rest. When I rub the area, a fine scale appears on the surface."
72,73,I have headaches that come and go throughout the day and a slight burning sensation in my neck. I also notice that I feel a bit tired even after a night's sleep.
73,74,"I left a cup of hot cocoa on my desk and touched it. The skin on my hand is red, slightly swollen, and a tiny blister is developing."
74,75,"My mouth is always dry, and I get infections in my gums. I wake up often at night to pee."
75,76,I noticed a sudden feeling of nausea and headache after taking a cold medicine. I thought it was a side effect. My father had high blood pressure.
76,77,Catching my thumb on a jacket made the base joint sore. Pinching keys or opening packets hurts along the inner side of that joint.
77,78,"I start feeling a dull pressure in my head before I'm able to sleep. The pain flares up when I eat something sweet, especially chocolate."
78,79,"I have a constant ache in my left ear, especially when swallowing. I noticed it after my recent upper respiratory infection. I also feel slightly dizzy."
79,80,"Over the last two days my nose keeps switching between blocked and runny, and my head feels heavy. In the evening my throat gets scratchy and I have little dry coughs now and then. I worked all day in an open‑plan office and feel worn out; I'm drinking warm fluids and going to bed early."
80,81,"My nose was a little runny and my throat felt sore, but nothing severe. I took a hot shower and felt better by the end of the day."
81,82,My child has been crying a lot because his ear hurts. I heard a faint ringing sound from his ear.
82,83,"I felt a slight fever and congestion that morning, but I brushed it off as a mild cold. A quick nap helped, and I returned to work the next morning."
83,84,"While cleaning a kettle, the steam rose directly onto my arm. The skin is red, itchy, and slightly swollen."
84,85,There's a persistent itchy-burny patch just inside my shoulder blade that I can't quite reach. The skin looks normal but the urge to scratch comes and goes.
85,86,"I had a rash on my neck after getting a haircut. The spots were itchy, and they appeared across my neck and shoulder. I haven't noticed any hair products causing it. I'm confused."
86,87,I feel a lot of fatigue and my vision blurs after meals. I also notice numbness in my hands. The doctor recommended a blood test.
87,88,"After shaving my beard, a few tender bumps with tiny white heads showed up along the jawline. They're sore when I touch them, and one feels like a deeper knot. I'm cleaning the area and trying to leave it alone."
88,89,"I had a slight fever and a coughing spell that night, so I assumed it was a flu. By the next day my throat felt sore and my nose was congested. I haven't taken any medication yet."
89,90,"I have to get up at least five times at night to use the bathroom. I'm feeling more tired than usual, even after sleep. My doctor says these could be symptoms of a new health issue."
90,91,"Every time I step on the scale, it's down a bit. I also feel my vision is hazy sometimes, especially when reading."
91,92,Landing with the foot turned left a deep ache on the outer back of the ankle. Pushing the foot outward or downhill walking makes it spike.
92,93,I get a throbbing pain that starts at the temples and goes across. The light makes it worse and I can't keep my head still. I've tried water but it didn't help.
93,94,"My calf became red, warm, and painful over a day, and the redness seems to be spreading with a clear edge. Walking is uncomfortable and I feel a bit chilled."
94,95,"Wearing a snug watchband makes the back of my thumb and hand tingle. Light touch there feels oddly buzzy, and I avoid resting my wrist on the desk edge."
95,96,"I keep having headaches and feel a bit weak during the day. My mouth feels dry, and I have to drink water constantly."
96,97,"I'm experiencing a rash that feels like small, itchy blisters across my chest. It started when I was hiking last night. I feel it's related to the insect bites."
97,98,"My whole body has a rash that's very itchy and covers my abdomen, chest, and arms. The welts are raised and pink. It began after a cold and a new shampoo."
98,99,"On flat ground I'm okay, but a single flight of stairs makes me short of breath with a dry cough at the top. I pause to catch up before speaking."
99,100,"Bending the elbow to lift a kettle feels weaker than usual, and the outer forearm skin feels less sensitive. Carrying shopping bags is tiring."
100,101,"Working on a laptop in bed gave me a deep, front‑neck ache. Tucking my chin to look down tightens it, and I prefer to keep my head supported."
101,102,"I used to think my occasional coughing spells were just allergies, but now they're happening even when I'm inside my apartment."
102,103,"My appetite hasn't changed, but I've been losing about 3 kilograms over the last month. I find myself getting very thirsty and have to visit the restroom more frequently."
103,104,"After taking a quick shower, I start to wheeze and can't exhale fully; it feels like my lungs are full."
104,105,In the mornings I cough more and bring up thicker phlegm than I used to. A short trip to the shop leaves me winded and I need a quick rest at the door.
105,106,"Walking fast, the side of my hip aches and I feel unsteady on one leg. Lying on that side is uncomfortable and long strides aggravate it."
106,107,Between my shoulder blade and spine there's a nagging ache that flares when I pull something toward me. Rowing motions feel weak on that side.
107,108,I was feeling a sudden tightness in my chest after a long day of desk work. I ignored it until a colleague suggested checking my blood pressure. I have no chronic conditions.
108,109,I feel a throbbing pain in my ear after a cold. I also hear a buzzing sound that isn't there.
109,110,"I accidentally touched a hot metal spoon. The skin is pink, warm, and a little blistered, especially near the nail beds."
110,111,"On longer runs a deep ache builds in the lower calf. It's worse when I keep the knee slightly bent, and the area stays tight the next morning."
111,112,"Between my toes the skin is itchy, cracked, and peels. After workouts the area stings and smells stronger; socks feel damp quickly."
112,113,"A round, expanding patch with a scaly edge developed on my forearm. The center looks clearer while the border is slightly raised and itchy."
113,114,"There's a buzzing in my right ear, and it hurts when I tilt my head. The symptoms began after I caught a cold. I have mild headache."
114,115,"I get sudden itchy lumps on my arms when I go for a walk. They look like tiny hives, and they vanish after a few minutes. I haven't changed my diet or used any new products. It's been happening for about a month."
115,116,"On waking, my eyes are stuck, red, and itchy. I've also had a runny nose for two days. Light bothers me a bit. I'm rinsing with saline and avoiding rubbing."
116,117,There's a deep ache in the groin that worsens when I put weight on it. Turning in bed is awkward and I shorten my steps without meaning to.
117,118,I'm experiencing a lot of thirst and my bladder is very active. I feel weak and my vision sometimes blurs. The doctor suggested testing my blood sugar.
118,119,I've noticed my hands get cold and I feel exhausted. I also get headaches and faintness when standing up fast.
119,120,I notice a feeling of pressure in my chest after drinking coffee. It is not severe but it is constant.
120,121,"After a day at a crowded event, I felt my nose getting congested and my throat becoming sore. I didn't realize it was a cold until my partner called it out."
121,122,"I have been drinking more coffee during my long shifts. Lately, I feel a tightness around my throat. I didn't think it was related to any health condition."
122,123,"After weekends in the shed, I get a dry cough and feel breathless by Monday. A couple of days away from it and I feel more normal again."
123,124,A sudden rash erupted on my shoulders and upper arms. They're raised and extremely itchy. The hives started after my last dental visit.
124,125,My vision is often fuzzy after eating and I'm losing weight without cutting calories. I also feel constantly tired. The doctor recommended glucose testing.
125,126,A sudden twinge on my left side made it hard to take a full breath comfortably. Sitting upright helps more than lying flat.
126,127,"During the night I woke up with a throbbing pain in my ear. I thought it was earwax, but it's not."
127,128,"My nasal passages are blocked, and there's a clear drip down my throat. I cough a few times, especially at night, and I feel a low headache. I haven't noticed any fever yet."
128,129,"My skin appears whiter and I get headaches whenever I work at the computer. I feel weak when walking, and I stumble sometimes. I notice my pupils look a bit larger than normal. I haven't sought medical advice yet."
129,130,"I keep feeling a throbbing pain in my left temple that starts before my alarm goes off, and it only gets worse when I stare at my phone screen. I notice that the light in the office makes it even sharper, and my vision becomes fuzzy during the attack."
130,131,"Sips of water sometimes make me cough with a sudden tickle, especially when I talk while drinking. It happens more when I'm distracted."
131,132,"My head aches intensely, especially behind my eyes, and I feel a wave of pain that moves around. I also notice a tingling in my fingers before it starts. It's like a storm in my head."
132,133,"On my wrists there are small, shiny, purple bumps that itch. In a raking light you can see fine lines on them."
133,134,I have a constant ache that turns into a throbbing pain that feels like a storm in my head. I get nauseous and my ears ring. I'm not sure what to do.
134,135,At night I wake with a sour taste and a throat tickle that sets off a cough. It flares after late meals and eases when I prop myself up.
135,136,"I find myself needing to pee often, especially after meals. My vision sometimes blurs. The doctor said this could be early signs of high blood sugar."
136,137,"When I lift weights overhead, there's a deep click inside the shoulder and a dull ache afterward. Throwing a ball hard feels weak near the top of the joint."
137,138,"A day or two into a new treatment, my skin broke out in a patchy red eruption that kept expanding. My lips feel sore and the rash is tender when clothing rubs."
138,139,"I got a little cold after a hiking trip. I had a mild cough and my ears felt full. I rested and took some vitamin C, and it cleared up."
139,140,I woke up with a sharp pain behind my left ear and a mild fever. It feels like a pressure. I had a cold last night.
140,141,I had a light headache and a runny nose that began in the evening. I stayed in bed and felt better by the next day.
141,142,I find it hard to sleep when the air in my house feels dry; my throat starts to cough and my chest feels compressed.
142,143,"After hours at the computer, a deep ache starts at the back of my neck and creeps to one eye. Turning my head to check my blind spot makes the head pain ramp up."
143,144,"After a bout of coughing and sit‑ups, I have a sore band across the lower ribs. Laughing or rolling out of bed makes it sting along the side."
144,145,"Since this week's bug, I've had wheezy breathing late at night. Going up one flight makes me stop to catch my breath. I used my usual reliever and I'm pacing myself."
145,146,"I experience a heavy ache in my head that began after a big meal. I get nauseous and my vision flickers, and I have not yet gone to a clinic."
146,147,I rolled my ankle stepping off a curb and it puffed up on the outer side. Side‑to‑side movements and uneven paths make it twinge.
147,148,"My daughter brought me a cup of soup that was too hot. My left wrist is red, itching, and there's a faint tear in the skin; I think it's a second‑degree burn."
148,149,I keep waking up very thirsty and I have to get out of bed to pee. I've also noticed I'm losing weight even though I'm eating normally. The doctor suspects a blood sugar disorder.
149,150,I banged the back of my elbow on a counter. It's swollen and leaning on it hurts. Straightening the arm fully gives a sharp pinch right at the tip.
150,151,I was cleaning my windows and a hot water splash hit my arm. The area is red and feels hot; a faint blister appears.
151,152,"My cuts take longer to heal, and my gums bleed more often. I often get up during the night to pee."
152,153,"My appetite is normal, but I've been losing about 4 kilograms unintentionally. I find myself getting thirsty after meals and have to get up multiple times at night to urinate."
153,154,I woke up with a sharp pain in my ear and a slight fever. I thought it was a migraine.
154,155,"A light congestion and a dry cough started the evening after a day of work. I took an over-the-counter cold remedy, and the next morning I felt normal."
155,156,I got a cold after a rainy day at the office. My nose was a bit runny and I had a dry cough. I took a nap and felt better by afternoon.
156,157,I have faintness after meals and feel weak during the day. My lips look a bit pale.
157,158,I noticed a light headache and a bit of nasal congestion after lunch. I didn't think much of it until a friend said I had a 'cold'.
158,159,"After a weekend flight, I started with an irritated nose and mild body aches. I didn't check my temperature, just a slightly hoarse voice in the morning. I'm hydrating and skipping workouts for now."
159,160,I wake up unrefreshed and find myself dozing off after lunch. My partner says I snore and sometimes stop for a moment then gasp.
160,161,I started experiencing blurred vision during driving. It feels like the screen is slightly out of focus. I've never had a serious eye problem before.
161,162,I tripped running and landed on my shoulder. There's a bump along the collarbone and lifting the arm is difficult. Coughing or moving suddenly gives a stabbing pain there.
162,163,I feel like my heart races when I get out of the car. My skin is pale and I get headaches.
163,164,My energy is gone even after rest. I notice my nails are a bit brittle and my skin looks pale.
164,165,"My baby's nose has been congested for days; now I hear crackly, whistly breaths, and she pauses more during feeds. She seems to work harder to breathe when lying flat."
165,166,"Since a vacation, I have a rash on my legs that appears during the day. The spots are itchy and spread when I touch them. I haven't changed my diet. I'm not sure why it's happening."
166,167,I feel a constant pressure in my chest that makes it hard to breathe when I run. It's a subtle but persistent feeling that's been around for months.
167,168,"My head keeps wanting to turn slightly to one side, and the neck muscles feel tight like they're pulling. Stress makes it more noticeable, especially when I'm standing in line."
168,169,I was experiencing persistent sneezing and a thick nasal discharge for two days. My neck felt sore and I had a low-grade fever that persisted. I thought it was a sinus infection but didn't consult a doctor.
169,170,"I feel so tired all the time, and I keep forgetting to eat. I've been drinking more water than usual and my bladder is very active. My doctor thinks I might have a new metabolic condition."
170,171,"After a quick change of pace, the inner front of my thigh tightened suddenly. Going downstairs gives a small stab near the kneecap area."
171,172,"Every time I go to the bathroom, I find myself running several times. I've also had several infections around my gums that never fully recover."
172,173,I notice a racing pulse when I get up from a long meeting. I chalk it up to anxiety. My partner says it sounds like my heart is skipping beats.
173,174,I have a sharp pain in my ear and my hearing feels off. I also have a mild fever.
174,175,I feel like I have a constant low energy level. My skin looks pale and I get dizzy when I stand from a chair.
175,176,Getting out of the car and lifting the knee toward my chest gives a deep tug in the front of the hip. Long strides or uphill steps set it off.
176,177,"I have a dull pain in my left ear and a slight fluid sensation. I had a sore throat last week, and the pain started shortly after. My hearing is somewhat muffled."
177,178,I got a sudden ear pain right after drinking a hot beverage. The pain is sharp and I can't hear properly. I am worried it might be an infection.
178,179,"Recently, I felt my breathing slow down and my chest feel full after a minor cold."
179,180,"During a family reunion, my mother spilled hot soup on my leg. There's a small blister, and it hurts."
180,181,"I am always exhausted, even after sleeping. My face looks washed out and I get winded easily."
181,182,"Reaching overhead to get a suitcase, my shoulder slipped and felt out of place for a moment. Since then I'm guarding movements, and throwing makes it feel like it might slip again."
182,183,I twisted my ankle inward and now there's a sore spot in front of the heel on the outer side. Pushing off the forefoot makes it ache sharply.
183,184,I have symmetrical dark areas on the forehead and upper lip that deepened during a sunny holiday. Makeup covers them somewhat but they persist.
184,185,"Since bumping my head, I get a foggy feeling with headaches and sensitivity to bright lights. Concentrating on emails makes me nauseous, so I take frequent breaks."
185,186,"I had a cold, but I didn't realize it until my partner mentioned feeling 'a little under the weather'. I had a slight cough and a low-grade fever of about 37.5°C."
186,187,I feel pain behind my ear when I move my jaw. I also feel like I'm hearing a buzzing sound.
187,188,Mid‑race I felt a sudden snap in the back of my thigh with sharp pain. Walking is guarded and I can't push off properly; there's bruising spreading downwards.
188,189,My nose started dripping clear fluid and I kept sneezing all morning. I also noticed a mild headache and a scratchy throat that won't go away. I went to my doctor but didn't realize it was just a cold.
189,190,There's a patch of burning and numbness on the outer thigh that gets worse with tight belts or standing long. Touching the skin there feels oddly sensitive.
190,191,"I feel an intense itching all over my face and neck. The rash started this morning, and it's spreading. I had a sore throat just yesterday."
191,192,"Every time I get on the treadmill, welts start appearing on my thighs and calves. The spots are itchy, red, and they spread quickly. I tried to stop, but the itching continues even when I'm resting. I don't know why this happens."
192,193,I have sudden itchy bumps on my thighs after a long day at work. The welts appear in clusters and feel painful. I've not used any new products or taken new medications. I need help.
193,194,"I feel an overwhelming urge to nap in the afternoon, and when I laugh hard my knees feel wobbly for a moment. Short naps help, but it returns later."
194,195,I get sudden itchy welts on my lower legs after walking in the park. The spots appear and disappear within a few hours. I haven't seen anything unusual in the park. It's starting to bother my kids.
195,196,"I have a rash on my knees that appear during exercise. The spots are itchy, raised, and flare up when I stretch. I haven't tried any new sports equipment. I'm looking for a solution."
196,197,Sitting too long gives me a deep ache in the buttock that eases when I stand. Crossing one leg over the other brings a tugging pain deep in the hip.
197,198,"During a yoga session, I developed a sudden rash across my lower back. The welts were painful, itchy, and appeared within minutes. I tried to ignore them, but the itching is relentless. I don't know if it was the mat or the heat."
198,199,My son came home from school with a hoarse voice and coughing fits when he laughs. It wakes him a bit at night. We're giving warm honey drinks and keeping his room nicely humidified.
199,200,The end joint of my finger feels stiff and looks a bit knobbly. Opening jars or typing long emails makes it ache in a small area.
200,201,"I experienced a runny nose and a dry cough that lasted the whole night. I noticed a mild fatigue, so I decided to stay in bed rather than go to the gym."
201,202,"I notice little flickers under the skin in my calves and eyelids, especially after coffee. They don't hurt, but they're frequent and random."
202,203,"After a day out in the rain, I felt a tickle in my throat and a mild sore feeling. My breathing was a little heavy, but I just took a walk around the block to see if it cleared."
203,204,"After a routine checkup I was told my blood pressure was high, but I didn't feel any difference in my daily life. I have had a nagging headache and chest tightness for years, but I never associated it with anything serious."
204,205,"I keep waking up at night to drink water, and I've lost some weight over the last month. My appetite hasn't changed."
205,206,"On flat ground I'm fine, but a single flight of stairs makes me stop to catch my breath. My cough is dry and I feel chest tightness without much mucus."
206,207,"Crossing one leg over the other gives a deep ache in the buttock near the sit bone. Pivoting while standing brings a focused, sharp pull."
207,208,"Under the big toe joint, it feels like I'm stepping on a pebble. Pushing off during a stride hurts, and standing on tiptoes is uncomfortable."
208,209,Going downstairs makes the front of my knee feel grating. Sitting through a movie leaves it stiff until I straighten it a few times.
209,210,My back has hives that feel itchy and slightly painful. They're raised and look like a mosaic. The rash appeared after a stressful week at work.
210,211,"My child keeps scratching the crown of the head. On close look, there are tiny eggs attached to hairs and occasional red scratch marks on the scalp."
211,212,"I keep getting this terrible cough at night that wakes me up, and my chest feels tight as if someone is squeezing it."
212,213,"I'm feeling unusually weak, especially when I step upstairs. My fingers feel tingling. I notice my skin is lighter than normal. I've been treating it as a normal fatigue."
213,214,Kneeling on a hard floor left a stripe of numbness on the inner calf toward the ankle. Touching that area feels dulled compared to the other leg.
214,215,On my back and shoulders there are small white‑headed pimples and occasional deeper painful ones. Sweating after workouts seems to trigger flare‑ups.
215,216,I have a constant ache in my ear that doesn't go away. I think it's just an ear infection.
216,217,Carrying a suitcase with my arm slightly forward gives a sharp tug at the front‑top of the shoulder. Reaching to place items on a high shelf brings a catching sensation.
217,218,"While making a smoothie, I accidentally touched the heated machine. My hand feels like it's on fire."
218,219,Changing direction on court gave me a pinch high in the groin. Crossing my legs or side lunges make it ache and I shorten my steps without meaning to.
219,220,"I keep telling myself I'm just tired because I had a busy week, but when I'm running, my chest feels so tight and I'm almost out of breath."
220,221,My energy level is low and I get winded after a short walk. My hands feel cold.
221,222,A twist while stepping sideways left the outer knee sore. Crossing one leg over the other or side lunges makes a sharp line of pain along the outside.
222,223,My ears felt full and my nose was a bit congested after a crowded event. I realized I had a cold when my partner asked if I was sick.
223,224,My ear feels like it's filled with water and I can't hear well. I also feel dizzy sometimes.
224,225,Holding a thick book with the thumb spread wide makes a sore gap between the thumb and index. Squeezing a stress ball brings a focused ache there.
225,226,"I have a rash on my face that feels like raised, itchy spots. It's spreading to my neck. I think I had a reaction to a new toothpaste."
226,227,I'm more hungry than usual and my body feels sluggish. I've had an infection that takes longer to heal. The doctor recommended a blood test for glucose.
227,228,"Coming down a slope, the knee felt like it slipped backward for a moment. Kneeling or getting up from low seats gives a deep ache behind the knee."
228,229,"After a week of feeling restless, I saw small red bumps on my neck and shoulders that itch like a thousand pins. They appear randomly and dissolve after a few hours. I haven't had any new medications or changes in my environment. I'm confused."
229,230,Falling onto my wrist with it bent inward left the palm side swollen and sore. Bending the wrist forward to push a door gives a sharp jab.
230,231,"Descending hills, I feel a small, focused ache at the back of the knee. Turning the leg slightly inward while bent makes it catch."
231,232,Resting my elbow on a hard armrest left a patch of tingling along the inner forearm. Brushing against clothing there feels strange and slightly numb.
232,233,After using strong cleaners in a closed bathroom I developed a tickly cough and tightness that lingered for hours. Fresh air eased it gradually.
233,234,"I've had a nagging dry cough for days and I tire quickly on short walks. I don't bring up much, just feel breathless on stairs."
234,235,My elderly mother developed a few tight blisters on her lower legs that feel stretched and sore. The skin itches first and then these firm bubbles appear and last for days.
235,236,"I keep feeling lightheaded, and my skin is pale. I get shortness of breath during my daily walk. My heart is racing. I think it's a bad diet."
236,237,I'm dealing with hives that started on my lower back and spread to my legs. The bumps are itchy but not painful. I suspect the cause is a new allergy drug.
237,238,I have noticed a sudden heaviness in my chest and occasional tingling in my hands. The tingling stops on its own after a few minutes.
238,239,"I got sunburned on my arms while hiking. The skin feels hot, slightly swollen, and it's a deep red colour that will take a few days to fade."
239,240,"When pollen is high, I sneeze and my chest feels tight on mild exertion. Opening windows helps a bit, but evening walks trigger wheeze."
240,241,"After a sudden twinge on my left side, I felt short of breath and couldn't take a full breath comfortably. Resting upright helped more than lying flat."
241,242,"After a weekend working in the shed, I get a dry cough and feel flushed and short of breath on Monday. Two days away from it and I feel more normal again."
242,243,I feel a mild pain in my chest that appears when I eat or exercise. It's not severe but it is a constant discomfort that I can't ignore.
243,244,"On my forearms and near the eyes, lighter areas have appeared over months. The edges are quite clear and the contrast shows more after summer."
244,245,"My throat felt sore and my nose was a bit congested. I had a mild fever but felt fine enough to attend a meeting. The next day, I felt better after a hot shower."
245,246,"I often feel dizzy when I get up from the couch. The dizziness is brief but I have started to notice it more frequently, especially in the evenings."
246,247,I was using a hot iron for clothes; it touched my arm. The skin is tender and shows a small bump.
247,248,"After a few days of high aches and chills, I developed a deep, dry cough. I feel short of breath walking across the room, and I need to sit to recover. My chest feels heavy even without coughing."
248,249,I can't keep my eyes open for long at night because my chest feels tight and I cough every few minutes.
249,250,Twisting to reach a high shelf gives a quick sting along the lower side of my abdomen. Touching the skin there feels oddly sensitive afterward.
250,251,"My ankle is stiff when I first get up, and stepping off a curb gives a dull ache. It eases a bit after I've been moving for a while."
251,252,"I fell onto my hand and now turning my palm up or down makes the outside of my elbow sting. Pushing open a door gives a sudden, precise pain."
252,253,"The pain began in my right ear, then spread across my whole skull, and I felt dizzy after a few hours. I get this sensation in my hands before the headache hits, like tingling."
253,254,Rolling my foot outward left a sore line along the outer calf. Pushing off the outer edge of the foot brings a sharp twinge and long strides aggravate it.
254,255,"During my last gym session, I felt my throat tightening and had to stop mid‑exercise. I never realized this might be more than normal exertion."
255,256,"After a coughing bout, there's a thin band of pain between my ribs that catches with a sneeze or a deep breath. Twisting to the side sets it off."
256,257,I get headaches and a burning sensation in my ear. My hearing feels off and I have a slight fever.
257,258,"Since last month, I noticed itchy bumps on my back that spread when I touch them. The welts appear randomly and are painful. I've tried scratching them, but it only makes it worse. I'm uncertain about this."
258,259,I've noticed numbness in my feet and a tingling sensation that started a couple of weeks ago. I feel fatigued and my vision is fuzzy. The doctor is concerned it might be early diabetes.
259,260,"Working at a high desk, the top of my shoulder feels knotted. Raising the arm for a shelf makes it throb and heat helps briefly before it stiffens again."
260,261,"After weeks of long walks, I feel a dull ache low in the back that gets worse when I stand on one leg. Sitting on hard chairs is uncomfortable and rolling in bed wakes me."
261,262,"Around a small cut on my ankle, the skin turned hot and swollen. It's getting harder to put on my shoe because of the tenderness and puffiness."
262,263,"My left temple hurts after a big presentation. I feel like my vision flickers, and I have not had this before."
263,264,"I feel a sore throat, a clear nasal drip, and occasional sneezing. My throat hurts when I swallow, and I have a low fever around 37.8°C. The symptoms started yesterday and seem to be getting worse."
264,265,"After a week of stress at work, I noticed a rash on my upper arms. The spots are itchy, red, and look like hives. I haven't taken any new medication. I'm worried about my health."
265,266,"My right hand feels stiff and slow getting coins from a pocket. My family says my arm swings less on that side when I walk, and small tasks take longer."
266,267,"During a recent thunderstorm, I felt a sudden tightness in my chest and had to lie down for a while."
267,268,My ear feels blocked and I hear a hissing sound. I also have a low-grade fever.
268,269,"After knocking my hip on a counter, the outer pelvis is tender to touch. Rolling in bed or taking a long stride makes it pinch along the crest."
269,270,"My muscles feel sore, and I keep feeling faint. I get shortness of breath when I climb stairs. I feel like I'm missing oxygen. I didn't think much of it until my daughter asked."
270,271,"Turning a stubborn door handle gives a dull grindy pain at the elbow. It's stiff after sitting, then loosens a bit once I start moving around."
271,272,"I feel off‑balance in supermarkets and scrolling on my phone makes me woozy. Lying down is fine, but busy visual spaces set it off."
272,273,Twisting my ankle with the foot planted made the front of the ankle hurt higher up. Turning the leg outward while walking brings a sharp catch.
273,274,"After eating out, swollen, itchy marks popped up on my forearms. A cold compress brings them down, but then new ones show up in different places."
274,275,I feel like I can't keep up at work. My skin is paler and I get shortness of breath after walking a block.
275,276,"I'm breathing fast and shallow and feel a strong urge to take deep breaths, but it doesn't satisfy. Walking a few steps leaves me gasping and I have to lean forward to catch up."
276,277,"The ball of my foot under the second toe hurts during push‑off, especially in stiff shoes. There's a small swelling and I avoid long walks."
277,278,"During a flight, I got a rash on my neck and shoulders that itch a lot. The welts pop up when I breathe in cold air. I haven't taken any new medication before flying. I'm worried about flying again."
278,279,"After weeks of pressing exercises, the top of my shoulder is sore with a spot that complains when I lie on it. Lifting a bag overhead gives a quick sting."
279,280,"After twisting my wrist during a fall, there's tenderness on the little‑finger side. Gripping a pan or twisting keys brings a quick stab of pain."
280,281,I bumped my shoulder on a door frame; the outer upper arm is bruised and tender. Lifting the arm to the side brings a sharp twinge at mid‑range.
281,282,"My vision has become fuzzy after a while, and I feel my gums are more prone to infection. I also notice that I need to go to the bathroom more often."
282,283,"I'm having long coughing spells that leave me tired. Talking sets it off and I feel a tight, irritated sensation in the middle of my chest. I'm spacing activities and resting between tasks."
283,284,"The inside of my knee aches after a longer walk. First steps in the morning feel creaky, then it loosens as I move."
284,285,"Several days after starting a new medication, a widespread red rash spread across my trunk and arms. I also feel a bit feverish and tired, with the skin feeling hot and tight."
285,286,I experience faintness after meals and feel fatigued all day. My lips are a little pale and I get dizzy quickly.
286,287,"Back‑to‑back meetings speaking loudly, and by evening my voice was gone. My throat hurts to swallow and I have an occasional barking cough. I'm using throat lozenges and trying to talk less."
287,288,"Cycling up a hill made the outer front thigh burn, and later it stayed sore to press. Getting up from a low sofa gives a pulling ache."
288,289,"The pain in my left ear is steady, and I experience mild tinnitus. I had a cold last week, and the symptoms started the day after. I also feel a little dizzy."
289,290,"Two days after wearing a new fashion bracelet, I noticed a sharply outlined red area around the wrist. It itches and feels warm. I took the bracelet off and rinsed the skin, but the mark is still there."
290,291,I notice a tightening in my chest after a short run and I can't breathe normally for a while. It's a little scary because I don't understand it.
291,292,I keep getting this pulsing pain behind my eyes that then spreads across my head. I get nausea and my ears ring. I'm not sure if this is a migraine.
292,293,"After a longer walk, my hip is stiff and achy in the groin area. Getting up from a chair is slow at first, then it eases after a few steps."
293,294,"I forgot to wear gloves when ironing, and my elbow burned. The skin is shiny, and I can feel heat radiating from it."
294,295,"After gripping garden shears, the outer edge of my palm aches. Pressing down on that side to push up from a chair feels tender."
295,296,"After a couple of late nights, a painful cluster of small blisters popped up on the upper lip border. It crusts as it dries and pulls when I talk."
296,297,"After the summer heat, I noticed lighter patches on my upper back that look fine and slightly flaky when I scratch them. They stand out more after being in the sun."
297,298,"I've been feeling dizzy lately, especially when I stand up quickly. I didn't notice anything unusual before. My friends say I'm just stressed. I have been avoiding the doctor because I'm busy."
298,299,My teen's eyes are watery and irritated since gym class. It started with a cold. We're changing tissues often and not sharing towels.
299,300,I had a low fever and a sore throat that began after a cold front. My nasal passages were clogged and I had a mild cough. I did not seek medical help initially.
300,301,My heel aches after longer walks and is tender when I squeeze the sides. The first steps in the morning are the worst; I avoid putting full weight on it.
301,302,I can't seem to keep my energy up during the day. I've noticed my lips look pale and I feel dizzy when I stand up too quickly.
302,303,I often get a sudden headache right after I eat a salty snack. I have a habit of reaching for chips at lunch. My mother had high blood pressure.
303,304,I feel a dull ache in my head that suddenly becomes a throbbing pain. The light hurts and I see flashes. I've never seen a doctor yet.
304,305,I often feel a flutter in my chest when I stand after sitting for a long time. I think it's a nervous habit. I have never seen a doctor in over 5 years.
305,306,"My nasal congestion is heavy, and I have a dry cough that keeps me awake at night. I feel a slight sore throat and a mild headache. I don't have any fever, just general fatigue."
306,307,I woke up with a painful ear and a low sound coming from it. I think it's a cold.
307,308,I woke up with itchy bumps on my neck and shoulders. They look like hives and feel like a burn. I haven't had any allergic reactions before. I'm not sure what to do.
308,309,I've been ramping up mileage for a half marathon and now there's a deep ache in the groin that worsens with each step. Pivoting on that leg sends a sharp jab and I've started limping by evening.
309,310,"Every time I open my windows, my breathing becomes short and I cough several times."
310,311,"When I start writing by hand, my fingers curl and the pen grip stiffens. Typing is fine, but handwriting feels cramped and uncontrollable after a few lines."
311,312,"I tried to clean a glass, and the hot water sprayed onto my face. The cheek is red, itchy, and there's a small blister that may pop soon."
312,313,"A narrow line of burning pain runs from the lower belly toward the groin on one side. Tight waistbands make it sharper, and I loosen belts during the day."
313,314,"While fixing the faucet, a hot pipe touched my hand. Now the skin is red and I feel a burning sensation."
314,315,"At night my thumb, index, and middle fingers tingle and go numb. Shaking my hand helps for a bit, but gripping a phone brings the tingling back."
315,316,For weeks I've had a dry cough that won't quit and get tired faster than usual on walks. My chest feels tight even without much mucus.
316,317,Pinching to open packages makes the base of my thumb ache. Keys and jars are awkward and there's a small bump that's tender after chores.
317,318,Leaning on my elbow makes my ring and little fingers buzz. I drop small objects more often and there's a dull ache along the inner forearm.
318,319,"I had a mild runny nose and a dry cough that lasted through the night. I didn't get an actual diagnosis, just a feeling that I had a cold."
319,320,"My nose feels blocked, and there's a slight sore throat and occasional cough. I haven't had a fever, but I feel generally tired and have a dull ache in my head. The symptoms began two days ago."
320,321,Cleaning a small bathroom with strong products gave me a tickly cough and chest tightness for hours. Fresh air eased it slowly.
321,322,"I developed an itchy rash on my back during a heatwave. The spots looked like hives and were uncomfortable. I tried cooling my skin, but the itching persists. I'm not sure if it's the weather or something else."
322,324,I've had a dull ache in both ears for a few days. The pain gets worse when I eat or swallow. I have a mild fever but no headache.
323,325,I get a pounding pain that starts on the left side of my head and then feels like it's coming from everywhere. The sound in my ears gets louder. I'm worried.
324,326,"Turning quickly, my kneecap felt like it shifted to the side and popped back. Since then, squats feel wobbly and I'm cautious on uneven ground."
325,327,"I slipped a hot pan onto my leg. The skin is swollen, bright red, and a clear blister is forming near the edge."
326,328,"Out of the blue I had sharp shoulder pain for a few days, and then the arm felt weak when I tried to lift it. Simple tasks like combing my hair feel harder."
327,330,"During a birthday party, I slipped on a hot tile. My foot felt like it was on fire, and I see a small blister."
328,331,I keep waking up thirsty and have to pee often. I've been losing weight unexpectedly. My doctor told me this could be a sign of diabetes.
329,332,"Deep flexion like tying shoes pinches in the groin, and turning the leg inward while seated gives a brief catch. Long car rides make it stiff."
330,333,My arms and neck are a mess of raised hives. The rash appears and disappears in a day. I think the trigger is the new medication I'm on.
331,334,"I was cooking ramen and the oil splashed my cheek. The area feels hot, and there's a tiny bubble."
332,335,"During practice my lower back aches with extensions, like when I bend backward. It eases when I rest but returns when I arch again, especially after drills."
333,336,"I get sudden itchy welts on my legs after a long drive. The spots appear when I take a break, and they feel hot. I haven't taken any new medication or eaten any new food. It's puzzling."
334,337,"At night the itching on my wrists and between the fingers gets intense. I can see tiny thin lines on the skin, and other family members are starting to scratch too."
335,338,"During a sudden sprint my lower calf pinged like a small snap. It's sore behind the ankle and stretching the calf feels tight, especially with the knee straight."
336,339,"On the chest there's a rough, wart‑like spot that seems thicker than the surrounding skin. It's been slowly enlarging over months without any pain."
337,340,"I've had a dry, nagging cough for weeks with normal breathing between spells. Laughing or talking for long stretches brings it back quickly."
338,341,"After hitting balls at the range, the palm near the little finger is tender. Gripping the club again gives a sudden jab deep in the heel of the hand."
339,342,"I often feel my neck throbbing, especially after a long flight. I didn't link it to my blood pressure. My brother had hypertension."
340,343,"Lately, my heart feels racing and I feel lightheaded during the day. I notice my lips are slightly pale. I have trouble concentrating at school. I think it's just anxiety, so I haven't talked to anyone."
341,344,"Our child limps after sports with a sore heel that hurts when we squeeze the sides. First steps in the morning are the worst, then it eases a bit."
342,345,"Climbing stairs, the front of my thigh feels weak and my knee sometimes buckles a little. There's a numb patch on the inner thigh that I notice when I touch the skin."
343,346,"Every time I get a headache, I feel a throbbing pain that spreads from my temples across my head. I notice my ears ring and my vision gets blurry. I've tried coffee to cure it, but it makes it worse."
344,347,In the mornings I bring up thicker phlegm than usual and it takes longer to clear. Climbing stairs leaves me more winded than last month.
345,348,I have a fever and my ear feels full and tight. I think it's just a bad cough.
346,349,A slight headache and congestion started in the afternoon after a hike. I took a nap and it cleared up fairly quickly.
347,350,"I'm dealing with a runny nose, a sore throat that feels ticklish, and a mild cough. I have a low-grade fever of 37.7°C, and I feel a little tired. I think it began after being in a crowded room."
348,351,"I hate winters, I always cough when I go outside. I wish there was a solution. "
349,352,I've had a cut on my toe that won't heal and my fingers feel numb. I also feel very fatigued. My doctor suggested I check my blood sugar levels.
350,353,"It started with a scratchy throat and then settled into my chest. I'm coughing a lot, mostly in bursts, and my chest feels raw when I breathe out. Mornings are worse, with a bit of phlegm after a warm shower."
351,354,"Sitting for long periods gives a burning, pins-and-needles feeling in the perineal area that eases when I stand. Bike seats make it worse, so I avoid them."
352,355,"Since last month, my mouth feels dry, and I keep having infections in my gums. I also wake up frequently at night to urinate."
353,356,I can't keep up with my kids; I feel tired all the time. My skin looks pale and I feel faint sometimes.
354,357,"After a day at a crowded event, I felt a cough and a bit of nasal congestion. I took a hot shower and rested, and by the next day I was feeling fine."
355,358,"When I go outside for a jog, I feel a tightness in my chest and then wheeze, which I think is just a reaction to the cold air."
356,359,I feel a sharp pain behind my right ear that intensifies when I tilt my head. I've had a sore throat for the past 3 days. My hearing is slightly impaired.
357,360,A rash across my chest and shoulders is intensely itchy. The welts are raised and slightly bruised in look. It started after I used a new lotion.
358,361,"Twisting a screwdriver brings a deep ache in the outer forearm, and lifting a kettle with the palm down feels weak. The back of my hand movements tire quickly."
359,362,The outside of my heel and ankle tingles after I wear snug boots. A gentle rub wakes up a pins‑and‑needles feeling that fades slowly.
360,363,"I feel constant thirst, even after drinking plenty of water. I'm also losing weight without cutting calories. The doctor mentioned that this could be a sign of uncontrolled blood sugar."
361,364,I keep feeling winded when walking. I get a strange pressure in my chest. My skin is paler than usual. My fingers feel numb. I ignore it because I have a busy schedule.
362,365,"During a summer day, I had a sunburn on my legs from standing in the sun for too long. The skin feels tight and itchy."
363,366,"My 7‑year‑old fell off a low wall and now the forearm hurts in the middle. It's tender when we press along the bone, and turning the palm up or down makes him wince."
364,367,"Turning a screwdriver brings a deep, pinpoint ache on the outer elbow. Straightening the arm after typing a while feels clicky and stiff."
365,368,Standing for a while brings a small ache across the top middle of my foot. Pushing off the forefoot is uncomfortable in stiff‑soled shoes.
366,369,"I noticed a red, itchy patch on my upper back. It spread rapidly to my shoulders. The hives appeared after I played football yesterday."
367,370,"When I'm out in the rain, I feel a tightness in my chest and then I start to wheeze. I thought it was just the cold water."
368,371,"A deep ache sits in the groin and hip after a sideways fall. Turning on that leg while standing sends a quick, catching pain deep inside the joint."
369,372,During a yoga class I felt dizzy and blurred vision. I thought it was a temporary lapse. I have no prior health issues.
370,373,"I woke up with a scratchy throat, a stuffy nose, and a bit of coughing. I feel some fatigue and a mild headache, but no fever. I'm hoping this will pass quickly."
371,374,"After a playground tumble, there's a firm, sore bump near the wrist. He avoids gripping toys with that hand and keeps the wrist still when he walks."
372,375,"During my annual flu shot, the nurse noted my blood pressure was elevated. I had no prior knowledge. My lifestyle hasn't changed at all."
373,376,"My headache feels like a drumbeat on one side of my head, and it gets worse in the dark. I feel my heart beating fast and my body shakes. I thought it was a stress headache."
374,377,"Over the past week, tense fluid‑filled blisters showed up on my forearm and thigh, on skin that looked normal beforehand. They don't pop easily and the surrounding area itches a lot, especially at night."
375,378,"When I push up from a chair with my palm down, the elbow feels wobbly for a moment and then normal again. I'm cautious with weight through that arm."
376,379,Around the sides of my nose and eyebrows I get recurring greasy flakes. Sometimes it itches a little. Using a gentle anti‑dandruff shampoo on the scalp also improves the facial areas.
377,380,I've been having blurred vision after meals and my feet feel tingling. I'm also more tired than usual. The doctor is checking my glucose levels.
378,381,I'm frequently thirsty and have to get up to pee at night. I've been losing weight and feel weak. My doctor is concerned about my blood sugar.
379,382,I notice my skin looks pale and I get headaches. I feel weak during the day. My breath feels shallow. I think I need a better sleep schedule.
380,383,"Since a few months ago, I've been drinking water all the time and still feel thirsty. I also have to go to the bathroom almost every hour, and sometimes I wake up in the middle of the night for a drink. I don't feel hungry, but I've noticed I'm losing a few pounds without trying."
381,384,"I have a watery nose, sneezing a lot, and a sore throat that makes swallowing painful. I feel a little feverish, around 38 °C, and I'm experiencing mild fatigue. I think it started after a cold shower."
382,385,I get a sharp pain that starts on one side and then feels like it's coming from everywhere. I get nauseous and sometimes see flashing lights. I'm not sure if this is a migraine or something else.
383,386,I woke up with a rash on my forearms that is itching and painful. It looks like a fine network of red lines. I think I was exposed to a plant I used to touch.
384,387,My breathing gets heavy after a short run and I'm left with a coughing fit. I thought it was just muscle fatigue.
385,388,"After dinner, I feel a sudden surge of thirst, and I can't seem to stop drinking water. I've noticed my skin isn't healing as fast as it used to, and I've had a few sores that linger."
386,389,"After tripping forward, my forearm near the elbow hurts and rotating the forearm is difficult. Reaching to open a cupboard makes it feel unstable."
387,390,"I wake up breathing shallow with a tight sensation across the chest. Even simple tasks leave me panting, and I have to pause frequently to catch my breath."
388,391,"I've been feeling fatigued, especially after meals. My vision sometimes blurs. I also notice numbness in my fingers. The doctor said I might need a glucose test."
389,392,"Even after sleeping for 8 hours, I'm still tired. I also notice that my fingers and toes are cold and I get dizzy if I stand too long."
390,393,Stepping off a ladder with weight forward gave a sudden pain across the middle of the foot. Pushing off the forefoot is difficult and the top swells by evening.
391,394,"Around the jawline and cheeks I get recurring clogged pores and tender red bumps. Ahead of periods, more inflamed spots appear and some leave marks."
392,395,"Stepping off a ladder, the middle of my foot hurt suddenly. Pushing off the forefoot is difficult and there's swelling on the top that worsens during the day."
393,396,"Swallowing or yawning sometimes triggers a quick electric pain at the back of my tongue and throat, as if a nerve gets pinched for a second."
394,397,"My usual morning cough is heavier with thicker phlegm, and I'm more breathless walking to the shop. I need a moment to recover after mild exertion."
395,398,"After a twist, the outside of my knee feels deeply sore and weight‑bearing is uncomfortable. It's not sharp, more of a heavy ache that lingers."
396,399,There's a tender spot next to my breastbone that hurts when I press it. Deep breaths and twisting make it sharper for a moment.
397,400,A week of intense coughing left a sharp spot on one side of my chest that hurts with each deep breath. Rolling over in bed or laughing sets it off again.
398,401,"I often feel faint after a meal and my heart races. I think I must be dehydrated, but it's been happening for weeks."
399,402,"Since last month, I have random itchy bumps on my knees and ankles. They appear and vanish within a couple of hours. I think I might have gotten a new cleaning product at work, but I'm not certain."
400,403,"I feel a dull pressure in my head that starts before sunrise. The pain flares up if I'm not moving, and I have no idea what could trigger this."
401,404,I fell onto the back of my hand; now the back‑outer corner of the wrist hurts when I extend it. Leaning on the hand brings a sharp pinch.
402,405,I always feel a tightness in my chest when I'm in a stuffy room or after a lot of shouting.
403,406,"A mild fever and a slight headache, along with a runny nose, began in the morning. I rested and felt better by the end of the day."
404,407,"I work in food service and wash my hands constantly: the skin cracks and burns more than it itches, especially on the fingertips. A repairing cream soothes for a short time, then the tightness returns."
405,408,I keep feeling faint and my skin looks pale. I get shortness of breath during simple tasks. My heart beats fast. I think I have a cold.
406,409,"After a weekend of DIY, the outer forearm aches when I lift the kettle. Turning a screwdriver motion brings a sharp, localized sting."
407,410,I get a pounding pain that starts on the left side of my head and then spreads. My ears ring and I feel nauseous. It feels like my whole body is shaking.
408,411,"Turning my head to the right sends a shooting pain down the shoulder to the thumb, with pins and needles. Holding my arm above my head gives brief relief."
409,412,"Even when I am sitting still, I feel like I can't fully inhale; it's a constant pressure in my chest."
410,413,"I used a hair straightener that was too hot and touched my fingers. The skin is warm, slightly red, and there is a blister around the thumb."
411,414,"A slight cough and congestion started after dinner, and I stayed home to avoid spreading it. By night, I felt a mild headache but otherwise fine."
412,415,Putting on a jacket makes the front of my shoulder pull sharply. Reaching behind my back to fasten a belt feels weak and uncomfortable.
413,416,"I often feel a tickle in my throat and cough after going to work, especially on days with high pollen."
414,417,"After repeated jumps, there's a sore spot just above the heel where the lower calf meets the tendon. Pushing off on tiptoes is uncomfortable."
415,418,"I've noticed increased thirst and urination, but I thought it was just stress. I've also been feeling weak. The doctor mentioned diabetes as a possibility."
416,419,"I start coughing when I go outside in the winter and then I feel like I can't breathe properly. I assumed it was the cold, but it keeps happening."
417,420,Crossing my legs makes a tugging ache deep in the front‑inner hip. Rotating the leg outward while seated sets it off briefly.
418,421,I felt a sore throat and a light cough after a rainy day. I didn't think it was anything serious until a friend said I had a cold.
419,422,There's a burning spot on the inner heel that flares after standing a while. Flexing the toes or tight shoes brings it back by evening.
420,423,"My vision has been blurry after meals, and I can't see clearly for a few minutes after I eat. I also feel tired all the time. I didn't know anything was wrong until my doctor mentioned high blood sugar."
421,424,There's a tight knot in my upper back that sends a dull ache toward the shoulder when pressed. It eases with heat but stiffens again after desk work.
422,425,Even a short climb leaves me breathless and a bit light‑headed. My ankles are puffy by evening and I slow my pace without meaning to.
423,426,Turning a key makes my wrist feel like it shifts near the little‑finger side. Carrying a pan with the palm down feels wobbly and uncomfortable.
424,427,"The pain in my right ear is sharp and throbbing, especially when I lift my head. I had a cold last month. I'm slightly feverish and have a sore throat."
425,428,I feel a dull ache in my right ear and sometimes a ringing. The pain intensifies when I swallow. I had a cold last week.
426,429,I have a slight wheeze that comes on after exercise and I'm often short of breath. I haven't noticed any specific triggers yet.
427,430,"While making soup, hot steam hit my shoulder. It's now a pink, tender area with a faint blister that is a bit painful."
428,431,I noticed a pounding heart and dizziness after a workout. I assumed it was my heart rate. I have no known medical history.
429,432,"After a long drive, my throat felt scratchy and my nose was congested. I didn't think of a cold until I woke up feeling a little better."
430,433,"The rash on my thighs is a classic hives pattern, bright red and slightly raised. It's uncomfortable but not painful. I feel it began after I ate a spicy meal."
431,434,"On the side of my nose, a small shiny bump with tiny visible vessels has been present for months. It sometimes crusts and then looks pearly again."
432,435,My appetite has gone up dramatically and I'm gaining weight. I also feel weak and my knees feel shaky. I didn't realize how serious this could be until the doctor discussed my blood test results.
433,436,I was cooking a sauce that spilled onto my thigh. The skin feels hot and there's a clear blister near the thigh's edge.
434,437,I landed on the tip of my shoulder in a game and the outer collarbone area is tender. Reaching across my body or lifting the arm sets off a sharp pain.
435,438,I experience a constant pressure in my chest and occasional dizziness when I stand up quickly. I have not considered that it could be related to anything serious.
436,439,"After increasing walks, there's a pinpoint ache along the inner upper shin. Standing from a chair brings a sharp tug and I avoid long strides."
437,440,"Before the rash, I had a deep aching sensation on the right flank; then a line of delicate blisters appeared in the same area. The skin is very sensitive to touch."
438,441,I have a ringing noise in my ear and it hurts when I tilt my head. I also have a slight cough.
439,443,Carrying heavy shopping made the front of my upper arm ache. Bending the elbow against resistance gives a pulling discomfort and the area feels tender.
440,444,Behind my knee there's a sense of fullness that tightens when I straighten the leg. After a long walk it feels like a small balloon at the back.
441,445,"I twisted my knee while stepping sideways. There's a sore spot along the outside of the upper calf, and pushing off makes it feel unstable."
442,446,"My thirst level has increased, especially after meals. I also get headaches frequently."
443,447,My throat felt sore and my nose was slightly congested after a long drive. I didn't think much of it until I had a mild headache.
444,448,Lying on my side wakes me with a sore outer hip. Long walks make the outside of the hip ache and stairs are tender halfway up.
445,449,"I have hives that appear on my abdomen and spread to my arms. They're not painful, but they're very itchy. I only saw them after I took a new antibiotic."
446,450,"Getting up from the car, lifting my knee toward my chest pulls deep in the lower abdomen‑to‑hip area. Stairs make it feel tight at the front of the hip."
447,451,I have a cough that starts in the evening and continues into the night. I feel my chest tightening and I'm out of breath after walking a block.
448,452,"Standing still for a few minutes makes my heart race and I get shaky. If I walk around or sit down, it eases, but hot rooms bring it back."
449,453,"Our 8‑month‑old has been feeding less and breathing faster, with tiny squeaky sounds when he exhales. His belly moves a lot with each breath, and he tires quickly during a bottle."
450,454,"Long meetings had me clench my teeth; now there's a band of tenderness at the temples. Opening wide or yawning gives a short, sharp twinge."
451,455,"I get a sudden, sharp pain that starts at the temples and then spreads across my head. The light hurts and my stomach is upset. I've tried sleeping but it doesn't stop."
452,456,"Since a fall, turning my head is very stiff and there's a deep ache high in the neck. Looking over the shoulder feels blocked and uncomfortable."
453,457,For months my nose is blocked most days and I've barely noticed smells. There's a thick drip down the back of my throat and my face feels heavy after I bend forward.
454,458,A slight sore throat and a mild cough started after a day of commuting. I took some vitamin C and rested. The next day I felt back to normal.
455,459,"On the back of my thigh, a painful lump formed around a hair. It feels warm and tight. Warm compresses seem to help a bit, but sitting makes it throb."
456,460,"After landing on my side, lifting my arm out to the side gives a sharp catch near the top of the shoulder. Sleeping on that side is impossible and reaching into a cupboard throbs."
457,461,"My coworker left the office heating on high, and I touched the window frame. My forearm has a mild burn and some blisters."
458,462,"The outer edge of my foot is sore after a misstep. Pressing near the base of the little toe bone is very tender, and turning the foot inward is painful."
459,464,"A few smooth, pearly bumps showed up on the inner arm. They're not painful, just slightly itchy at times, and new ones appeared nearby over the last weeks."
460,465,"Deeply bending the ankle, like during a squat, gives a pinch at the front. Jogging downhill brings the same sharp catch that fades when I stop."
461,466,I'm in my thirties and already get short of breath on small hills. My cough is worse in the morning though I don't bring up much.
462,467,I've been noticing wheezing after I finish a light workout and it's been getting worse over time. I think I should get checked out.
463,468,"I keep having this throbbing pain that starts on the right side and then spreads. I feel like my ears are ringing and my vision gets dim. I think it's a migraine, but I'm not sure."
464,469,"Speed walking on a cambered road left a tight, sore spot on the outer hip. Longer strides make it pull, and lying on that side is bothersome."
465,470,"I developed a hoarse, brassy cough with a squeak when I breathe in quickly. Talking for long stretches makes my throat feel strained."
466,471,"After lifting a heavy box, I felt a sudden pinch in the mid‑back. Since then, standing straight is uncomfortable and I prefer to support myself with my hands on my thighs to get up."
467,472,"My legs are covered in itchy, raised bumps that popped up after a cold. I've been scratching so much that the skin looks raw. It started about 12 hours ago."
468,473,"Before the rash, I had a deep aching sensation on the right flank"
469,474,"After a weekend of deep cleaning with strong products, my hands turned red and felt raw, sensitive to water. Wearing gloves helps, but the skin still feels tight and rough."
470,475,"After a lot of stairs, pushing off the big toe gives a tug along the inside of the ankle. Standing on tiptoes feels weak on that side."
471,476,"There's a persistent, expanding ache in my thigh that bothers me at night. Running is out of the question and even stairs make it throb."
472,477,"I sometimes feel a sudden pressure behind my eyes, and then a sharp pain that lasts a few hours. I get nauseated, and my whole body feels tired. It seems to happen after long workdays."
473,478,"My vision blurs when I stare at my phone for too long, and I feel my hands tingling. I've lost a few kilograms without trying."
474,479,"After a day in a crowded office with a lingering cough, my chest feels tight and I get brief bursts of wheeze. I'm keeping activities gentle and focusing on slow breaths."
475,480,"I felt a tickle in my throat and started sneezing, accompanied by a clear nasal drip. I had a slight ache in my neck and a low-grade temperature. I considered it a mild viral infection and didn't get examined."
476,481,"I get a dull ache that becomes a throbbing pain and then I feel nauseated. I notice my skin tingling before the pain. I've never had this before, so I'm worried."
477,482,"Pulling the big toe upward is sore on the top of the foot, and lacing shoes tightly makes it ache. A brisk walk brings it back."
478,483,Standing for a while brings a small ache across the top middle of my foot. Pushing off the forefoot is uncomfortable in stiff shoes.
479,484,"Pushing a heavy door made my shoulder feel like it slid backward for a second. Since then, pressing movements feel unsteady and I'm nervous reaching forward at shoulder height."
480,485,A quick side step gave me a pulling pain along the inner thigh toward the knee. Crossing my legs to sit sets off a dull ache.
481,486,"After moving boxes, bending the elbow feels tender deep in the front of the upper arm. Holding a heavy mug brings a steady ache."
482,487,My whole body has become a rash of welts. The itching is so severe I can't sleep. It started after a flu shot a week ago.
483,488,"My head aches every morning, especially on my right side, and it's worse when I stare at screens. I have this feeling of pins and needles in my arm and fingers, like a tingling aura. I used to think it was just a headache, but it's been happening for months."
484,489,I increased speed work and developed a pinpoint ache on the top‑middle of my foot. It hurts with hopping and feels tender when I press the area.
485,490,There's a tender spot under the ball of my foot beneath the second toe. It feels like the toe wants to drift and pushing off is uncomfortable.
486,491,"After a fall off my bike, there's a deep ache at the base of my thumb. Pressing in the hollow between the tendons is sore, and twisting a jar lid sends a jolt of pain."
487,492,"After seeming to improve, I'm now having thicker cough and a new wave of fatigue. Breathing deep pinches under the ribs on one side, and I'm back to lying down most of the afternoon."
488,493,There's a little snap on the inner side of the knee when I bend and straighten. Longer walks make it feel irritated along a thin band.
489,494,"After a day out, my throat felt scratchy, and my nose started to drip. I thought it was just a mild cold, so I rested the rest of the day."
490,495,I banged my knee on a stair edge; now there's swelling at the front and it hurts to bend. Going down stairs is sharp and I keep the knee straight when I sit.
491,496,My teenager complains of mid‑back ache after sitting long in class. Bending forward shows a hunched area that feels stiff to straighten.
492,497,"While doing DIY, I placed a hot mug on my arm. The area has a small blister and intense pain."
493,498,Brownish patches have developed over my cheeks and the bridge of my nose. They're more obvious after sun exposure and look like a mask across the face.
494,499,I sometimes feel chest tightness after climbing a flight of stairs. I think it's just being out of shape. I've been ignoring any medical appointments.
495,500,"My child pauses mid‑sentence and stares for a few seconds, then continues as if nothing happened. Teachers say it happens multiple times a day."
496,501,A sideways jam during ball practice made the side of the middle joint tender. Gripping a pen tightly makes it ache on that side.
497,502,"I experienced a rash on my wrist after using a new lotion. The spots are itchy and raised, and they spread across my forearm. I stopped using the lotion, but the rash persisted. I'm not sure if it was the lotion."
498,503,"The ache in my right ear started after my child got a cold. It's a dull pain, and my hearing is off. I have a slight fever."
499,504,A sideways knock made the inside of my knee sore. Pushing the knees together hurts and I'm cautious on uneven ground.
500,505,"After exercising, I feel a tingling in my feet. My vision blurs when I stare at the computer screen for too long."
501,506,"After a cold, my ear has been aching and I hear a low hum. I have a mild fever."
502,507,"After a sudden stop in the car, the center of my chest is sore and pressing on the breastbone hurts. Taking a deep breath gives a tight, sharp feeling."
503,508,I feel constantly tired and can't concentrate on my homework. I notice my hair looks dull and my skin pale. I get dizzy after standing too long. I think it's just the winter blues.
504,509,"During a camping trip, a campfire accidentally flared onto my neck. The area is pink, mildly swollen, and a tiny blister is visible."
505,510,"I experienced a mild cough and a runny nose over the weekend. I took vitamin C and a hot shower, and the next morning I felt fine."
506,511,I woke up with itchy red welts all over my arms and chest. They're tiny bumps that feel like a thousand needles. I noticed them after eating sushi yesterday.
507,512,Mid‑shin pain started as a dull ache and now pinpoints to one spot that hurts with each stride. Hopping on that leg is uncomfortable even once.
508,513,"I had a runny nose all week, and then suddenly I couldn't catch my breath while brushing my teeth. It felt like my lungs were constricting."
509,514,"My chest feels tight at night and I have a wheezing sound while breathing out, but I thought it was just the bedroom fan."
510,515,"For a minute or two I stare and fiddle with my shirt without realizing it, then I'm a bit confused afterward. I can't recall what people said to me during it."
511,516,I feel weak and tired after a light meal. My skin is paler. My fingers feel numb. I think it might be dehydration.
512,517,"I get a sudden pressure in my chest that appears during meetings. It lasts for a few minutes and disappears on its own, but it's a bit unsettling."
513,518,"There's a throbbing pain in my right ear, and I feel a sense of fullness. I have a low-grade fever and a sore throat. It began after a cold."
514,519,I have been feeling fatigued and my vision has become slightly blurred at times. I also feel a tightness behind my eyes during stressful periods.
515,520,"Out of the blue, a sharp pain on one side of my chest worsens when I take a deep breath. Walking to the kitchen leaves me unusually breathless."
516,521,"Climbing stairs, the front of my thigh aches and feels tight when I try to speed up. Squatting to pick something up brings a dull, pulling sensation."
517,522,I felt a sore throat and a bit of congestion the morning after a trip to the coast. I rested and stayed away from the office.
518,523,I experience a slight tightness in my throat that comes on when I am tired. I've been unaware that this could be part of a larger issue.
519,524,Jumping drills cause a sting right at the lower edge of the kneecap. Stairs and squats make it ache and I rub the spot often after training.
520,525,"Small, dome-shaped bumps with a little dip in the center appeared on my child's abdomen. They don't seem to hurt but my child picks at them when itchy."
521,526,Raising my arm to the side is harder and there's a numb patch over the outer shoulder. Reaching for a high shelf makes it feel weak and shaky.
522,527,I felt tingling at the corner of my lip and then grouped blisters appeared. The area is sore and tight when I smile or eat. I'm dabbing it gently and keeping the skin clean.
523,528,I noticed my throat was irritated and my nose was congested after an evening out. I developed a slight fever and a cough that lasted for two days. I assumed it was a minor cold and waited for it to subside.
524,529,"When I hold a cup or try to write, my hands shake slightly. At rest it's hardly noticeable, but pouring water makes the tremor obvious."
525,530,I've noticed that my bladder is very active and I'm more thirsty. I feel weak and my feet sometimes tingly. The doctor suggested I check my blood sugar.
526,531,"I've been feeling unusually thirsty all the time, even after drinking water. I also notice I need to go to the bathroom more often, especially at night. I thought it was just stress, but my doctor said I might have a new health issue."
527,532,"After an intense workout in the heat, my thighs feel severely sore and weak, far beyond normal post‑exercise aches. I'm unusually fatigued and short walks make my legs tremble."
528,533,I noticed a pressure in my left ear and a ringing noise. I've had a mild fever and sore throat for two days. My vision feels blurred.
529,534,Rotating my forearm to turn a key makes the little‑finger side of the wrist ache. Carrying a bag with the palm down feels uncomfortable and weak.
530,535,"After a twist and load to the knee, I felt a deep ache along the upper shin. Weight‑bearing feels unsteady, and the knee looks puffy on the outside."
531,536,"I keep feeling an unusual pressure in my chest, especially when I run. I told my coach it's just fatigue. My family has never had any heart issues."
532,537,I've started acting out dreams—talking and flailing my arms in sleep. I once knocked the bedside lamp without waking fully and felt sore in the morning.
533,538,"Opening my mouth to yawn makes a click near the ear, and sometimes it catches for a second before releasing. Chewing tougher foods leaves it achy."
534,539,Every morning I wake up with a sharp pain in my chest that radiates to my arm. I often feel light‑headed and my vision is blurry at times. It's been a constant nagging feeling that I just can't seem to shake.
535,540,Walking on uneven paths makes the heel feel wobbly and achy side‑to‑side. Slanted pavements bring a quick sore shift under the ankle.
536,541,Carrying a bag on one shoulder left the side of my neck tight. Tilting my head to that side gives a pulling pain toward the collarbone.
537,542,I start feeling a sharp pain behind my eyes when I look at the bright office lights. It feels like a drumbeat and I can't concentrate.
538,543,I feel faint and my skin turns pale when I stand up. I get shortness of breath when walking. My heart beats fast. I think it's anxiety.
539,544,I have a buzzing sound and pain in my left ear. The pain increases when I eat. I had a recent upper respiratory infection.
540,545,"I slipped on wet tiles and landed on my hand. Since then my wrist is swollen, tender on the thumb side, and I can't grip a mug without a sharp ache. Turning a door handle makes it throb."
541,546,"I notice my hands feel numb, and I get headaches often. My vision blurs after a while of reading."
542,547,My father's face swelled on one side—very red and warm—with a general unwell feeling. A fever seemed to be starting at the same time.
543,548,Twisting a screwdriver brings a pinpoint ache on the outer elbow. Straightening the arm fully after typing for a while feels stiff and clicky.
544,549,"I keep catching colds more often, and my cuts take longer to heal than they used to. I also notice that my eyes seem a little foggy, especially when I drive at night."
545,550,"My vision is hazy sometimes, especially when I read. I also feel tired and weak during the day."
546,551,"There's a vague ache inside the knee with occasional catching when I straighten it after sitting. Going downstairs gives a dull, familiar twinge."
547,552,"I get a sharp pain in my forehead that starts before sunrise. The pain flares up if I'm not moving, and I feel like I should see a professional."
548,553,"During my hike yesterday, I forgot to apply sunscreen. I felt a burning sensation on my shoulders, and my skin turned bright red."
549,554,"With arms overhead, my hand tingles and my forearm feels heavy. Lowering the arms eases it, but carrying a backpack brings the symptoms back."
550,555,A wide side‑lunge gave me a deep tug along the inner thigh toward the back. Crossing my legs to sit makes it complain for a moment.
551,556,"I feel a persistent pressure in my temples, especially after a stressful presentation. I assumed it was stress. I have not had a medical appointment in 8 years."
552,557,"Landing awkwardly off a curb caused sharp pain deep in the ankle. Pointing the foot down or up hurts, and it feels jammed when I try to walk."
553,558,My 6‑year‑old is sniffling every few minutes and sneezing in bursts. At night she wakes up because her throat stings and she asks for water. We're doing saline rinses and avoiding late outings.
554,559,"On uneven ground, the outer back of my ankle aches and feels a bit unstable. Side‑to‑side movements make a brief, sore shift under the heel."
555,560,"During workouts, I start to feel like my chest is being squeezed, and I can't finish the set because I can't breathe."
556,561,"After my birthday, I felt a racing heart and headaches. I didn't think it was serious, but it lingered. My doctor recommended checking my blood pressure."
557,562,"My right temple hurts after a big dinner. I feel nauseous and my vision flickers, and I have not consulted a specialist yet."
558,563,"After a crowded party, I felt a little cough and congestion. I didn't realize it was a cold until my partner suggested it."
559,564,"I have a persistent feeling of tightness in my throat and a mild chest discomfort. It doesn't hurt, but it feels constant."
560,565,"When I stand up from the sofa, I feel woozy and need a second to steady myself. If I stay still, it settles, but long lines make me faint‑feeling."
561,566,"I've had painful sores in the mouth that make it hard to eat, and fragile blisters on my chest that seem to break into raw patches. Even gentle friction makes the skin peel."
562,567,"Mornings start with several coughs to clear thick sputum. If I skip it, I feel rattly and short of breath on the stairs later."
563,568,"I thought my fatigue was due to the flu, but it's been persistent. My skin looks pale and I feel weak during simple chores."
564,569,My left temple hurts after a big flight. It worsens when I read. My eyes feel strained and my ears ring after it passes.
565,570,Sleeping on my side left a sore spot at the back of the shoulder. Turning the forearm outward against light resistance gives a precise sting.
566,571,"After a movie in a very dry theater, my throat felt irritated and I began coughing."
567,572,A tender point over the back rim of my pelvis sends a stripe of burning toward the upper buttock when I lean back. Pressing the spot reproduces it.
568,573,"After a concert I felt a pulling sensation in my throat, and since then I can't hold a note. I cough without phlegm, especially late in the day. I'm sticking to voice rest and herbal teas."
569,574,"Taking a long kick, I felt a stab at the front of the thigh. Lifting the knee while straightening the leg is uncomfortable and I've shortened my stride."
570,575,In the evening I get an irresistible urge to move my legs with a creepy-crawly sensation deep inside. Walking around the room helps for a while.
571,576,"After a sideways slip at home, the outer hip is very sore to touch and I can't lie on that side. Lifting the leg sideways makes the pain spike."
572,577,"I often have trouble concentrating at work, and I get headaches when I read for long periods. I've been feeling weak and out of breath."
573,578,"After a long week, I feel exhausted and can't keep up with my kids. My gums bleed more often than usual. I get a strange tingling sensation in my fingers. I assumed it was just a bad cold."
574,579,"After a deep squat I felt a sudden tug inside the knee, and now it aches at the back-inner corner. It clicks and feels heavy after sitting."
575,580,"I noticed sharply outlined pale patches on the backs of my hands and around the mouth. They look different from the rest of my skin, especially in the sun."
576,581,I feel exhausted and my breathing is shallow. My skin looks pale. My vision is blurry. I think it's fatigue from work.
577,582,"I was washing my car with hot water, and it splashed on my arm. The spot is bright red and has a tiny blister that's painful."
578,583,"Every time I feel a sudden pressure behind my eyes, I get a throbbing pain that lasts for hours. I notice my vision flicker. I'm not sure what's causing it."
579,584,The hives across my legs are painful and itchy. They're the same size and look like a pattern. I suspect it's triggered by the heat and a new deodorant.
580,585,Pivoting while standing gave me a deep pinch under the buttock. Turning my toes outward while weight‑bearing feels tight and sore.
581,586,I noticed that the migraine came on right after I had my coffee and it made me vomit once. The ache started in the back of my head and radiated to my neck.
582,587,"In the morning my nostrils are really blocked and I have a pain between the eyes. When I walk quickly it feels like it resonates in my cheekbones. I'm cutting back on coffee, drinking water, and trying nasal washes."
583,588,"Changing direction on the pitch gave me a pinch in the inner thigh. Side‑steps and crossing my legs make it ache, and it's sore to press along the groin."
584,589,"A sharp, zapping pain shoots from just above my eyebrow to the forehead when I press my glasses frame. It settles, then returns with certain movements."
585,590,"Long after a shingles rash faded on my chest, a stripe of skin still burns to light touch and clothing irritates it. The ache flares at night."
586,591,My pet cat knocked over a bottle of hot water on the counter. The spill left a small burn on my elbow.
587,592,My whole body has a red rash that feels like a thousand tiny bumps. It began after I ate grilled chicken. The itching is intense but not burning.
588,593,Turning suddenly while walking gave a sharp catch deep in the groin. Long strides or pivoting make it feel like it might catch again.
589,594,"I feel a pulsing pain behind my eyes, and when I turn on the lights, it hurts even more. The pain is so intense that I can barely eat or speak. I've tried over‑the‑counter painkillers but nothing works."
590,595,Every few weeks I get a spreading tingling in my right hand that climbs to the forearm over seconds. I stay fully aware but the sensation is odd and then it fades.
591,596,"I've had a nagging ache in the upper arm that flares with lifting. At rest it eases, but carrying groceries brings back a deep, localized soreness."
592,597,Breathing in cold air on morning walks triggers a brief cough that settles once I'm indoors. Covering my mouth with a scarf helps.
593,598,A rash of raised bumps covered my legs. They come on fast and fade within a day. I only realized it after a dental appointment two days ago.
594,599,Turning my head to check the mirror gives a sharp catch on one side of my neck. Holding the same posture at the desk makes it ache until I move around.
595,600,I notice my skin is pale and I get headaches during work. I feel weak during lunch break. My breath feels shallow. I thought it was just the office environment.
596,601,Turning my palm up to take a plate brings a precise sting near the outside of the elbow. Leaning through that arm to get up from a chair feels unsafe.
597,602,"After a flu that lasted two weeks, I noticed I'm short of breath even after walking a few blocks. I don't know if it's related to the flu."
598,603,I'm dealing with a sudden rash that's painful to touch. The bumps feel like small bruises and they're itchy. I suspect it's triggered by a new soap I started using.
599,604,A light congestion and a sore throat started the evening after a long workday. I didn't get a doctor's visit; I just used an over-the-counter cold remedy and slept.
600,606,I've been experiencing constant thirst and frequent nighttime urination. I'm also losing weight unintentionally. My doctor is concerned this may be a type‑2 diabetes diagnosis.
601,607,"While cleaning the bathroom, a hot mop splashed onto my knee. The area is pink and tender with a faint blister."
602,608,"After my pregnancy I feel weak all the time, and my doctor told me my blood count was low. I keep missing my lunch because I'm too tired."
603,609,"I experience a dull ache after a long drive. The pain gets stronger when I'm in bright light, and my stomach feels upset."
604,610,I often feel a pressure in my chest and a sudden sharp pain that starts in my upper back. The pain comes on with no warning and usually subsides after a few minutes. I never realized it could be related to my health.
605,611,"Late dinners make me wake with a sour taste and a cough that won't settle. Propping myself up helps, but the tickle returns when I lie flat."
606,612,"While washing dishes, hot water splashed my wrist. I now have a painful, itchy area."
607,613,"After hill sprints, lifting my knee toward my chest is stiff and tuggy. Getting out of the car or high steps brings a sharp catch deep in the front of the hip."
608,614,"After crossing my legs for a while, lifting my foot feels weak and the outside of my shin is tingly. My toes sometimes slap the ground when I walk fast."
609,615,"I had a mild fever and a slight headache, along with a runny nose. I stayed home and rested, and by evening I felt better."
610,616,Persistent redness on the central face comes with occasional pimples and visible tiny vessels on the nose. Spicy meals and wine seem to set it off.
611,617,"I have a pressure sensation in my left ear, like it won't equalize. In the evening it pulses a bit with my congested nose. I'm avoiding earbuds and doing gentle steam inhalations."
612,618,My left side hurts after a big dinner. I feel nauseous and my vision flickers. I have never had this before.
613,619,"I have been feeling light-headed most days, especially when I stand up quickly. I also notice a strange ringing in my ears that comes on suddenly."
614,620,"On my lower back there's a round patch that always returns in the same spot—dry with a whitish, flaky surface. The waistband rubs and makes it more irritated."
615,621,"One evening, I woke up gasping and had to sit up to breathe; I think it's something about my lungs."
616,622,"During a sprint I felt a quick pull high in the back of my thigh. Since then it's sore when I lengthen my stride, and getting up from a low chair makes it twinge."
617,623,"Pushing against a wall, my shoulder blade sticks out more on one side and the arm tires quickly overhead. Carrying groceries at arm's length feels weak."
618,624,"I notice I'm always tired, even after sleeping well. I have to drink more water and still feel weak. My head hurts sometimes, and I feel like I can't focus. I think it's just lack of sleep."
619,626,"Holding a weight overhead feels shaky inside the shoulder. Fast throwing drills give a click and a deep, tired ache afterward."
620,627,"In the evening, raised welts appear on my chest and then fade within hours. The itch is intense at first; by morning there's nothing left."
621,628,"After gardening, straightening up from a crouch leaves a long, sore stripe along the mid‑back. Reaching forward makes it pull again."
622,629,I was playing soccer and suddenly felt intense pain in my ear. I tried to swallow and the pain got worse.
623,630,I have been feeling a constant pressure behind my eyes and a throbbing headache that never goes away. The sensation is like a tight band around my head and it gets worse if I sit for too long. I never thought this could be related to my health.
624,631,"I noticed a mild fever and a light cough after a day at the gym. I took some painkillers and rested. By evening, my symptoms had faded."
625,633,"I feel weak and dizzy when I stand up, and I get headaches frequently. My skin is paler than usual."
626,634,"Standing on one leg to put on trousers makes the side of my hip ache. Longer walks bring a dull, tired feeling on that side that eases with rest."
627,635,"My hearing is muffled, and I can't hear my voice properly. I also have a slight headache."
628,636,"During a barbecue, a bottle of hot sauce landed on my back. It's a bright pink patch with a small blister; the pain is sharp but not unbearable."
629,637,"My kid accidentally touched a hot candle. The skin on my arm is red, tender, and a small blister is forming near the wrist."
630,638,"Crossing my legs gives a deep catch in the groin for a second, then it settles. Long car rides make the hip feel stiff and I stretch when I get out."
631,639,"Small blisters keep appearing and then slough off, leaving shallow, weeping areas on the shoulders. My gums and cheeks are also sore when I brush my teeth."
632,640,"After a weekend of pulling weeds, I feel a deep tug at the back‑outer armpit when I reach forward. Lifting a grocery bag with the arm slightly inward gives a sharp pull."
633,641,I've been scratching a rash on my thighs that's both itchy and painful. The welts look raised and reddish. The hives appeared after a heat‑wave.
634,642,I pushed off hard at the start of a run and felt a sharp tug in the inner calf. Now it's tender to squeeze and walking uphill makes it tighten quickly.
635,643,I twisted my foot stepping off a curb; the outer edge is painful right where the little toe meets the foot. Pushing off while walking gives a sharp twinge.
636,644,Reaching to the side while lifting a box caused a sharp tug along the ribs. Twisting to look behind me brings a brief sting on that side.
637,645,I woke up with the left side of my face not moving properly. Smiling looks uneven and my eye on that side doesn't close fully when I blink.
638,646,I have a rough little bump on the side of my finger with black pinpoints. It catches on fabric and looks thicker than the surrounding skin.
639,647,Rolling over in bed triggers a brief burst of spinning that settles after a minute. Looking up quickly or tilting my head back sets it off again.
640,648,"A sudden, stabbing pain shoots from the base of my skull up to the scalp on one side, like a zapping line. Touching the area where the neck meets the head feels tender."
641,649,My nose stays blocked and there's a constant drip down my throat. I clear my throat all day and a dry cough shows up when I lie down.
642,650,"Since last month I've lost a few pounds without trying to diet. I'm always hungry, even after a full meal. My doctor told me it could be due to a problem with how my body uses sugar."
643,651,Falling onto my back left a deep ache around the shoulder blade. Reaching overhead or taking a deep breath makes it throb.
644,652,"After a long train ride my right eye turned red, sensitive to the wind. It stings slightly and waters clear. I'm doing eye washes and cutting down on screens in the evening."
645,653,"I have a constant dull ache on the right side of my skull, and I notice my vision flickers when it starts. I feel like my whole body shakes slightly. I have never seen a doctor for this, and I don't know if it's something serious."
646,654,"The pain in my left ear is persistent and throbbing, and it hurts when I move my head. I had a flu last month, and the ear pain started soon after. I'm slightly feverish."
647,655,"When I take longer steps, there's a small pinch at the side of the hip. Standing on that leg alone feels wobbly and tires quickly."
648,656,"Around the ankles I have smooth, slightly violaceous bumps that itch; sock friction seems to make them worse."
649,657,I've been experiencing fatigue and shortness of breath after walking a short distance. My hands feel cold.
650,658,I've noticed a tightness in my chest and a sensation of pressure that comes on after working long hours. It's not painful but it is uncomfortable.
651,659,"After a bad sore throat, many tiny red spots appeared on my chest and back, slightly scaly to the touch. They itch mildly, more in the evening."
652,660,"On chilly runs I start wheezing a few minutes in and have to slow to a walk. Once I warm up it eases, but sprints bring it back."
653,661,"Every time I feel a tickle in my throat, I get coughing and a tight feeling in my chest. I don't know what's causing it."
654,662,"I punched a padded bag and now the knuckle of my little finger looks flatter. Making a fist hurts, and pressing on the outer hand is very sore."
655,664,My eyes feel gritty and my skin looks pale after a long day. I get shortness of breath when I walk up stairs. I keep feeling faint in the afternoons. I assumed it was a seasonal allergy.
656,665,"Pushing off for a quick start, I felt a pop in the calf like someone kicked me. Now it's tender to squeeze and walking uphill makes it throb."
657,666,There's a small spot at the back of my pelvis that nags when I stand on one leg. Rolling in bed or getting out of the car makes it pinch.
658,667,"The pain in my right ear is persistent and throbbing. I had a sore throat yesterday, and the ear pain started the next morning. My vision is a bit blurry."
659,668,"During my last visit to the chiropractor, the nurse measured my blood pressure and it was high. I had no complaints. My father had heart disease."
660,669,"I get a cough and feel my chest tighten after a short walk, especially in the evening. I've assumed it's due to my allergies."
661,670,"I was cooking a stew and a ladle tipped onto my hand. The skin is reddish, slightly swollen, and there is a tiny blister."
662,671,There's a nagging ache at the back of my pelvis that shows up when I stand on one leg. Getting out of the car makes it pinch for a moment.
663,672,I've been feeling like my head is heavy and I get headaches that seem to come out of nowhere. My chest sometimes feels tight when I'm anxious.
664,673,I have difficulty concentrating and feel exhausted. My nails are brittle and I get dizzy if I stand too long.
665,674,Going downstairs makes the front of my knee feel grindy. Sitting through a meeting leaves it stiff until I move a bit.
666,675,"I have a sharp ache that starts after a stressful day. My vision becomes fuzzy and my ears ring, and the pain intensifies if I'm near bright lights."
667,676,"I have a sharp, throbbing pain that starts at the back of my head and then moves forward. I see flashes of light, and I feel nauseated. It's been happening more often lately."
668,677,"After a day in the office, I noticed a mild sore throat and a light cough. I didn't get an actual diagnosis, just a sense that I had a cold."
669,678,I've been feeling constantly tired and dizzy. My hands feel cold and I get shortness of breath during light activity.
670,679,My son touched the stove top while cooking; his forearm is blistered and painful.
671,680,"After the flu, my breathing felt uneven and I had to pause frequently to catch my breath."
672,681,I feel lightheaded and my skin has turned pale. I get dizzy after standing for a long time. My heart beats fast when I get up. I decided to ignore it as it's probably just tiredness.
673,682,"During a workout, I used a towel that was heated in the dryer. My wrist feels sore and hot."
674,683,"At the temple, a slow‑growing spot looks pink and slightly translucent. It doesn't heal completely and forms a thin scab that returns."
675,684,I started feeling more tired after my last lunch. I didn't notice it until I realized my blood pressure is high. I've never had a doctor's appointment in over a decade.
676,685,"A sharp, narrow line of pain wraps around one side of my chest and catches with a deep breath. Twisting my torso brings it on briefly like a sting."
677,686,"During a family gathering, a cup of hot tea was knocked onto my knee. The area feels hot, with a small blister that is tender to the touch."
678,687,"Within a few days, numerous small ‘droplet‑like' lesions showed up on my abdomen and arms. Not big plaques—just lots of little spots that flake a bit."
679,688,I slipped and caught myself awkwardly; now the area just above my elbow aches and swells. Straightening the arm fully is painful and it feels weak lifting a kettle.
680,689,A light touch on my cheek or brushing my teeth can spark a sudden electric jolt along the jaw. It's brief but makes me freeze in place when it hits.
681,690,I stubbed my big toe hard on a table leg. It's swollen at the base and bending it under the foot sends a sharp sting. Shoes feel tight.
682,691,My throat was scratchy and my nose was congested after a weekend visit to a friend's house. I stayed home and it cleared up quickly.
683,692,Catching my thumb sideways left the outer side of the base joint sore. Using a key or snapping a lid hurts right along that edge.
684,693,"During my last workout I felt shortness of breath after only a few minutes. It wasn't because of the gym, but the air feels heavy. I thought I had a cold."
685,694,I'm losing weight even though I'm eating normally. I also have increased hunger. My doctor said this could be related to my blood glucose.
686,695,"During stressful periods my scalp builds thick dandruff, and the frontal hairline gets red. Anti‑dandruff shampoos calm it down, but it flares again a few weeks later."
687,696,"Twisting a jar lid brings a small grindy pain on the outside of my elbow. After typing, straightening the arm clicks and feels stiff for a minute."
688,697,"After crossing my legs, the outer shin goes numb in a patch and prickles when I stand. Jogging brings a faint burning along the top of the foot."
689,698,"I experienced a mild fever, a runny nose, and a sore throat after a weekend hiking trip. I rested at home and it cleared up quickly."
690,699,Catching a fall on my hand left the base of my thumb tender and puffy. Pinching to open a bottle is painful and the thumb feels weak.
691,700,"I was feeling slightly under the weather after a late night at the office, with a runny nose and a cough. I decided to sleep in."
692,701,The hives are mainly on my face and neck. They're itchy and look like a fine pattern of spots. I have a low grade fever and feel a little light‑headed.
693,702,"I developed a rash on my face after a workout. The spots are itchy, raised, and feel uncomfortable. I've not noticed any new triggers. I wonder if it's related to sweat."
694,703,"My left side of the head hurts when I watch TV in the evening, and the pain increases if I'm not moving. I also have a feeling that my eyes are watering during the attack."
695,704,"I experience a sharp ache that begins after a big dinner. The pain spreads across my head and I feel nauseous, and I noticed the light makes it worse."
696,705,I notice my hair seems thinner and I have more headaches than before. I get shortness of breath during normal daily tasks. My vision feels a bit blurry at times. I have been ignoring it because I'm busy with work.
697,706,I feel a pressure behind my ear and a faint buzzing noise. I think it's a cold.
698,707,"There is a throbbing pain behind my left ear, especially when I tilt my head. I had a sore throat a few days ago. I also feel a slight dizziness."
699,708,There's a small aching spot at the base of the thumb toward the wrist. Pinching or pressing down on a jar lid makes it throb afterward.
700,709,"A band of small blisters developed on one side of my torso with a burning, electric pain underneath. Clothing brushing against it is uncomfortable."
701,710,"Over the last two weeks, a persistent itch has spread to the waistline and wrists. I notice little burrow-like marks and tiny bumps that keep me awake."
702,711,I have an itchy rash that spreads across my back. It started when I wore a new shirt. I think the fabric is irritating my skin.
703,712,"I get a throbbing pain after a big meal. The pain goes across my head, and I feel my vision flicker, and my hands feel like they're tingling."
704,713,"I woke up with a minor congestion and a dry cough. I thought it was just a cold and took a warm shower. By evening, I was fine."
705,714,I get a faint pressure in my chest that I notice after I finish a long presentation. The pressure is subtle but bothersome.
706,715,"My 4‑year‑old woke up crying, holding his right ear. His nose was blocked all week. He says it hurts when he swallows and it buzzes. We're checking his temperature and keeping things calm."
707,716,"After a cold sore a week ago, round target‑like spots appeared on the backs of my hands and feet. They have darker centers and lighter rings, and feel slightly itchy."
708,717,"Before a bad headache, my right arm feels heavy and clumsy for about fifteen minutes, and words come out slowly. Then the head pain builds."
709,718,"After a week of a cold, I've got pain under the right eye and bad breath in the morning. When I bend to tie my shoes, it pulls. I'm using a pharmacy nasal spray."
710,719,"I wake unrefreshed and doze off after lunch. My partner says I snore and sometimes pause then gasp, and morning headaches are common."
711,720,"Out of nowhere at night, a stabbing pain drills behind one eye. That eye waters and my nostril on that side feels blocked. It lasts less than an hour but it's intense."
712,721,"While washing the dishes, hot water splashed on my ankle. The area is red and tender, with a small blister that looks like a clear bubble."
713,722,"Every time I take a deep breath, I hear a high-pitched whistling sound that makes me feel uneasy."
714,723,Rolling over in bed or standing on one leg gives a tug deep in the groin. Longer walks make the front of my pelvis ache.
715,724,Pointing my toes down gives a pinch at the back of the ankle. Quick changes of direction make it complain for a few minutes.
716,725,"A deep, dry cough leaves me short of breath after a few steps. I prefer to sit propped up because lying flat feels heavy on my chest."
717,726,Taking a deep breath gives a thin ache between the shoulder blade and spine. Reaching forward to grab a seatbelt makes it pull.
718,727,"It started like a simple runny nose, then a pressure in my forehead when I bend over. One cheek is tender, and my head throbs in the afternoon. I rinse my nose and take a steamy shower, which helps a bit."
719,728,"Standing for a while brings burning and tingling along the inner ankle and into the sole. Taking the weight off eases it, but walking far makes it flare again."
720,729,"Bending the middle knuckle backward during a catch left it puffy and sore. Pushing the finger into a straight, locked position gives a sharp sting."
721,730,"I have a persistent feeling of thirst, especially after meals. I also lose weight without trying."
722,731,"I get sudden, brief jerks in my arms like a startle, even when I'm relaxed. Holding a cup still can be tricky and I sometimes spill a little without warning."
723,732,I missed a step and caught myself awkwardly. My upper arm hurts near the shoulder and any attempt to raise it makes the ache deepen. It's bruising down toward the elbow.
724,733,I get winded climbing a few steps and feel better sitting propped on pillows. Lying on one side makes my breathing feel heavy.
725,734,"After a low fall, I feel a deep groin ache when I walk. Turning in bed is awkward and stepping wide makes a sharp tugging pain near the pelvic bone."
726,735,Chewing or touching in front of my ear gives a brief electric sting that radiates to my temple. It's short but makes me pause mid‑bite.
727,736,"Out of nowhere, I felt a sharp pain on one side of my chest that worsens when I take a deep breath. Walking across the room makes me unusually breathless."
728,737,"I noticed a rash on my hands after brushing my teeth. The marks are raised and itchy, and they keep showing up on my forearms as well. There's no rash after eating any particular food. I've been scratching them non-stop."
729,738,"After overhead work, raising my arm sideways gives a dull ache on the top‑outer shoulder. Reaching into a high cupboard makes it sting."
730,739,I have a cough that starts in the middle of the night and keeps me awake; it's always at the same time.
731,740,"Several times a day, the muscles around my left eye start twitching on their own and the corner of my mouth tightens briefly. It's worse when I'm tired and hard to stop once it starts."
732,741,I blocked a fall with my forearm and now there's a very specific sore spot along the little‑finger side of the forearm. Twisting a doorknob stings.
733,743,"I keep getting this throbbing pain in my head that starts on the left side and then spreads across, and it feels like a drumbeat. I also get nauseated and can't stand bright lights. I thought it was a bad sinus infection, but it keeps coming back."
734,744,"I was in the kitchen, and a hot pan slipped onto my hand. It's swollen and the skin is blistered; it hurts every time I move my fingers."
735,745,"I've noticed that my cuts take longer to heal, and my gums are bleeding more often. I also get thirsty after even a small snack."
736,746,"A hard seat‑belt stop left the upper chest sore at the midline. Pressing there or taking a deep breath gives a tight, sharp pain for a moment."
737,747,"Changing direction on the pitch, I felt a pop and my knee wobbled. It swelled within an hour and now it feels unstable when I try to turn."
738,748,"My headache starts before my breakfast, it's a pressure across the whole skull, and I feel nauseous. The pain gets worse when I'm at work."
739,749,I have had a buzzing noise and mild pain in my right ear for a week. The pain increases with head movement. My child and I both had a cold last month.
740,750,"I clear my throat all day with a tickle that's worse when I lie down. A warm drink helps briefly, then the urge to cough creeps back."
741,751,I've been feeling unusually tired even after a full night's sleep. My skin looks paler than usual and I get winded walking up stairs. I thought it was just stress.
742,752,Turning a key or rotating my forearm makes the wrist feel like it shifts near the little‑finger side. Lifting a pan with the palm down feels wobbly.
743,753,Sitting too long brings a sharp line of pain from the lower back through the buttock into the back of the leg. Coughing makes it spike for a second.
744,754,"When I reach overhead or behind, I feel a click and deep ache inside the shoulder. Holding a weight with the arm stretched out makes it feel unstable."
745,755,The middle of my wrist aches after gripping tasks and there's less snap when I twist open jars. Pressing the back of the wrist is tender in one spot.
746,756,"I feel weak during the day, and I get dizzy when I stand. I've had headaches and feel tired after a quick walk."
747,757,"At night our infant's breathing sounds rattly and he pauses to catch his breath after a minute of play. We're keeping him upright and offering smaller, frequent feeds."
748,758,"I changed laundry detergent and developed itchy plaques along the waistband and shoulders where clothing rubs. Going back to the old detergent calmed things a bit, but the irritation lingers."
749,759,A sudden pull during lifting gave me a sharp pain between the shoulder blades. Bending the neck forward or looking up makes it sting in one spot.
750,760,I've been having blurred vision after eating. I also feel unusually thirsty and my urination frequency is higher than normal. The doctor explained that this might be due to high blood sugar.
751,761,"I woke up with a sore throat and a watery nose. I also had a mild cough that got worse after breakfast. I thought I might have a viral infection, but I didn't see a doctor."
752,762,"I developed a rash on my upper back after taking a new antibiotic. The spots were itchy, red, and appeared all over my back. I'm not sure if I should keep taking the medication or not. The itching feels intense."
753,763,Rolling the ankle inward made the inner side swell. Pushing off the big‑toe side while walking brings a sore pull just above the inner ankle bone.
754,764,I have been scratching my back because of hives that spread over my whole torso. They appeared last night after I was out in the heat. I'm not sure if the sun caused it.
755,765,I've had this constant buzzing in my hands and feet that started a couple of months back. The pain sometimes wakes me up at night. My vision has become blurry whenever I read small print.
756,766,"I keep experiencing headaches and feel dizzy if I stand up too fast. My vision sometimes blurs, and I have to stop reading if I stare at a screen too long."
757,767,Chewing tougher foods makes the jaw joint click and ache near the ear. Yawning wide gives a brief catch and I prefer softer meals in the evening.
758,768,A band-like ache runs from my mid-back around to the front on one side. Laughing or coughing makes it spike along that same strip.
759,769,"A few circular lesions with a bull's‑eye look showed up on my palms and forearms. They're not very painful but feel tight, and more spots appeared over two days."
760,770,"Over the last couple of weeks, a single spot on my shin bone feels sore and slightly warmer than the other side. I'm more tired than usual and the ache lingers even at rest."
761,771,Typing and lifting a laptop all day left the inner forearm tight and sore. Gripping a pan or squeezing a sponge gives a pulling discomfort.
762,772,I have a history of smoking and now I feel chest pressure when walking up the stairs. I didn't link it to my former habit. My mother had hypertension.
763,773,"During a recent hike, I felt a sudden tightness in my chest and I had to stop, feeling out of breath. I thought it was just fatigue."
764,774,I feel a dull ache that suddenly becomes a throbbing pain. I notice flashing lights and feel nauseated. It seems to happen after stressful days.
765,775,"I have a throbbing pain that starts on one side and then spreads, making it hard to stay still. My vision flickers and I feel nauseated. It has been happening every week."
766,776,By late day my knee feels puffy and harder to bend fully. Squatting is limited and I notice a soft fullness above the kneecap.
767,777,"After landing on my shoulder, there's a sore bump on the top of it. Reaching across my body or lifting a bag makes a sharp twinge right at that spot."
768,778,"I was hiking with a pack, and my back got heated by the sun. The skin is red and feels sore."
769,779,"My chest feels heavy and I get a whistling sound whenever I exhale, but I assume it's because I'm tired from work."
770,780,I started feeling a persistent pressure behind my eyes. I thought it was eye strain from the computer. My sister told me it might be high blood pressure.
771,781,"My hands have been feeling numb, and I've had a headache. I find myself getting up at night more often to pee."
772,782,"Each winter my wrists and neck get rough with small, itchy patches. After a hot shower it stings and reddens. Switching to a gentle cleanser and a thick emollient helps for a while, but the patches come back when I sweat."
773,783,"I was told I had high blood pressure after a routine exam, but I've always lived a normal life. My only symptoms were frequent headaches and a feeling of heaviness in my neck."
774,784,I was boiling water for soup and didn't notice the steam; a hot splash landed on my arm. The skin was blistering and painful.
775,785,"Going downstairs or sitting for a long movie makes the front of my knee ache. It feels like grinding when I squat, then eases once I move around."
776,787,Pushing myself up from the floor gives a painful click in the middle of the wrist. It feels weak when I try to bear weight with the palm flat.
777,788,I started to feel a cough and congestion after my weekend trip to the mountains. I was only mildly fatigued and took a hot shower to ease the symptoms.
778,789,I noticed a red spot behind my ear and it hurts when I touch it. I thought it was just a rash.
779,790,"During a recent hike, I felt my throat constrict and had to stop abruptly; it felt like I was choking."
780,791,"The back of the neck and scalp are itchy, especially behind the ears. I can spot small, firm white specks stuck to hair near the roots that don't brush off."
781,792,"After a bout of seasonal allergies, I started to have shortness of breath and a wheezing sound, especially at night. I haven't linked it to anything."
782,794,The knuckle at the base of my index finger is puffy by evening and tender to press. Making a tight fist feels full and uncomfortable.
783,795,"About half an hour before the headache, shimmering zigzags creep across part of my vision and a small blind spot appears. Then a throbbing pain builds on one side, and I feel sick and sensitive to light."
784,796,"I woke up with a sudden sharp pain behind my left ear, and it feels like a pressure buildup. Yesterday I had a cold, and the pain worsened when I swallowed. I haven't had fever yet but my vision is slightly blurry."
785,797,"Every week, I get a sharp, throbbing pain on the left side of my head that lasts a couple of hours. I get nauseous and sometimes vomit. I thought I had a migraine, but I'm not sure because it's not always the same."
786,798,"I have been experiencing a dull ache in both ears, especially after my throat infection. My hearing feels muffled, and I get headaches when I try to read. I haven't yet seen a doctor."
787,799,"During a picnic, the table was hot, and I placed my hands on it. Now my palms are red and sore."
788,800,I noticed a little congestion and a sore throat after a day of commuting. I didn't think much of it until a friend mentioned a 'cold'.
789,801,"I touched a hot iron handle. The skin is pink, warm, and a small blister appears on my forearm."
790,802,Stepping over a low fence gave a twinge at the sit‑bone side of the buttock. Turning while standing makes it grab for a second.
791,803,Climbing a few steps leaves me winded and I sleep propped up on pillows. Lying on one side makes my breathing feel heavier.
792,804,For weeks I've had a dry cough that won't quit and I get tired faster on walks. My chest feels tight even when I'm not bringing up anything.
793,805,I have a pain in my ear that goes up and down. I also hear a faint sound like water.
794,806,"There's a heavy, drowning sensation when I try to lie flat. I'm restless and short of breath at rest, needing to pause between words."
795,807,"Whenever the air is humid, I start to wheeze, and it takes a while for my breathing to return to normal."
796,808,"I'm experiencing congestion and a cough that feels dry at night, which makes it hard to sleep. I have a low grade of fever around 37.5°C, but otherwise I feel fine. I'm hoping it resolves within a few days."
797,809,I feel pain in my ear when I swallow and it doesn't improve. I think it's just a sore throat.
798,810,"A mild headache and a slight fever of 37.4°C started in the morning, and I felt my nose congested. I took a nap and went home."
799,811,There's a small patch in the upper inner thigh that burns and aches after long walks. Sitting with a belt tight across my waist makes it more noticeable.
800,812,"There's a deep ache along the outer forearm and the wrist feels odd, like it shifts when I turn the palm over. Lifting a pan is uncomfortable."
801,813,"I feel a constant fatigue, even after a full night's sleep. I keep drinking water even when I'm not thirsty."
802,814,"I had a mild cold, but I didn't realize it until I felt a headache and congestion in the afternoon. I took some rest and it cleared up."
803,815,"After push‑ups, the front of my chest near the armpit aches on that side. Reaching wide or pressing up from the floor makes it pull uncomfortably."
804,816,I have had a mild headache after eating a large meal. I didn't consider it related to anything serious. I have a history of high cholesterol.
805,817,"By evening my right eyelid sits a bit lower and I see double when I look up and to the side. Closing one eye clears it, and I avoid night driving."
806,818,"I woke up with a low fever, congestion, and a sore throat. I thought it was a simple cold, took some rest, and felt better by the evening."
807,819,I have a recurring headache that is accompanied by a subtle tightness in my throat. It's been happening for a while but I haven't linked it to anything serious.
808,820,I was concerned because my brother had a stroke; lately I've been experiencing a sudden pressure in my head and a faintness that goes away after a few minutes. It's a bit unsettling and I'm not sure what's causing it.
809,821,"I keep waking up at night to go to the bathroom, and I keep feeling very thirsty. I have lost some weight over the past few weeks."
810,822,I've had trouble focusing and my vision gets blurry after a meal. I feel sluggish and my feet feel tingling. The doctor told me this might be early diabetes.
811,823,I experience dizziness after walking up stairs. I notice my skin is paler than normal. My chest feels tight. I assumed it's just the cold.
812,824,"In tight shoes, I feel a pebble-like pressure between my third and fourth toes with burning that shoots into the toes. Looser footwear calms it a bit."
813,825,For months I've had well‑defined patches on my elbows and knees that are thick and scaly. After very hot showers they sting. Emollients take the edge off but don't clear them.
814,826,"I was making pancakes and forgot the stove was still on; my hand touched the metal. It's blistering, and the pain is intense."
815,827,Crossing my legs or tying my shoes gives a brief catch in the groin. After long drives the hip feels stiff until I stretch it.
816,828,"My face flushes easily—hot drinks or going from cold to warm rooms brings a red flush across my nose and cheeks, with small bumps that sting."
817,829,My heart races and I get shortness of breath even when resting. I feel faint sometimes. My lips are pale. I decided not to see a doctor because I thought I was just nervous.
818,830,"After a cold, I noticed that my breathing became irregular and I had to pause to catch my breath."
819,831,A head cold seems to have stirred things up: I hear a faint whistle when I breathe out and can't finish my usual run. I'm taking breaks and avoiding cold air in the evening.
820,832,I keep getting headaches and I feel weak. I notice my skin looks paler and I feel out of breath walking.
821,833,I've started fumbling shirt buttons and my handwriting feels smaller and slower. On stairs I feel slightly off balance and prefer to hold the rail.
822,834,"I feel a pulsing pain on one side of my head, and then I notice a flash of light. My vision is blurry, and I feel nausea. It lasts for a few hours and then the next day I feel fine."
823,835,"I woke up with a slight congestion in my nose and a mild headache. By midday, my throat felt scratchy, but nothing severe. I work in an office, so I stayed home after my first coffee."
824,836,"I noticed that after a cold, my breathing becomes more labored at night, and I wake up coughing. It's a bit scary because I haven't had any major illness."
825,837,I felt a slight sore throat and a runny nose the evening before. I didn't go out the next day because my partner warned me of a 'cold'.
826,838,I get sudden itchy spots on my upper back after a shower. The welts appear when I step out and are intense. I haven't used any new soap or shower gel. I wonder if it's the water.
827,839,"Bending the big toe up during a quick start made the joint painful. Sprinting and quick turns hurt at the base of the big toe, especially in flexible shoes."
828,840,My teen felt a pop at the front of the knee when jumping; now the lower edge of the kneecap is puffy and painful going down stairs or trying to squat.
829,841,I get a throbbing pain that starts on the right side and moves across. I feel nauseated and my vision gets blurry. It lasts for several hours.
830,842,A light cough and a slight headache started the evening after a long flight. I stayed home and took some over-the-counter medication. I felt normal by night.
831,843,"I feel more winded than usual getting dressed and there's a deeper rattle when I cough. Opening the window helps a bit, but I'm moving more slowly today."
832,844,Our child limps by evening with a sore mid‑foot. Pressing the inner top of the foot makes him pull away and he prefers soft shoes.
833,845,"After a long day in flat shoes, the inner arch near the big toe aches. Pushing off that side during a brisk walk brings a localized twinge."
834,846,"Waking from a nap in a chair, I noticed my hand felt weak lifting my wrist. The back of my forearm is a bit numb and gripping a cup feels clumsy."
835,847,"Looking far to the right makes the scene double and I turn my head to compensate. Straight ahead is fine, but side glances are split."
836,848,I notice a faint ringing in my ears and a feeling of heaviness in my shoulders after a long day at work. It is not painful but it's noticeable.
837,849,"Two days after the fever settled, I developed a deeper, productive cough and feel unwell again. Taking a deep breath makes one spot in my chest hurt sharply."
838,850,I had a runny nose and a dry cough that evening. I was only mildly tired and decided to stay home instead of heading to work.
839,851,I get dizzy when I stand up quickly. My heart beats fast and I feel winded. My skin is pale. I think it's a stress response.
840,852,"Since this cold, I'm huffing sooner when I carry groceries. The sputum is stickier, and I take longer to catch my breath after a short hill."
841,853,"My head hurts like a drumbeat on one side, and the pain gets worse in a dim room. I get nausea and sometimes a tingling in my fingers. I'm not sure if it's a migraine."
842,854,"I was washing dishes and the hot water splashed onto my leg. It's a red, tender spot with a small clear blister."
843,855,I am dealing with hives that appear across my shoulders and arms. They're painful and cause me to scratch heavily. The rash began after a camping trip.
844,856,I've noticed my hands shake more often during the day. It was initially embarrassing but I didn't see it as a symptom. My grandfather died of a heart attack.
845,858,"After a long gym session, the outer front of my forearm feels numb and tingles when I touch the skin. Lifting light weights is fine, but the skin sensation is off."
846,859,"After push‑ups, the back of my upper arm feels tight and sore, especially when I try to straighten the elbow fully. Leaning on the arm increases the ache."
847,861,The room spins when I turn my head and I need to hold onto walls to walk straight. Looking down while moving makes me nauseous.
848,862,Squatting to pick something up gave a sharp pinch inside the knee. Since then it clicks and occasionally feels stuck for a second when I bend.
849,863,"I feel light‑headed, especially when standing. I also notice my face looks washed out."
850,864,"On a camping trip, I set up a grill outdoors. The heat from the grill touched my shoulder, causing redness."
851,865,"After a high step down, my heel took the brunt and now it's very painful to put weight on it. The sides of the heel feel sore when I squeeze them."
852,866,I get headaches and feel light‑headed when I get up. My face looks washed out and I keep feeling tired.
853,867,"I spilled a cup of hot coffee on my forearm and it's now a bright red, painful spot. I see a few tiny blisters forming and the skin feels hot to touch."
854,868,"Using my phone one‑handed all day made the base of my thumb feel tired and sore. Pinching to open a packet gives a short, sharp twinge."
855,869,Rolling my ankle outward left a sore spot just behind the outer ankle bone. Side steps or uneven ground make it twinge.
856,870,"I'm noticing a wheeze and shortness of breath after walking up a flight of stairs, even though I haven't been sick recently."
857,871,"I've been feeling unusually tired lately, even after a good night's sleep. My skin looks paler than usual, and I get winded walking up the stairs. I also feel dizzy when I stand up quickly. I haven't seen a doctor yet because I think it's just stress."
858,872,I keep coughing and feel like my chest is tight whenever I get to the top of stairs. I never considered that could be an asthma trigger.
859,873,"Over the last two weeks, a persistent itch has spread to the waistline and wrists. I notice little burrow‑like marks and tiny bumps that keep me awake."
860,874,"A new brown patch on my back looks waxy and slightly raised, almost like it's stuck onto the skin. It doesn't hurt but sometimes catches on clothing."
861,875,I had a light cough and congestion that evening after a day at the office. I realized it was a cold when I started to feel a mild headache.
862,876,During my shower my ear started hurting and I couldn't hear properly. I have a slight headache.
863,877,"Lifting a suitcase gave me a grab at one side of the lower back. Bending to the opposite side aches, and standing still too long makes it tighten."
864,878,I notice a dull headache that starts in the morning and stays all day. I assumed it was a migraine. My blood pressure reading was higher than normal.
865,879,Sleeping awkwardly gave me a sore band from the neck to the top of the shoulder. Looking over my shoulder or holding the phone there tightens it.
866,880,"I've lost some weight without trying, and I keep feeling tired. My thirst level has gone up a lot, especially after meals."
867,881,Shrugging one shoulder feels weaker and the shoulder sits lower by the end of the day. Holding a bag on that side makes my neck tire fast.
868,882,Twisting my ankle weeks ago left a lingering deep ache inside the joint. It clicks occasionally and aches after longer walks.
869,883,I experience a sudden rush of blood pressure after taking an OTC painkiller. I assumed it was the medication side effect. I haven't had a check-up in 3 years.
870,884,My child's first birthday party had a cake with hot butter; he touched the pan. His hand looks red and swollen.
871,885,I feel exhausted during my day job and my breath catches during simple tasks. I also notice my skin is pale. I get headaches after long meetings. I assume it's a stress reaction.
872,886,"Tight shoes make the space between my first and second toes burn and tingle. Lacing the shoes loosely helps for a while, then the buzz returns on walks."
873,887,I spilled hot tea on my shirt; the fabric touched my chest. Now I have a rash and slight pain.
874,888,"I was told my blood pressure is elevated during a routine visit, but I had no symptoms. I didn't understand the significance. I was taking a blood pressure monitor at home."
875,889,"My child got a small scrape near the mouth, and then honey‑colored crusts formed around it. It spreads easily at school so we're cleaning the area often and keeping hands away from the face."
876,890,There's a persistent burning feeling on the tongue and palate even though the mouth looks normal. Hot drinks make it flare and it eases slightly with cold water.
877,891,I get a strange sensation in my chest when I walk quickly and it feels like I'm being pressed.
878,892,"I woke up with a stuffy nose and a scratchy throat that feels like a sandpaper. I keep sneezing and my throat hurts when I swallow. By evening, I'm feeling a bit tired but still able to finish my work."
879,893,"I've noticed that my breathing gets worse in cold air, and I often feel short‑of‑breath when I open my windows in winter."
880,894,"I've been experiencing a persistent cough after eating spicy food, and it's been getting worse over the past few weeks."
881,895,I woke up with a dull ache in both ears. The pain is more intense when I swallow. I had a sore throat and mild fever for the last two days.
882,896,"I've been coughing in the evenings for a while now, and after I go for a short walk I feel a tightness in my chest. It's getting more frequent."
883,897,I've been experiencing a constant pressure behind my eyes and a feeling of being drained after short walks. My wife reports that I have difficulty sleeping because of a vague tightness in my chest.
884,898,"My headache started last week, it's a pressure behind my eyes and I feel nauseated. It flares up after I finish a long workday and I can't eat because I feel queasy."
885,899,"I feel a throbbing sensation in my temples after a long flight. It worsens if I'm not moving, and my vision flickers."
886,900,"I've been having this throbbing pain that starts at the back of my head and moves forward. My vision gets worse and my ears ring. I've tried sleeping, but the pain starts again when I wake."
887,901,I experience headaches and feel lightheaded. My chest feels tight during daily tasks. My skin looks pale and my eyes look bright. I didn't think much of it until my mom noticed.
888,902,"Whenever I breathe in cold air, I get this wheeze and feel my lungs constrict. I thought it was just a reaction to the cold."
889,903,"After adding hill repeats, I feel a long, dull ache along the inner shin during and after runs. Pressing the area is sore along a stretch rather than one spot."
890,904,"I was fixing a car and the metal engine was hot. I touched it with my hand, and now there's a burning feeling."
891,905,I noticed a dry cough and a little headache after a movie night. I took some rest and stayed away from the office for the rest of the day.
892,906,I was using a stove without a pot; my fingers burned. There's a small blister and the skin is sore when I flex my fingers.
893,907,My 7‑year‑old has had very itchy patches in the elbow creases and behind the knees for about a week. The skin is very dry and sometimes peels; nighttime itching wakes him up. It flared after we changed laundry detergent. We're moisturizing morning and evening and trying to limit scratching.
894,908,"After brisk walking downhill, the front of my shin aches and lifting my foot while stepping is uncomfortable. It stiffens again after sitting."
895,909,"After I finished a brisk walk, my chest felt tight and I started coughing, which I hadn't experienced before. I'm unsure if this is normal."
896,910,"After my brother's allergies flare up, I noticed I also start wheezing when I run, especially in the evening. I keep thinking it's just me being out of shape."
897,911,"Yesterday I felt a sudden, sharp pain in my ear that made me cry. I thought it was just a cold, but the pain didn't go away."
898,912,"Around the nose, tiny blisters burst and left sticky yellowish crusts. We're keeping the skin clean and reminding not to scratch."
899,913,My wife told me I wheeze when I laugh too hard; it's like my chest is under pressure.
900,914,"By late afternoon there's a tight band around my head, like a clamp at my temples. It eases a bit with a short walk, but screen time brings it back."
901,915,"During a meeting, the lights became too bright and I felt my head start to hurt. I experienced a strange flashing light before the pain, and then my vision blurred."
902,916,"I developed a rash on my upper chest after being on a bus. The spots were itchy, raised, and spread quickly. I haven't had any new medications or foods. I'm unsure what's causing it."
903,917,Tighter shoes rub the big‑toe joint and it swells by evening. Long walks make the area sore and I prefer wider footwear.
904,918,"I keep feeling fatigued even after sleeping. I notice my chest feels tight during light exertion. My eyes look bright, as if something is wrong. I've been treating it as a bad flu."
905,919,"Over a few weeks, my teen's limp has worsened and hip or knee aches after PE class. Turning the leg inward seems limited and he takes shorter steps."
906,920,"I get a dull ache that becomes a sharp, throbbing pain. It comes with nausea and my skin feels hot. I've tried resting, but it doesn't cure it."
907,921,"After lifting a box awkwardly, there's a tender spot where the collarbone meets the chest. Pushing up from the floor gives a sharp jab right there."
908,922,"After a long walk, the inside of my ankle aches and pushing off the big‑toe side of the foot is uncomfortable. Hilly streets aggravate it."
909,923,"Since last week, random spots have appeared on my back and legs. They flare up when I walk or run, and the itching makes me scratch them, which only makes them worse. No allergic foods or medications seem related. It's getting harder to stay in the office."
910,924,"Suddenly I feel tight at the throat when I breathe in during a fast walk, with a noisy rasp for a few seconds. Slowing down and focusing on calm breaths settles it."
911,925,My ear hurts and I hear less of my friends speaking. I also feel a bit nauseated.
912,926,"After a recent flu, I felt a persistent pressure in my chest and a dull ache in my back. The discomfort came on slowly and was not associated with any specific activity."
913,927,"Coming down hard on my heel from a step, my ankle took a heavy jolt. Now the front of the ankle is very sore, swollen, and I can barely put weight on it."
914,928,"Lifting a box, I felt a grab in my lower back. Standing up straight is uncomfortable and bending forward to tie shoes brings a guarded, tight sensation."
915,929,"I've been feeling unusually fatigued all day, even after a good night's rest. Occasionally my vision blurs when I stare at my computer for too long."
916,930,"After a flu, I noticed my breathing became more labored and I have a faint whistling sound when I exhale. I just thought it was the flu."
917,931,"I spent a few hours outside without a hat, and my scalp feels like it's on fire. The redness is spreading."
918,932,I have been experiencing shortness of breath during my daily walks. My hands feel cold and my eyes look tired even when I'm well‑rested.
919,933,I get a pulse‑like pain that starts on my left side and spreads. The pain is so strong that I can't keep my eyes open. It feels like something in my brain is vibrating.
920,934,"After long uphill walks, there's a small, sharp spot deep in the buttock when I take a long step. Shorter steps ease it."
921,935,I have a rash on my upper back and shoulders. The welts feel like a raised grid and are very itchy. It started after a cold last week.
922,937,"I noticed a mild headache and congestion the evening before my work meeting. I decided to stay home and rest, and the next day I felt like myself again."
923,938,I woke up with a sharp pain in my left ear and slight pressure. I have a mild fever and a sore throat. My hearing feels muffled.
924,939,"I developed a rash on my chest after being in a hot room for a while. The spots were raised, itchy, and seemed to spread. I'm not sure if I should stay cool or avoid the heat entirely."
925,940,Twisting a jar lid hurts on the little‑finger side of my wrist. Leaning on that hand or bearing weight through it brings a sharp jab.
926,941,I get pain in my ear when I lift my chin. I also feel a slight pressure and a muffled sound.
927,942,A sudden peppery tickle appears for no reason and I cough in short bursts. The throat feels normal between episodes and voice teas help only briefly.
928,943,"Over a few weeks my shoulder has become stiff in all directions. Reaching for the back pocket or putting on a coat is tight and achy, especially mornings."
929,944,"Bending backward to reach a high shelf pinches in my lower back. Standing still too long makes it stiff, and it eases a bit when I walk."
930,945,The big‑toe joint feels blocked when I try to bend it up during a brisk walk. Certain shoes make it throb by the evening.
931,946,"Cold air and climbing one flight of stairs give me a tight, whistly feeling in my chest. If I slow down, it eases after a minute, but brisk walks bring it back."
932,947,"I've noticed that I get dizzy when I stand up quickly, and sometimes I feel like my ears are ringing. The dizziness has become more frequent, especially after I finish a long meeting at work."
933,948,I've had a cut on my hand that won't heal. It's also been hard to concentrate and I feel foggy. I was surprised to learn my doctor thinks this might be linked to my blood glucose levels.
934,949,"Side steps and crossing my legs feel unsteady, with a vague numbness in the inner thigh. Squeezing the knees together feels weaker than usual."
935,950,I experience a pressure in my shoulders after a stressful meeting. I thought it was a tense muscle. I have been drinking more coffee lately.
936,951,"My headache begins after a meeting with loud music and I feel a sudden pressure behind my eyes. The pain spreads across my face, and my stomach feels upset."
937,952,"One afternoon I repeatedly asked what day it was and couldn't remember a short walk I had just taken. Hours later it cleared, but that period is blank."
938,953,I was in the sun without a shirt during a picnic; my back got a bright red patch. The skin feels tight.
939,954,"Every time I go into the gym after a holiday, I start coughing and find myself short of breath, but I still attribute it to the heavy air conditioning."
940,955,"After a coughing spell, bracing my belly to roll out of bed gives a thin band of soreness across the lower abdomen. Laughing brings it back."
941,956,I noticed a dull pain in my left ear while listening to music. The ear feels full and I can't hear well. It's been two days since my upper respiratory infection.
942,957,I landed awkwardly and the front of the ankle feels jammed and very tender. Pointing the toes down or up is painful and walking is stiff.
943,959,"My appetite is normal, but I keep losing weight. I also feel extremely thirsty all the time."
944,960,"After hill sprints, pushing up from a squat gives a deep ache in the buttock. Climbing stairs feels weak on that side and I avoid low chairs."
945,961,"After a bad misstep, I felt a deep, persistent thigh pain that makes weight‑bearing uneasy. The leg aches even at rest and I guard each movement."
946,962,My finger twisted when a dog leash yanked; it's swollen and sore along the whole length. Making a fist is painful and the finger drifts when I try.
947,963,"There's a nagging ache deep in my thigh that's worse at night. Oddly, after taking an over‑the‑counter pain tablet, it eases for a few hours and then creeps back."
948,964,"Woke up with a stiff neck after an awkward sleep. Turning to check my blind spot is tight and painful on one side, and looking up makes it pull."
949,965,"After reaching overhead to paint for a few hours, I've got a deep ache along the back of my ribs that tugs when I reach forward or lift a box from the floor."
950,966,"My shoulder feels stiff and achy reaching up to a cupboard. First thing in the morning it's the worst, then it loosens a bit after moving around."
951,967,I was on a flight and after landing my ear felt very painful and I couldn't hear properly.
952,968,"After a family cold, my chest feels rattly and I get winded on small hills. Hot showers make the cough worse in the morning."
953,969,"My pain starts on my right side after a long drive, and it's got worse since then. I also feel nauseated and the light in the car makes it worse."
954,970,Pushing a heavy door gave me a tug under the shoulder blade along the ribs. Taking a deep breath stretches it in a sharp line.
955,971,I get sudden itchy spots on my back after cleaning the house. The welts appear and disappear after a few hours. I've not used any new cleaning products. It's starting to bother me.
956,972,"I noticed that when I stand near the stove, my breathing slows and I begin coughing."
957,973,"I keep coughing at night, but I thought it was just a cold. The next morning, my chest feels tight and I find myself gasping for a breath after a short walk."
958,974,"I've noticed a clear runny nose and a mild headache, but I'm not feeling feverish at all. My throat has a mild soreness and I cough sometimes when I clear my throat. It started a day ago and I expect it to clear up soon."
959,975,"After a forceful throw, the inner elbow felt sore and opening a door with the palm forward gives a sharp twinge. Leaning on that elbow is uncomfortable."
960,976,I get a sharp pain in my ear during the night and it wakes me up. I think I have a cold.
961,977,"There's a constant throbbing in my left ear and sometimes a ringing. I had a cold two days ago, and the symptoms started the following morning. I also feel tired and have mild fever."
962,978,I noticed a sudden rash on my face after a long meeting. The spots itch and flare up whenever I touch them. I've never had a rash before. I'm not sure if it's food-related or something else.
963,979,Carrying a backpack on one shoulder left a tight ache under the collarbone toward the armpit. Reaching up and slightly back makes it pinch.
964,980,I feel a knot between the shoulder blades that bites when I pull something toward me. Sitting at the computer makes it stiffen again by afternoon.
965,981,"Every time I open a can of soda, I get a rash on my wrist and hand. The spots are itchy and spread quickly. I don't eat any soda after that, but they keep appearing. I haven't had this before."
966,982,"During a beach day, I forgot to wear a shirt, and the sun burned my back. My skin feels sore and tight."
967,983,"After three days of a cold, the cough dropped lower. There's a burning feeling behind the breastbone when I cough and I get short winded climbing stairs. Warm drinks help for an hour, then it comes back."
968,984,"While vacuuming, the vacuum nozzle caught on my ankle and left a scorch. The skin is red, sore, and there's a small blister forming."
969,985,Sit‑ups left a sore line from the pubic area toward the navel. Sneezing or sitting up quickly gives a pulling pain along the midline.
970,986,I'm constantly thirsty and I need to pee frequently. I've also been losing weight without trying. My doctor suspects this might be a new health issue.
971,987,"I feel a pressing pain in my left ear, and my hearing is off. I also notice a slight fluid sensation. It started when I caught a cold last week."
972,988,"By evening my index knuckle feels puffy and tender to press. Making a tight fist is uncomfortable, especially first thing in the morning."
973,989,The hives started on my neck and moved to my chest. They're not painful but they itch. I had a flu vaccine last month and it might be a trigger.
974,990,I can't keep up with my kids; I'm constantly exhausted. I've started to notice my lips look paler and I feel dizzy when I change positions.
975,991,"I notice the pain starts before sunrise. It's a pressure behind my eyes that gets worse with light, and I feel nauseated. I've never seen a doctor about it."
976,992,"After lots of screwdriver work, rotating my forearm palm‑up feels weak with a pinpoint ache near the outer elbow. Lifting a kettle that way bothers it."
977,993,"Pushing up from the floor causes a sharp ache on the outer half of my wrist. Side‑to‑side wiggles of the wrist bring on a quick, painful click."
978,994,"After throwing a ball, the back‑outer shoulder aches and small, controlled outward rotations feel sharp. Reaching to the side overhead is tight."
979,995,"I've been having a dull ache after a big lunch. The pain gets stronger when I'm in bright light, and I feel like I'm going to vomit."
980,996,"After a day at the pool, my daughter says her ear feels plugged and tender if we press on it. She had a cold recently. We're keeping the ear dry and giving an age‑appropriate pain reliever."
981,997,"I have a sharp pain in my right ear, and I notice a slight fluid sensation. It started after a cold and worsened last night. I have mild fever."
982,998,"I felt a bit fatigued and had a mild sore throat after a day of heavy work. My ears were also blocked, and I had a clear runny nose. I didn't consider it a serious illness at first."
983,999,Every morning I find my coffee mug empty before I even finish it. I also keep feeling very tired even after a full night's sleep. My weight has dropped about 5 kilograms over the last six weeks.
984,1000,Reaching for a long step I felt a grab high on the inner back of the thigh. Stretching that leg is tight and I can't stride out properly.
985,1001,"On the sole, a painful spot feels like stepping on a stone. The surface is rough with tiny dark dots; it hurts when I put pressure on it."
986,1002,A small sore spot has appeared above the outer ankle bone. Longer walks make it throb and pressing there is very tender.
987,1003,"I touched a heating pad that was too hot. The skin is irritated, slightly swollen, and I see a clear blister on the back of my hand."
988,1004,I noticed my eyes were blurry after a coffee. I feel exhausted and my feet are tingling. The doctor suggested checking my blood glucose levels.
989,1005,"After weeks of a stubborn cough, there's a pinpoint sore area along one rib that catches with deep breaths. Laughing or twisting sets it off again."
990,1006,"I slammed my fingertip in a drawer. The tip is throbbing, the nail looks bruised, and even light pressure on the end is painful."
991,1007,"I woke up with a throbbing pain in my left ear, and it feels like a blockage. The pain is worse at night, and I've had a low grade fever. I think it might be an ear infection."
992,1008,"During the summer, my throat gets itchy and I start coughing more, especially when the pollen count is high."
993,1009,Pushing off during a brisk walk makes the big toe joint feel stiff and sore. Bending the toe up is limited and certain shoes aggravate it.
994,1010,"Every morning I wake up with a pounding headache that doesn't go away with caffeine. I thought it was just a migraine. My work schedule is hectic, and I can't remember my last check‑up."
