,image_id,diag,target
0,Tumor- (1044),Tumor,3
1,Tumor- (83),Tumor,3
2,Tumor- (580),Tumor,3
3,Tumor- (1701),Tumor,3
4,Tumor- (1220),Tumor,3
5,Tumor- (249),Tumor,3
6,Tumor- (356),Tumor,3
7,Tumor- (52),Tumor,3
8,Tumor- (501),Tumor,3
9,Tumor- (948),Tumor,3
10,Tumor- (1724),Tumor,3
11,Tumor- (2077),Tumor,3
12,Tumor- (2240),Tumor,3
13,Tumor- (389),Tumor,3
14,Tumor- (1616),Tumor,3
15,Tumor- (911),Tumor,3
16,Tumor- (1178),Tumor,3
17,Tumor- (186),Tumor,3
18,Tumor- (1599),Tumor,3
19,Tumor- (496),Tumor,3
20,Tumor- (193),Tumor,3
21,Tumor- (1305),Tumor,3
22,Tumor- (1189),Tumor,3
23,Tumor- (2151),Tumor,3
24,Tumor- (637),Tumor,3
25,Tumor- (1232),Tumor,3
26,Tumor- (22),Tumor,3
27,Tumor- (1266),Tumor,3
28,Tumor- (602),Tumor,3
29,Tumor- (1440),Tumor,3
30,Tumor- (2214),Tumor,3
31,Tumor- (1418),Tumor,3
32,Tumor- (2130),Tumor,3
33,Tumor- (237),Tumor,3
34,Tumor- (358),Tumor,3
35,Tumor- (1668),Tumor,3
36,Tumor- (235),Tumor,3
37,Tumor- (633),Tumor,3
38,Tumor- (550),Tumor,3
39,Tumor- (960),Tumor,3
40,Tumor- (698),Tumor,3
41,Tumor- (176),Tumor,3
42,Tumor- (359),Tumor,3
43,Tumor- (882),Tumor,3
44,Tumor- (982),Tumor,3
45,Tumor- (1588),Tumor,3
46,Tumor- (735),Tumor,3
47,Tumor- (1970),Tumor,3
48,Tumor- (1787),Tumor,3
49,Tumor- (2159),Tumor,3
50,Tumor- (1469),Tumor,3
51,Tumor- (273),Tumor,3
52,Tumor- (96),Tumor,3
53,Tumor- (1344),Tumor,3
54,Tumor- (497),Tumor,3
55,Tumor- (996),Tumor,3
56,Tumor- (1913),Tumor,3
57,Tumor- (1912),Tumor,3
58,Tumor- (1496),Tumor,3
59,Tumor- (1069),Tumor,3
60,Tumor- (1631),Tumor,3
61,Tumor- (940),Tumor,3
62,Tumor- (1793),Tumor,3
63,Tumor- (84),Tumor,3
64,Tumor- (1914),Tumor,3
65,Tumor- (2119),Tumor,3
66,Tumor- (139),Tumor,3
67,Tumor- (455),Tumor,3
68,Tumor- (1071),Tumor,3
69,Tumor- (428),Tumor,3
70,Tumor- (708),Tumor,3
71,Tumor- (2018),Tumor,3
72,Tumor- (924),Tumor,3
73,Tumor- (121),Tumor,3
74,Tumor- (1375),Tumor,3
75,Tumor- (2210),Tumor,3
76,Tumor- (1213),Tumor,3
77,Tumor- (656),Tumor,3
78,Tumor- (1843),Tumor,3
79,Tumor- (774),Tumor,3
80,Tumor- (1477),Tumor,3
81,Tumor- (1868),Tumor,3
82,Tumor- (1405),Tumor,3
83,Tumor- (481),Tumor,3
84,Tumor- (1875),Tumor,3
85,Tumor- (1311),Tumor,3
86,Tumor- (1137),Tumor,3
87,Tumor- (109),Tumor,3
88,Tumor- (978),Tumor,3
89,Tumor- (1934),Tumor,3
90,Tumor- (294),Tumor,3
91,Tumor- (1584),Tumor,3
92,Tumor- (405),Tumor,3
93,Tumor- (1878),Tumor,3
94,Tumor- (1249),Tumor,3
95,Tumor- (38),Tumor,3
96,Tumor- (74),Tumor,3
97,Tumor- (931),Tumor,3
98,Tumor- (1463),Tumor,3
99,Tumor- (563),Tumor,3
100,Tumor- (1602),Tumor,3
101,Tumor- (378),Tumor,3
102,Tumor- (824),Tumor,3
103,Tumor- (1986),Tumor,3
104,Tumor- (433),Tumor,3
105,Tumor- (1695),Tumor,3
106,Tumor- (203),Tumor,3
107,Tumor- (1743),Tumor,3
108,Tumor- (1003),Tumor,3
109,Tumor- (1322),Tumor,3
110,Tumor- (1996),Tumor,3
111,Tumor- (588),Tumor,3
112,Tumor- (855),Tumor,3
113,Tumor- (988),Tumor,3
114,Tumor- (1090),Tumor,3
115,Tumor- (1826),Tumor,3
116,Tumor- (1092),Tumor,3
117,Tumor- (202),Tumor,3
118,Tumor- (1820),Tumor,3
119,Tumor- (1669),Tumor,3
120,Tumor- (1273),Tumor,3
121,Tumor- (726),Tumor,3
122,Tumor- (313),Tumor,3
123,Tumor- (818),Tumor,3
124,Tumor- (1187),Tumor,3
125,Tumor- (1126),Tumor,3
126,Tumor- (1315),Tumor,3
127,Tumor- (984),Tumor,3
128,Tumor- (1981),Tumor,3
129,Tumor- (511),Tumor,3
130,Tumor- (205),Tumor,3
131,Tumor- (1505),Tumor,3
132,Tumor- (2065),Tumor,3
133,Tumor- (1437),Tumor,3
134,Tumor- (410),Tumor,3
135,Tumor- (1149),Tumor,3
136,Tumor- (1427),Tumor,3
137,Tumor- (1029),Tumor,3
138,Tumor- (1110),Tumor,3
139,Tumor- (1829),Tumor,3
140,Tumor- (1059),Tumor,3
141,Tumor- (1832),Tumor,3
142,Tumor- (1731),Tumor,3
143,Tumor- (833),Tumor,3
144,Tumor- (819),Tumor,3
145,Tumor- (1957),Tumor,3
146,Tumor- (1197),Tumor,3
147,Tumor- (127),Tumor,3
148,Tumor- (907),Tumor,3
149,Tumor- (1058),Tumor,3
150,Tumor- (419),Tumor,3
151,Tumor- (137),Tumor,3
152,Tumor- (9),Tumor,3
153,Tumor- (1691),Tumor,3
154,Tumor- (1155),Tumor,3
155,Tumor- (1706),Tumor,3
156,Tumor- (1242),Tumor,3
157,Tumor- (1177),Tumor,3
158,Tumor- (1707),Tumor,3
159,Tumor- (14),Tumor,3
160,Tumor- (670),Tumor,3
161,Tumor- (280),Tumor,3
162,Tumor- (1676),Tumor,3
163,Tumor- (939),Tumor,3
164,Tumor- (2218),Tumor,3
165,Tumor- (1615),Tumor,3
166,Tumor- (172),Tumor,3
167,Tumor- (983),Tumor,3
168,Tumor- (815),Tumor,3
169,Tumor- (215),Tumor,3
170,Tumor- (1193),Tumor,3
171,Tumor- (1328),Tumor,3
172,Tumor- (131),Tumor,3
173,Tumor- (256),Tumor,3
174,Tumor- (1856),Tumor,3
175,Tumor- (2225),Tumor,3
176,Tumor- (465),Tumor,3
177,Tumor- (1348),Tumor,3
178,Tumor- (236),Tumor,3
179,Tumor- (1452),Tumor,3
180,Tumor- (293),Tumor,3
181,Tumor- (809),Tumor,3
182,Tumor- (1304),Tumor,3
183,Tumor- (1985),Tumor,3
184,Tumor- (1021),Tumor,3
185,Tumor- (502),Tumor,3
186,Tumor- (1366),Tumor,3
187,Tumor- (337),Tumor,3
188,Tumor- (1537),Tumor,3
189,Tumor- (959),Tumor,3
190,Tumor- (1949),Tumor,3
191,Tumor- (1401),Tumor,3
192,Tumor- (913),Tumor,3
193,Tumor- (147),Tumor,3
194,Tumor- (1122),Tumor,3
195,Tumor- (1313),Tumor,3
196,Tumor- (2074),Tumor,3
197,Tumor- (2088),Tumor,3
198,Tumor- (763),Tumor,3
199,Tumor- (1208),Tumor,3
200,Tumor- (1887),Tumor,3
201,Tumor- (896),Tumor,3
202,Tumor- (704),Tumor,3
203,Tumor- (1392),Tumor,3
204,Tumor- (1339),Tumor,3
205,Tumor- (1073),Tumor,3
206,Tumor- (1196),Tumor,3
207,Tumor- (30),Tumor,3
208,Tumor- (1163),Tumor,3
209,Tumor- (1306),Tumor,3
210,Tumor- (208),Tumor,3
211,Tumor- (298),Tumor,3
212,Tumor- (1740),Tumor,3
213,Tumor- (1534),Tumor,3
214,Tumor- (286),Tumor,3
215,Tumor- (1814),Tumor,3
216,Tumor- (278),Tumor,3
217,Tumor- (382),Tumor,3
218,Tumor- (296),Tumor,3
219,Tumor- (790),Tumor,3
220,Tumor- (1649),Tumor,3
221,Tumor- (2012),Tumor,3
222,Tumor- (624),Tumor,3
223,Tumor- (1762),Tumor,3
224,Tumor- (2033),Tumor,3
225,Tumor- (270),Tumor,3
226,Tumor- (649),Tumor,3
227,Tumor- (289),Tumor,3
228,Tumor- (1404),Tumor,3
229,Tumor- (1429),Tumor,3
230,Tumor- (272),Tumor,3
231,Tumor- (590),Tumor,3
232,Tumor- (329),Tumor,3
233,Tumor- (2057),Tumor,3
234,Tumor- (1481),Tumor,3
235,Tumor- (1234),Tumor,3
236,Tumor- (2009),Tumor,3
237,Tumor- (287),Tumor,3
238,Tumor- (1274),Tumor,3
239,Tumor- (104),Tumor,3
240,Tumor- (379),Tumor,3
241,Tumor- (406),Tumor,3
242,Tumor- (424),Tumor,3
243,Tumor- (351),Tumor,3
244,Tumor- (102),Tumor,3
245,Tumor- (1780),Tumor,3
246,Tumor- (1626),Tumor,3
247,Tumor- (1107),Tumor,3
248,Tumor- (1904),Tumor,3
249,Tumor- (1547),Tumor,3
250,Tumor- (1919),Tumor,3
251,Tumor- (1210),Tumor,3
252,Tumor- (1980),Tumor,3
253,Tumor- (1243),Tumor,3
254,Tumor- (1759),Tumor,3
255,Tumor- (1147),Tumor,3
256,Tumor- (1808),Tumor,3
257,Tumor- (1943),Tumor,3
258,Tumor- (945),Tumor,3
259,Tumor- (1813),Tumor,3
260,Tumor- (194),Tumor,3
261,Tumor- (612),Tumor,3
262,Tumor- (950),Tumor,3
263,Tumor- (2167),Tumor,3
264,Tumor- (2184),Tumor,3
265,Tumor- (1006),Tumor,3
266,Tumor- (58),Tumor,3
267,Tumor- (1179),Tumor,3
268,Tumor- (1815),Tumor,3
269,Tumor- (411),Tumor,3
270,Tumor- (2005),Tumor,3
271,Tumor- (1260),Tumor,3
272,Tumor- (1492),Tumor,3
273,Tumor- (1223),Tumor,3
274,Tumor- (1803),Tumor,3
275,Tumor- (1811),Tumor,3
276,Tumor- (1230),Tumor,3
277,Tumor- (1181),Tumor,3
278,Tumor- (720),Tumor,3
279,Tumor- (250),Tumor,3
280,Tumor- (277),Tumor,3
281,Tumor- (1133),Tumor,3
282,Tumor- (1696),Tumor,3
283,Tumor- (1831),Tumor,3
284,Tumor- (161),Tumor,3
285,Tumor- (1281),Tumor,3
286,Tumor- (767),Tumor,3
287,Tumor- (304),Tumor,3
288,Tumor- (1925),Tumor,3
289,Tumor- (552),Tumor,3
290,Tumor- (706),Tumor,3
291,Tumor- (1354),Tumor,3
292,Tumor- (1733),Tumor,3
293,Tumor- (1190),Tumor,3
294,Tumor- (18),Tumor,3
295,Tumor- (559),Tumor,3
296,Tumor- (2211),Tumor,3
297,Tumor- (310),Tumor,3
298,Tumor- (2266),Tumor,3
299,Tumor- (1487),Tumor,3
300,Tumor- (1164),Tumor,3
301,Tumor- (1639),Tumor,3
302,Tumor- (935),Tumor,3
303,Tumor- (871),Tumor,3
304,Tumor- (2111),Tumor,3
305,Tumor- (1564),Tumor,3
306,Tumor- (1022),Tumor,3
307,Tumor- (1734),Tumor,3
308,Tumor- (1503),Tumor,3
309,Tumor- (66),Tumor,3
310,Tumor- (2143),Tumor,3
311,Tumor- (418),Tumor,3
312,Tumor- (480),Tumor,3
313,Tumor- (122),Tumor,3
314,Tumor- (474),Tumor,3
315,Tumor- (285),Tumor,3
316,Tumor- (1675),Tumor,3
317,Tumor- (110),Tumor,3
318,Tumor- (1935),Tumor,3
319,Tumor- (306),Tumor,3
320,Tumor- (776),Tumor,3
321,Tumor- (2206),Tumor,3
322,Tumor- (2264),Tumor,3
323,Tumor- (1729),Tumor,3
324,Tumor- (883),Tumor,3
325,Tumor- (1474),Tumor,3
326,Tumor- (1185),Tumor,3
327,Tumor- (2279),Tumor,3
328,Tumor- (695),Tumor,3
329,Tumor- (1559),Tumor,3
330,Tumor- (1585),Tumor,3
331,Tumor- (1370),Tumor,3
332,Tumor- (647),Tumor,3
333,Tumor- (1236),Tumor,3
334,Tumor- (2156),Tumor,3
335,Tumor- (899),Tumor,3
336,Tumor- (353),Tumor,3
337,Tumor- (817),Tumor,3
338,Tumor- (2140),Tumor,3
339,Tumor- (2249),Tumor,3
340,Tumor- (1542),Tumor,3
341,Tumor- (1656),Tumor,3
342,Tumor- (1182),Tumor,3
343,Tumor- (792),Tumor,3
344,Tumor- (213),Tumor,3
345,Tumor- (42),Tumor,3
346,Tumor- (2244),Tumor,3
347,Tumor- (386),Tumor,3
348,Tumor- (1866),Tumor,3
349,Tumor- (466),Tumor,3
350,Tumor- (1215),Tumor,3
351,Tumor- (1850),Tumor,3
352,Tumor- (1623),Tumor,3
353,Tumor- (472),Tumor,3
354,Tumor- (823),Tumor,3
355,Tumor- (200),Tumor,3
356,Tumor- (1650),Tumor,3
357,Tumor- (1682),Tumor,3
358,Tumor- (500),Tumor,3
359,Tumor- (1307),Tumor,3
360,Tumor- (1331),Tumor,3
361,Tumor- (1862),Tumor,3
362,Tumor- (2145),Tumor,3
363,Tumor- (2222),Tumor,3
364,Tumor- (821),Tumor,3
365,Tumor- (1200),Tumor,3
366,Tumor- (2230),Tumor,3
367,Tumor- (620),Tumor,3
368,Tumor- (1002),Tumor,3
369,Tumor- (618),Tumor,3
370,Tumor- (1422),Tumor,3
371,Tumor- (312),Tumor,3
372,Tumor- (1419),Tumor,3
373,Tumor- (1363),Tumor,3
374,Tumor- (244),Tumor,3
375,Tumor- (1461),Tumor,3
376,Tumor- (571),Tumor,3
377,Tumor- (1100),Tumor,3
378,Tumor- (1679),Tumor,3
379,Tumor- (1154),Tumor,3
380,Tumor- (1351),Tumor,3
381,Tumor- (355),Tumor,3
382,Tumor- (1956),Tumor,3
383,Tumor- (396),Tumor,3
384,Tumor- (951),Tumor,3
385,Tumor- (849),Tumor,3
386,Tumor- (1104),Tumor,3
387,Tumor- (243),Tumor,3
388,Tumor- (534),Tumor,3
389,Tumor- (917),Tumor,3
390,Tumor- (1611),Tumor,3
391,Tumor- (477),Tumor,3
392,Tumor- (585),Tumor,3
393,Tumor- (1480),Tumor,3
394,Tumor- (2116),Tumor,3
395,Tumor- (1150),Tumor,3
396,Tumor- (879),Tumor,3
397,Tumor- (1581),Tumor,3
398,Tumor- (1942),Tumor,3
399,Tumor- (2192),Tumor,3
400,Tumor- (2219),Tumor,3
401,Tumor- (245),Tumor,3
402,Tumor- (2168),Tumor,3
403,Tumor- (743),Tumor,3
404,Tumor- (1435),Tumor,3
405,Tumor- (1867),Tumor,3
406,Tumor- (2233),Tumor,3
407,Tumor- (2146),Tumor,3
408,Tumor- (2024),Tumor,3
409,Tumor- (1378),Tumor,3
410,Tumor- (765),Tumor,3
411,Tumor- (1587),Tumor,3
412,Tumor- (768),Tumor,3
413,Tumor- (1748),Tumor,3
414,Tumor- (1023),Tumor,3
415,Tumor- (2016),Tumor,3
416,Tumor- (284),Tumor,3
417,Tumor- (82),Tumor,3
418,Tumor- (1398),Tumor,3
419,Tumor- (2086),Tumor,3
420,Tumor- (574),Tumor,3
421,Tumor- (1191),Tumor,3
422,Tumor- (2274),Tumor,3
423,Tumor- (319),Tumor,3
424,Tumor- (246),Tumor,3
425,Tumor- (2147),Tumor,3
426,Tumor- (1517),Tumor,3
427,Tumor- (1630),Tumor,3
428,Tumor- (2101),Tumor,3
429,Tumor- (1229),Tumor,3
430,Tumor- (1106),Tumor,3
431,Tumor- (1694),Tumor,3
432,Tumor- (2202),Tumor,3
433,Tumor- (1530),Tumor,3
434,Tumor- (1238),Tumor,3
435,Tumor- (2152),Tumor,3
436,Tumor- (1910),Tumor,3
437,Tumor- (430),Tumor,3
438,Tumor- (220),Tumor,3
439,Tumor- (1335),Tumor,3
440,Tumor- (1116),Tumor,3
441,Tumor- (1606),Tumor,3
442,Tumor- (1736),Tumor,3
443,Tumor- (803),Tumor,3
444,Tumor- (880),Tumor,3
445,Tumor- (1204),Tumor,3
446,Tumor- (129),Tumor,3
447,Tumor- (1001),Tumor,3
448,Tumor- (852),Tumor,3
449,Tumor- (648),Tumor,3
450,Tumor- (970),Tumor,3
451,Tumor- (322),Tumor,3
452,Tumor- (530),Tumor,3
453,Tumor- (794),Tumor,3
454,Tumor- (569),Tumor,3
455,Tumor- (739),Tumor,3
456,Tumor- (619),Tumor,3
457,Tumor- (91),Tumor,3
458,Tumor- (2123),Tumor,3
459,Tumor- (724),Tumor,3
460,Tumor- (836),Tumor,3
461,Tumor- (2076),Tumor,3
462,Tumor- (638),Tumor,3
463,Tumor- (1316),Tumor,3
464,Tumor- (1973),Tumor,3
465,Tumor- (631),Tumor,3
466,Tumor- (1767),Tumor,3
467,Tumor- (2015),Tumor,3
468,Tumor- (2045),Tumor,3
469,Tumor- (1079),Tumor,3
470,Tumor- (2277),Tumor,3
471,Tumor- (197),Tumor,3
472,Tumor- (1545),Tumor,3
473,Tumor- (564),Tumor,3
474,Tumor- (81),Tumor,3
475,Tumor- (2231),Tumor,3
476,Tumor- (2038),Tumor,3
477,Tumor- (2157),Tumor,3
478,Tumor- (1685),Tumor,3
479,Tumor- (224),Tumor,3
480,Tumor- (2229),Tumor,3
481,Tumor- (1085),Tumor,3
482,Tumor- (1098),Tumor,3
483,Tumor- (166),Tumor,3
484,Tumor- (1024),Tumor,3
485,Tumor- (1145),Tumor,3
486,Tumor- (1008),Tumor,3
487,Tumor- (2138),Tumor,3
488,Tumor- (260),Tumor,3
489,Tumor- (781),Tumor,3
490,Tumor- (1379),Tumor,3
491,Tumor- (1951),Tumor,3
492,Tumor- (1997),Tumor,3
493,Tumor- (730),Tumor,3
494,Tumor- (1436),Tumor,3
495,Tumor- (798),Tumor,3
496,Tumor- (2198),Tumor,3
497,Tumor- (327),Tumor,3
498,Tumor- (1394),Tumor,3
499,Tumor- (1256),Tumor,3
500,Tumor- (757),Tumor,3
501,Tumor- (785),Tumor,3
502,Tumor- (2265),Tumor,3
503,Tumor- (925),Tumor,3
504,Tumor- (627),Tumor,3
505,Tumor- (240),Tumor,3
506,Tumor- (374),Tumor,3
507,Tumor- (468),Tumor,3
508,Tumor- (2137),Tumor,3
509,Tumor- (806),Tumor,3
510,Tumor- (749),Tumor,3
511,Tumor- (422),Tumor,3
512,Tumor- (1118),Tumor,3
513,Tumor- (745),Tumor,3
514,Tumor- (1725),Tumor,3
515,Tumor- (459),Tumor,3
516,Tumor- (301),Tumor,3
517,Tumor- (282),Tumor,3
518,Tumor- (787),Tumor,3
519,Tumor- (70),Tumor,3
520,Tumor- (97),Tumor,3
521,Tumor- (2268),Tumor,3
522,Tumor- (1470),Tumor,3
523,Tumor- (756),Tumor,3
524,Tumor- (1666),Tumor,3
525,Tumor- (1158),Tumor,3
526,Tumor- (1467),Tumor,3
527,Tumor- (1206),Tumor,3
528,Tumor- (1103),Tumor,3
529,Tumor- (491),Tumor,3
530,Tumor- (702),Tumor,3
531,Tumor- (1438),Tumor,3
532,Tumor- (1989),Tumor,3
533,Tumor- (2261),Tumor,3
534,Tumor- (662),Tumor,3
535,Tumor- (1083),Tumor,3
536,Tumor- (876),Tumor,3
537,Tumor- (1482),Tumor,3
538,Tumor- (991),Tumor,3
539,Tumor- (1962),Tumor,3
540,Tumor- (517),Tumor,3
541,Tumor- (812),Tumor,3
542,Tumor- (408),Tumor,3
543,Tumor- (746),Tumor,3
544,Tumor- (1519),Tumor,3
545,Tumor- (689),Tumor,3
546,Tumor- (1289),Tumor,3
547,Tumor- (831),Tumor,3
548,Tumor- (526),Tumor,3
549,Tumor- (2108),Tumor,3
550,Tumor- (2089),Tumor,3
551,Tumor- (345),Tumor,3
552,Tumor- (92),Tumor,3
553,Tumor- (1231),Tumor,3
554,Tumor- (221),Tumor,3
555,Tumor- (1884),Tumor,3
556,Tumor- (1255),Tumor,3
557,Tumor- (1718),Tumor,3
558,Tumor- (11),Tumor,3
559,Tumor- (398),Tumor,3
560,Tumor- (1546),Tumor,3
561,Tumor- (953),Tumor,3
562,Tumor- (1294),Tumor,3
563,Tumor- (1772),Tumor,3
564,Tumor- (1852),Tumor,3
565,Tumor- (1644),Tumor,3
566,Tumor- (331),Tumor,3
567,Tumor- (1754),Tumor,3
568,Tumor- (1169),Tumor,3
569,Tumor- (1716),Tumor,3
570,Tumor- (488),Tumor,3
571,Tumor- (56),Tumor,3
572,Tumor- (1460),Tumor,3
573,Tumor- (1704),Tumor,3
574,Tumor- (2181),Tumor,3
575,Tumor- (1276),Tumor,3
576,Tumor- (2062),Tumor,3
577,Tumor- (1841),Tumor,3
578,Tumor- (1168),Tumor,3
579,Tumor- (1947),Tumor,3
580,Tumor- (579),Tumor,3
581,Tumor- (1563),Tumor,3
582,Tumor- (29),Tumor,3
583,Tumor- (214),Tumor,3
584,Tumor- (1277),Tumor,3
585,Tumor- (40),Tumor,3
586,Tumor- (1855),Tumor,3
587,Tumor- (2118),Tumor,3
588,Tumor- (269),Tumor,3
589,Tumor- (2112),Tumor,3
590,Tumor- (1782),Tumor,3
591,Tumor- (125),Tumor,3
592,Tumor- (820),Tumor,3
593,Tumor- (86),Tumor,3
594,Tumor- (2122),Tumor,3
595,Tumor- (1445),Tumor,3
596,Tumor- (1524),Tumor,3
597,Tumor- (449),Tumor,3
598,Tumor- (445),Tumor,3
599,Tumor- (1030),Tumor,3
600,Tumor- (1583),Tumor,3
601,Tumor- (888),Tumor,3
602,Tumor- (1284),Tumor,3
603,Tumor- (657),Tumor,3
604,Tumor- (1046),Tumor,3
605,Tumor- (1790),Tumor,3
606,Tumor- (357),Tumor,3
607,Tumor- (146),Tumor,3
608,Tumor- (808),Tumor,3
609,Tumor- (2187),Tumor,3
610,Tumor- (635),Tumor,3
611,Tumor- (2275),Tumor,3
612,Tumor- (107),Tumor,3
613,Tumor- (407),Tumor,3
614,Tumor- (906),Tumor,3
615,Tumor- (1708),Tumor,3
616,Tumor- (1310),Tumor,3
617,Tumor- (1937),Tumor,3
618,Tumor- (1586),Tumor,3
619,Tumor- (1066),Tumor,3
620,Tumor- (604),Tumor,3
621,Tumor- (1395),Tumor,3
622,Tumor- (2059),Tumor,3
623,Tumor- (1992),Tumor,3
624,Tumor- (654),Tumor,3
625,Tumor- (2046),Tumor,3
626,Tumor- (1453),Tumor,3
627,Tumor- (759),Tumor,3
628,Tumor- (283),Tumor,3
629,Tumor- (2007),Tumor,3
630,Tumor- (1893),Tumor,3
631,Tumor- (2221),Tumor,3
632,Tumor- (2021),Tumor,3
633,Tumor- (2037),Tumor,3
634,Tumor- (1712),Tumor,3
635,Tumor- (1857),Tumor,3
636,Tumor- (1413),Tumor,3
637,Tumor- (712),Tumor,3
638,Tumor- (1975),Tumor,3
639,Tumor- (198),Tumor,3
640,Tumor- (504),Tumor,3
641,Tumor- (714),Tumor,3
642,Tumor- (1711),Tumor,3
643,Tumor- (2155),Tumor,3
644,Tumor- (499),Tumor,3
645,Tumor- (835),Tumor,3
646,Tumor- (33),Tumor,3
647,Tumor- (1096),Tumor,3
648,Tumor- (1786),Tumor,3
649,Tumor- (1609),Tumor,3
650,Tumor- (47),Tumor,3
651,Tumor- (858),Tumor,3
652,Tumor- (583),Tumor,3
653,Tumor- (1737),Tumor,3
654,Tumor- (1051),Tumor,3
655,Tumor- (1268),Tumor,3
656,Tumor- (2241),Tumor,3
657,Tumor- (514),Tumor,3
658,Tumor- (1417),Tumor,3
659,Tumor- (1279),Tumor,3
660,Tumor- (2247),Tumor,3
661,Tumor- (645),Tumor,3
662,Tumor- (2042),Tumor,3
663,Tumor- (211),Tumor,3
664,Tumor- (598),Tumor,3
665,Tumor- (1033),Tumor,3
666,Tumor- (1879),Tumor,3
667,Tumor- (1983),Tumor,3
668,Tumor- (1971),Tumor,3
669,Tumor- (1926),Tumor,3
670,Tumor- (384),Tumor,3
671,Tumor- (1726),Tumor,3
672,Tumor- (401),Tumor,3
673,Tumor- (863),Tumor,3
674,Tumor- (1357),Tumor,3
675,Tumor- (339),Tumor,3
676,Tumor- (1964),Tumor,3
677,Tumor- (845),Tumor,3
678,Tumor- (1014),Tumor,3
679,Tumor- (1317),Tumor,3
680,Tumor- (2109),Tumor,3
681,Tumor- (1140),Tumor,3
682,Tumor- (531),Tumor,3
683,Tumor- (878),Tumor,3
684,Tumor- (758),Tumor,3
685,Tumor- (1025),Tumor,3
686,Tumor- (688),Tumor,3
687,Tumor- (1465),Tumor,3
688,Tumor- (2132),Tumor,3
689,Tumor- (804),Tumor,3
690,Tumor- (1642),Tumor,3
691,Tumor- (2082),Tumor,3
692,Tumor- (1352),Tumor,3
693,Tumor- (264),Tumor,3
694,Tumor- (1037),Tumor,3
695,Tumor- (936),Tumor,3
696,Tumor- (199),Tumor,3
697,Tumor- (2150),Tumor,3
698,Tumor- (783),Tumor,3
699,Tumor- (1539),Tumor,3
700,Tumor- (1282),Tumor,3
701,Tumor- (323),Tumor,3
702,Tumor- (1907),Tumor,3
703,Tumor- (2153),Tumor,3
704,Tumor- (495),Tumor,3
705,Tumor- (2054),Tumor,3
706,Tumor- (2006),Tumor,3
707,Tumor- (201),Tumor,3
708,Tumor- (747),Tumor,3
709,Tumor- (271),Tumor,3
710,Tumor- (1573),Tumor,3
711,Tumor- (1011),Tumor,3
712,Tumor- (643),Tumor,3
713,Tumor- (10),Tumor,3
714,Tumor- (2173),Tumor,3
715,Tumor- (1514),Tumor,3
716,Tumor- (2180),Tumor,3
717,Tumor- (609),Tumor,3
718,Tumor- (2170),Tumor,3
719,Tumor- (28),Tumor,3
720,Tumor- (1052),Tumor,3
721,Tumor- (2282),Tumor,3
722,Tumor- (451),Tumor,3
723,Tumor- (1341),Tumor,3
724,Tumor- (1000),Tumor,3
725,Tumor- (457),Tumor,3
726,Tumor- (1593),Tumor,3
727,Tumor- (69),Tumor,3
728,Tumor- (7),Tumor,3
729,Tumor- (1760),Tumor,3
730,Tumor- (209),Tumor,3
731,Tumor- (920),Tumor,3
732,Tumor- (1805),Tumor,3
733,Tumor- (1966),Tumor,3
734,Tumor- (87),Tumor,3
735,Tumor- (1874),Tumor,3
736,Tumor- (1183),Tumor,3
737,Tumor- (529),Tumor,3
738,Tumor- (796),Tumor,3
739,Tumor- (242),Tumor,3
740,Tumor- (697),Tumor,3
741,Tumor- (1399),Tumor,3
742,Tumor- (976),Tumor,3
743,Tumor- (231),Tumor,3
744,Tumor- (1152),Tumor,3
745,Tumor- (699),Tumor,3
746,Tumor- (680),Tumor,3
747,Tumor- (540),Tumor,3
748,Tumor- (705),Tumor,3
749,Tumor- (1596),Tumor,3
750,Tumor- (2175),Tumor,3
751,Tumor- (2191),Tumor,3
752,Tumor- (1598),Tumor,3
753,Tumor- (2200),Tumor,3
754,Tumor- (1020),Tumor,3
755,Tumor- (317),Tumor,3
756,Tumor- (538),Tumor,3
757,Tumor- (921),Tumor,3
758,Tumor- (403),Tumor,3
759,Tumor- (675),Tumor,3
760,Tumor- (1485),Tumor,3
761,Tumor- (2195),Tumor,3
762,Tumor- (1245),Tumor,3
763,Tumor- (1246),Tumor,3
764,Tumor- (124),Tumor,3
765,Tumor- (733),Tumor,3
766,Tumor- (1645),Tumor,3
767,Tumor- (168),Tumor,3
768,Tumor- (1241),Tumor,3
769,Tumor- (1146),Tumor,3
770,Tumor- (288),Tumor,3
771,Tumor- (37),Tumor,3
772,Tumor- (27),Tumor,3
773,Tumor- (73),Tumor,3
774,Tumor- (1988),Tumor,3
775,Tumor- (761),Tumor,3
776,Tumor- (1068),Tumor,3
777,Tumor- (227),Tumor,3
778,Tumor- (53),Tumor,3
779,Tumor- (2052),Tumor,3
780,Tumor- (816),Tumor,3
781,Tumor- (1160),Tumor,3
782,Tumor- (336),Tumor,3
783,Tumor- (640),Tumor,3
784,Tumor- (416),Tumor,3
785,Tumor- (178),Tumor,3
786,Tumor- (1043),Tumor,3
787,Tumor- (192),Tumor,3
788,Tumor- (1835),Tumor,3
789,Tumor- (2041),Tumor,3
790,Tumor- (957),Tumor,3
791,Tumor- (843),Tumor,3
792,Tumor- (1143),Tumor,3
793,Tumor- (651),Tumor,3
794,Tumor- (371),Tumor,3
795,Tumor- (1752),Tumor,3
796,Tumor- (1501),Tumor,3
797,Tumor- (1665),Tumor,3
798,Tumor- (2032),Tumor,3
799,Tumor- (79),Tumor,3
800,Tumor- (853),Tumor,3
801,Tumor- (113),Tumor,3
802,Tumor- (828),Tumor,3
803,Tumor- (1575),Tumor,3
804,Tumor- (961),Tumor,3
805,Tumor- (827),Tumor,3
806,Tumor- (155),Tumor,3
807,Tumor- (402),Tumor,3
808,Tumor- (372),Tumor,3
809,Tumor- (793),Tumor,3
810,Tumor- (1778),Tumor,3
811,Tumor- (658),Tumor,3
812,Tumor- (692),Tumor,3
813,Tumor- (677),Tumor,3
814,Tumor- (617),Tumor,3
815,Tumor- (1968),Tumor,3
816,Tumor- (857),Tumor,3
817,Tumor- (1982),Tumor,3
818,Tumor- (347),Tumor,3
819,Tumor- (805),Tumor,3
820,Tumor- (1776),Tumor,3
821,Tumor- (1747),Tumor,3
822,Tumor- (687),Tumor,3
823,Tumor- (1940),Tumor,3
824,Tumor- (1834),Tumor,3
825,Tumor- (130),Tumor,3
826,Tumor- (2280),Tumor,3
827,Tumor- (381),Tumor,3
828,Tumor- (1326),Tumor,3
829,Tumor- (1224),Tumor,3
830,Tumor- (1908),Tumor,3
831,Tumor- (1777),Tumor,3
832,Tumor- (2163),Tumor,3
833,Tumor- (1812),Tumor,3
834,Tumor- (1072),Tumor,3
835,Tumor- (2129),Tumor,3
836,Tumor- (1837),Tumor,3
837,Tumor- (1449),Tumor,3
838,Tumor- (1902),Tumor,3
839,Tumor- (841),Tumor,3
840,Tumor- (600),Tumor,3
841,Tumor- (1959),Tumor,3
842,Tumor- (1533),Tumor,3
843,Tumor- (669),Tumor,3
844,Tumor- (1409),Tumor,3
845,Tumor- (639),Tumor,3
846,Tumor- (1139),Tumor,3
847,Tumor- (1447),Tumor,3
848,Tumor- (577),Tumor,3
849,Tumor- (672),Tumor,3
850,Tumor- (943),Tumor,3
851,Tumor- (114),Tumor,3
852,Tumor- (1785),Tumor,3
853,Tumor- (676),Tumor,3
854,Tumor- (57),Tumor,3
855,Tumor- (1221),Tumor,3
856,Tumor- (1536),Tumor,3
857,Tumor- (1883),Tumor,3
858,Tumor- (1590),Tumor,3
859,Tumor- (1861),Tumor,3
860,Tumor- (1941),Tumor,3
861,Tumor- (2053),Tumor,3
862,Tumor- (1690),Tumor,3
863,Tumor- (1516),Tumor,3
864,Tumor- (663),Tumor,3
865,Tumor- (258),Tumor,3
866,Tumor- (101),Tumor,3
867,Tumor- (829),Tumor,3
868,Tumor- (1993),Tumor,3
869,Tumor- (2164),Tumor,3
870,Tumor- (443),Tumor,3
871,Tumor- (1526),Tumor,3
872,Tumor- (1365),Tumor,3
873,Tumor- (252),Tumor,3
874,Tumor- (44),Tumor,3
875,Tumor- (1987),Tumor,3
876,Tumor- (484),Tumor,3
877,Tumor- (2095),Tumor,3
878,Tumor- (1865),Tumor,3
879,Tumor- (607),Tumor,3
880,Tumor- (1373),Tumor,3
881,Tumor- (478),Tumor,3
882,Tumor- (1900),Tumor,3
883,Tumor- (591),Tumor,3
884,Tumor- (2196),Tumor,3
885,Tumor- (181),Tumor,3
886,Tumor- (1903),Tumor,3
887,Tumor- (141),Tumor,3
888,Tumor- (1455),Tumor,3
889,Tumor- (1244),Tumor,3
890,Tumor- (1560),Tumor,3
891,Tumor- (2283),Tumor,3
892,Tumor- (1132),Tumor,3
893,Tumor- (157),Tumor,3
894,Tumor- (169),Tumor,3
895,Tumor- (611),Tumor,3
896,Tumor- (265),Tumor,3
897,Tumor- (309),Tumor,3
898,Tumor- (475),Tumor,3
899,Tumor- (2131),Tumor,3
900,Tumor- (150),Tumor,3
901,Tumor- (2080),Tumor,3
902,Tumor- (1842),Tumor,3
903,Tumor- (1076),Tumor,3
904,Tumor- (1938),Tumor,3
905,Tumor- (1860),Tumor,3
906,Tumor- (1007),Tumor,3
907,Tumor- (2069),Tumor,3
908,Tumor- (800),Tumor,3
909,Tumor- (2043),Tumor,3
910,Tumor- (2185),Tumor,3
911,Tumor- (507),Tumor,3
912,Tumor- (595),Tumor,3
913,Tumor- (1128),Tumor,3
914,Tumor- (1709),Tumor,3
915,Tumor- (562),Tumor,3
916,Tumor- (2209),Tumor,3
917,Tumor- (1049),Tumor,3
918,Tumor- (542),Tumor,3
919,Tumor- (548),Tumor,3
920,Tumor- (1500),Tumor,3
921,Tumor- (300),Tumor,3
922,Tumor- (1218),Tumor,3
923,Tumor- (1285),Tumor,3
924,Tumor- (1060),Tumor,3
925,Tumor- (892),Tumor,3
926,Tumor- (1928),Tumor,3
927,Tumor- (1801),Tumor,3
928,Tumor- (1065),Tumor,3
929,Tumor- (207),Tumor,3
930,Tumor- (1648),Tumor,3
931,Tumor- (1172),Tumor,3
932,Tumor- (1257),Tumor,3
933,Tumor- (1368),Tumor,3
934,Tumor- (2050),Tumor,3
935,Tumor- (615),Tumor,3
936,Tumor- (601),Tumor,3
937,Tumor- (1723),Tumor,3
938,Tumor- (1944),Tumor,3
939,Tumor- (1659),Tumor,3
940,Tumor- (998),Tumor,3
941,Tumor- (2068),Tumor,3
942,Tumor- (218),Tumor,3
943,Tumor- (1761),Tumor,3
944,Tumor- (784),Tumor,3
945,Tumor- (713),Tumor,3
946,Tumor- (1568),Tumor,3
947,Tumor- (60),Tumor,3
948,Tumor- (1839),Tumor,3
949,Tumor- (700),Tumor,3
950,Tumor- (1061),Tumor,3
951,Tumor- (2216),Tumor,3
952,Tumor- (138),Tumor,3
953,Tumor- (1062),Tumor,3
954,Tumor- (1853),Tumor,3
955,Tumor- (1423),Tumor,3
956,Tumor- (2103),Tumor,3
957,Tumor- (1678),Tumor,3
958,Tumor- (1990),Tumor,3
959,Tumor- (582),Tumor,3
960,Tumor- (376),Tumor,3
961,Tumor- (1635),Tumor,3
962,Tumor- (1161),Tumor,3
963,Tumor- (1571),Tumor,3
964,Tumor- (1625),Tumor,3
965,Tumor- (1297),Tumor,3
966,Tumor- (1174),Tumor,3
967,Tumor- (266),Tumor,3
968,Tumor- (986),Tumor,3
969,Tumor- (103),Tumor,3
970,Tumor- (545),Tumor,3
971,Tumor- (1722),Tumor,3
972,Tumor- (1337),Tumor,3
973,Tumor- (737),Tumor,3
974,Tumor- (216),Tumor,3
975,Tumor- (1597),Tumor,3
976,Tumor- (711),Tumor,3
977,Tumor- (1798),Tumor,3
978,Tumor- (420),Tumor,3
979,Tumor- (316),Tumor,3
980,Tumor- (691),Tumor,3
981,Tumor- (2093),Tumor,3
982,Tumor- (938),Tumor,3
983,Tumor- (2040),Tumor,3
984,Tumor- (1211),Tumor,3
985,Tumor- (1016),Tumor,3
986,Tumor- (1827),Tumor,3
987,Tumor- (1531),Tumor,3
988,Tumor- (1917),Tumor,3
989,Tumor- (1091),Tumor,3
990,Tumor- (23),Tumor,3
991,Tumor- (1915),Tumor,3
992,Tumor- (2085),Tumor,3
993,Tumor- (1622),Tumor,3
994,Tumor- (1457),Tumor,3
995,Tumor- (890),Tumor,3
996,Tumor- (498),Tumor,3
997,Tumor- (1509),Tumor,3
998,Tumor- (1877),Tumor,3
999,Tumor- (1290),Tumor,3
1000,Tumor- (2094),Tumor,3
1001,Tumor- (1810),Tumor,3
1002,Tumor- (341),Tumor,3
1003,Tumor- (1010),Tumor,3
1004,Tumor- (813),Tumor,3
1005,Tumor- (1094),Tumor,3
1006,Tumor- (503),Tumor,3
1007,Tumor- (1199),Tumor,3
1008,Tumor- (2083),Tumor,3
1009,Tumor- (2023),Tumor,3
1010,Tumor- (1028),Tumor,3
1011,Tumor- (686),Tumor,3
1012,Tumor- (1673),Tumor,3
1013,Tumor- (1458),Tumor,3
1014,Tumor- (786),Tumor,3
1015,Tumor- (2208),Tumor,3
1016,Tumor- (644),Tumor,3
1017,Tumor- (1151),Tumor,3
1018,Tumor- (388),Tumor,3
1019,Tumor- (1627),Tumor,3
1020,Tumor- (1751),Tumor,3
1021,Tumor- (1849),Tumor,3
1022,Tumor- (1180),Tumor,3
1023,Tumor- (1308),Tumor,3
1024,Tumor- (440),Tumor,3
1025,Tumor- (703),Tumor,3
1026,Tumor- (1324),Tumor,3
1027,Tumor- (72),Tumor,3
1028,Tumor- (2000),Tumor,3
1029,Tumor- (734),Tumor,3
1030,Tumor- (2072),Tumor,3
1031,Tumor- (1448),Tumor,3
1032,Tumor- (1093),Tumor,3
1033,Tumor- (1660),Tumor,3
1034,Tumor- (736),Tumor,3
1035,Tumor- (727),Tumor,3
1036,Tumor- (2171),Tumor,3
1037,Tumor- (2104),Tumor,3
1038,Tumor- (1166),Tumor,3
1039,Tumor- (717),Tumor,3
1040,Tumor- (441),Tumor,3
1041,Tumor- (1343),Tumor,3
1042,Tumor- (1070),Tumor,3
1043,Tumor- (1144),Tumor,3
1044,Tumor- (50),Tumor,3
1045,Tumor- (610),Tumor,3
1046,Tumor- (613),Tumor,3
1047,Tumor- (1967),Tumor,3
1048,Tumor- (1768),Tumor,3
1049,Tumor- (955),Tumor,3
1050,Tumor- (454),Tumor,3
1051,Tumor- (1670),Tumor,3
1052,Tumor- (1089),Tumor,3
1053,Tumor- (1212),Tumor,3
1054,Tumor- (467),Tumor,3
1055,Tumor- (1628),Tumor,3
1056,Tumor- (2166),Tumor,3
1057,Tumor- (1974),Tumor,3
1058,Tumor- (1525),Tumor,3
1059,Tumor- (844),Tumor,3
1060,Tumor- (1369),Tumor,3
1061,Tumor- (2028),Tumor,3
1062,Tumor- (616),Tumor,3
1063,Tumor- (2071),Tumor,3
1064,Tumor- (1894),Tumor,3
1065,Tumor- (1502),Tumor,3
1066,Tumor- (2079),Tumor,3
1067,Tumor- (1237),Tumor,3
1068,Tumor- (1922),Tumor,3
1069,Tumor- (1864),Tumor,3
1070,Tumor- (1641),Tumor,3
1071,Tumor- (2165),Tumor,3
1072,Tumor- (1742),Tumor,3
1073,Tumor- (2125),Tumor,3
1074,Tumor- (2067),Tumor,3
1075,Tumor- (2272),Tumor,3
1076,Tumor- (229),Tumor,3
1077,Tumor- (190),Tumor,3
1078,Tumor- (1872),Tumor,3
1079,Tumor- (1159),Tumor,3
1080,Tumor- (1698),Tumor,3
1081,Tumor- (1473),Tumor,3
1082,Tumor- (2002),Tumor,3
1083,Tumor- (2149),Tumor,3
1084,Tumor- (239),Tumor,3
1085,Tumor- (432),Tumor,3
1086,Tumor- (354),Tumor,3
1087,Tumor- (916),Tumor,3
1088,Tumor- (1228),Tumor,3
1089,Tumor- (2078),Tumor,3
1090,Tumor- (521),Tumor,3
1091,Tumor- (570),Tumor,3
1092,Tumor- (436),Tumor,3
1093,Tumor- (342),Tumor,3
1094,Tumor- (1035),Tumor,3
1095,Tumor- (61),Tumor,3
1096,Tumor- (2223),Tumor,3
1097,Tumor- (95),Tumor,3
1098,Tumor- (1358),Tumor,3
1099,Tumor- (1693),Tumor,3
1100,Tumor- (1074),Tumor,3
1101,Tumor- (605),Tumor,3
1102,Tumor- (470),Tumor,3
1103,Tumor- (1504),Tumor,3
1104,Tumor- (1017),Tumor,3
1105,Tumor- (837),Tumor,3
1106,Tumor- (516),Tumor,3
1107,Tumor- (2213),Tumor,3
1108,Tumor- (299),Tumor,3
1109,Tumor- (1095),Tumor,3
1110,Tumor- (1984),Tumor,3
1111,Tumor- (1561),Tumor,3
1112,Tumor- (1064),Tumor,3
1113,Tumor- (1570),Tumor,3
1114,Tumor- (1936),Tumor,3
1115,Tumor- (1806),Tumor,3
1116,Tumor- (391),Tumor,3
1117,Tumor- (905),Tumor,3
1118,Tumor- (1356),Tumor,3
1119,Tumor- (1038),Tumor,3
1120,Tumor- (123),Tumor,3
1121,Tumor- (729),Tumor,3
1122,Tumor- (59),Tumor,3
1123,Tumor- (2190),Tumor,3
1124,Tumor- (707),Tumor,3
1125,Tumor- (522),Tumor,3
1126,Tumor- (557),Tumor,3
1127,Tumor- (2107),Tumor,3
1128,Tumor- (2248),Tumor,3
1129,Tumor- (1176),Tumor,3
1130,Tumor- (977),Tumor,3
1131,Tumor- (2179),Tumor,3
1132,Tumor- (393),Tumor,3
1133,Tumor- (769),Tumor,3
1134,Tumor- (1551),Tumor,3
1135,Tumor- (64),Tumor,3
1136,Tumor- (188),Tumor,3
1137,Tumor- (923),Tumor,3
1138,Tumor- (592),Tumor,3
1139,Tumor- (1576),Tumor,3
1140,Tumor- (34),Tumor,3
1141,Tumor- (1757),Tumor,3
1142,Tumor- (1415),Tumor,3
1143,Tumor- (1397),Tumor,3
1144,Tumor- (1600),Tumor,3
1145,Tumor- (2022),Tumor,3
1146,Tumor- (1824),Tumor,3
1147,Tumor- (1528),Tumor,3
1148,Tumor- (1385),Tumor,3
1149,Tumor- (1112),Tumor,3
1150,Tumor- (653),Tumor,3
1151,Tumor- (1658),Tumor,3
1152,Tumor- (535),Tumor,3
1153,Tumor- (2273),Tumor,3
1154,Tumor- (867),Tumor,3
1155,Tumor- (1330),Tumor,3
1156,Tumor- (915),Tumor,3
1157,Tumor- (1692),Tumor,3
1158,Tumor- (891),Tumor,3
1159,Tumor- (1431),Tumor,3
1160,Tumor- (1535),Tumor,3
1161,Tumor- (2019),Tumor,3
1162,Tumor- (1804),Tumor,3
1163,Tumor- (219),Tumor,3
1164,Tumor- (505),Tumor,3
1165,Tumor- (1840),Tumor,3
1166,Tumor- (1291),Tumor,3
1167,Tumor- (822),Tumor,3
1168,Tumor- (51),Tumor,3
1169,Tumor- (2262),Tumor,3
1170,Tumor- (1948),Tumor,3
1171,Tumor- (1464),Tumor,3
1172,Tumor- (995),Tumor,3
1173,Tumor- (68),Tumor,3
1174,Tumor- (1040),Tumor,3
1175,Tumor- (476),Tumor,3
1176,Tumor- (990),Tumor,3
1177,Tumor- (909),Tumor,3
1178,Tumor- (732),Tumor,3
1179,Tumor- (1958),Tumor,3
1180,Tumor- (223),Tumor,3
1181,Tumor- (1744),Tumor,3
1182,Tumor- (741),Tumor,3
1183,Tumor- (367),Tumor,3
1184,Tumor- (519),Tumor,3
1185,Tumor- (942),Tumor,3
1186,Tumor- (723),Tumor,3
1187,Tumor- (35),Tumor,3
1188,Tumor- (721),Tumor,3
1189,Tumor- (1655),Tumor,3
1190,Tumor- (291),Tumor,3
1191,Tumor- (314),Tumor,3
1192,Tumor- (71),Tumor,3
1193,Tumor- (1816),Tumor,3
1194,Tumor- (1566),Tumor,3
1195,Tumor- (1084),Tumor,3
1196,Tumor- (2139),Tumor,3
1197,Tumor- (1699),Tumor,3
1198,Tumor- (1272),Tumor,3
1199,Tumor- (158),Tumor,3
1200,Tumor- (802),Tumor,3
1201,Tumor- (413),Tumor,3
1202,Tumor- (1929),Tumor,3
1203,Tumor- (567),Tumor,3
1204,Tumor- (709),Tumor,3
1205,Tumor- (1263),Tumor,3
1206,Tumor- (903),Tumor,3
1207,Tumor- (668),Tumor,3
1208,Tumor- (825),Tumor,3
1209,Tumor- (1141),Tumor,3
1210,Tumor- (421),Tumor,3
1211,Tumor- (148),Tumor,3
1212,Tumor- (189),Tumor,3
1213,Tumor- (1795),Tumor,3
1214,Tumor- (464),Tumor,3
1215,Tumor- (652),Tumor,3
1216,Tumor- (1250),Tumor,3
1217,Tumor- (696),Tumor,3
1218,Tumor- (2098),Tumor,3
1219,Tumor- (1050),Tumor,3
1220,Tumor- (1428),Tumor,3
1221,Tumor- (1329),Tumor,3
1222,Tumor- (456),Tumor,3
1223,Tumor- (343),Tumor,3
1224,Tumor- (1508),Tumor,3
1225,Tumor- (2154),Tumor,3
1226,Tumor- (1589),Tumor,3
1227,Tumor- (1192),Tumor,3
1228,Tumor- (2220),Tumor,3
1229,Tumor- (19),Tumor,3
1230,Tumor- (400),Tumor,3
1231,Tumor- (1456),Tumor,3
1232,Tumor- (222),Tumor,3
1233,Tumor- (479),Tumor,3
1234,Tumor- (2232),Tumor,3
1235,Tumor- (65),Tumor,3
1236,Tumor- (902),Tumor,3
1237,Tumor- (2064),Tumor,3
1238,Tumor- (135),Tumor,3
1239,Tumor- (1617),Tumor,3
1240,Tumor- (154),Tumor,3
1241,Tumor- (1720),Tumor,3
1242,Tumor- (715),Tumor,3
1243,Tumor- (1619),Tumor,3
1244,Tumor- (1511),Tumor,3
1245,Tumor- (1031),Tumor,3
1246,Tumor- (1507),Tumor,3
1247,Tumor- (2014),Tumor,3
1248,Tumor- (365),Tumor,3
1249,Tumor- (862),Tumor,3
1250,Tumor- (1705),Tumor,3
1251,Tumor- (2020),Tumor,3
1252,Tumor- (1562),Tumor,3
1253,Tumor- (1184),Tumor,3
1254,Tumor- (1745),Tumor,3
1255,Tumor- (1424),Tumor,3
1256,Tumor- (1332),Tumor,3
1257,Tumor- (575),Tumor,3
1258,Tumor- (1433),Tumor,3
1259,Tumor- (1657),Tumor,3
1260,Tumor- (1120),Tumor,3
1261,Tumor- (1036),Tumor,3
1262,Tumor- (1896),Tumor,3
1263,Tumor- (1933),Tumor,3
1264,Tumor- (1870),Tumor,3
1265,Tumor- (2172),Tumor,3
1266,Tumor- (1407),Tumor,3
1267,Tumor- (1361),Tumor,3
1268,Tumor- (974),Tumor,3
1269,Tumor- (1604),Tumor,3
1270,Tumor- (949),Tumor,3
1271,Tumor- (267),Tumor,3
1272,Tumor- (1388),Tumor,3
1273,Tumor- (1569),Tumor,3
1274,Tumor- (32),Tumor,3
1275,Tumor- (133),Tumor,3
1276,Tumor- (2194),Tumor,3
1277,Tumor- (143),Tumor,3
1278,Tumor- (116),Tumor,3
1279,Tumor- (490),Tumor,3
1280,Tumor- (889),Tumor,3
1281,Tumor- (1791),Tumor,3
1282,Tumor- (2224),Tumor,3
1283,Tumor- (4),Tumor,3
1284,Tumor- (195),Tumor,3
1285,Tumor- (2193),Tumor,3
1286,Tumor- (31),Tumor,3
1287,Tumor- (247),Tumor,3
1288,Tumor- (850),Tumor,3
1289,Tumor- (937),Tumor,3
1290,Tumor- (36),Tumor,3
1291,Tumor- (1550),Tumor,3
1292,Tumor- (927),Tumor,3
1293,Tumor- (1646),Tumor,3
1294,Tumor- (2250),Tumor,3
1295,Tumor- (694),Tumor,3
1296,Tumor- (684),Tumor,3
1297,Tumor- (1781),Tumor,3
1298,Tumor- (153),Tumor,3
1299,Tumor- (1353),Tumor,3
1300,Tumor- (536),Tumor,3
1301,Tumor- (874),Tumor,3
1302,Tumor- (1314),Tumor,3
1303,Tumor- (1376),Tumor,3
1304,Tumor- (1380),Tumor,3
1305,Tumor- (1119),Tumor,3
1306,Tumor- (922),Tumor,3
1307,Tumor- (90),Tumor,3
1308,Tumor- (330),Tumor,3
1309,Tumor- (370),Tumor,3
1310,Tumor- (1222),Tumor,3
1311,Tumor- (614),Tumor,3
1312,Tumor- (458),Tumor,3
1313,Tumor- (318),Tumor,3
1314,Tumor- (233),Tumor,3
1315,Tumor- (1087),Tumor,3
1316,Tumor- (1963),Tumor,3
1317,Tumor- (1844),Tumor,3
1318,Tumor- (144),Tumor,3
1319,Tumor- (947),Tumor,3
1320,Tumor- (1219),Tumor,3
1321,Tumor- (1889),Tumor,3
1322,Tumor- (1286),Tumor,3
1323,Tumor- (861),Tumor,3
1324,Tumor- (1552),Tumor,3
1325,Tumor- (1728),Tumor,3
1326,Tumor- (894),Tumor,3
1327,Tumor- (2169),Tumor,3
1328,Tumor- (1186),Tumor,3
1329,Tumor- (2188),Tumor,3
1330,Tumor- (487),Tumor,3
1331,Tumor- (2269),Tumor,3
1332,Tumor- (973),Tumor,3
1333,Tumor- (659),Tumor,3
1334,Tumor- (1950),Tumor,3
1335,Tumor- (2013),Tumor,3
1336,Tumor- (509),Tumor,3
1337,Tumor- (108),Tumor,3
1338,Tumor- (311),Tumor,3
1339,Tumor- (2004),Tumor,3
1340,Tumor- (1578),Tumor,3
1341,Tumor- (453),Tumor,3
1342,Tumor- (919),Tumor,3
1343,Tumor- (1871),Tumor,3
1344,Tumor- (1558),Tumor,3
1345,Tumor- (1102),Tumor,3
1346,Tumor- (332),Tumor,3
1347,Tumor- (897),Tumor,3
1348,Tumor- (2096),Tumor,3
1349,Tumor- (1493),Tumor,3
1350,Tumor- (554),Tumor,3
1351,Tumor- (1515),Tumor,3
1352,Tumor- (1408),Tumor,3
1353,Tumor- (967),Tumor,3
1354,Tumor- (1775),Tumor,3
1355,Tumor- (1175),Tumor,3
1356,Tumor- (1608),Tumor,3
1357,Tumor- (1579),Tumor,3
1358,Tumor- (1350),Tumor,3
1359,Tumor- (873),Tumor,3
1360,Tumor- (2234),Tumor,3
1361,Tumor- (369),Tumor,3
1362,Tumor- (1498),Tumor,3
1363,Tumor- (1262),Tumor,3
1364,Tumor- (62),Tumor,3
1365,Tumor- (1554),Tumor,3
1366,Tumor- (1714),Tumor,3
1367,Tumor- (1488),Tumor,3
1368,Tumor- (830),Tumor,3
1369,Tumor- (128),Tumor,3
1370,Tumor- (39),Tumor,3
1371,Tumor- (1654),Tumor,3
1372,Tumor- (248),Tumor,3
1373,Tumor- (908),Tumor,3
1374,Tumor- (2242),Tumor,3
1375,Tumor- (1713),Tumor,3
1376,Tumor- (1783),Tumor,3
1377,Tumor- (807),Tumor,3
1378,Tumor- (1374),Tumor,3
1379,Tumor- (2217),Tumor,3
1380,Tumor- (2176),Tumor,3
1381,Tumor- (549),Tumor,3
1382,Tumor- (1930),Tumor,3
1383,Tumor- (900),Tumor,3
1384,Tumor- (1400),Tumor,3
1385,Tumor- (1732),Tumor,3
1386,Tumor- (334),Tumor,3
1387,Tumor- (755),Tumor,3
1388,Tumor- (1549),Tumor,3
1389,Tumor- (887),Tumor,3
1390,Tumor- (1802),Tumor,3
1391,Tumor- (1148),Tumor,3
1392,Tumor- (412),Tumor,3
1393,Tumor- (335),Tumor,3
1394,Tumor- (1972),Tumor,3
1395,Tumor- (85),Tumor,3
1396,Tumor- (1920),Tumor,3
1397,Tumor- (1637),Tumor,3
1398,Tumor- (100),Tumor,3
1399,Tumor- (728),Tumor,3
1400,Tumor- (642),Tumor,3
1401,Tumor- (981),Tumor,3
1402,Tumor- (1854),Tumor,3
1403,Tumor- (41),Tumor,3
1404,Tumor- (2081),Tumor,3
1405,Tumor- (1387),Tumor,3
1406,Tumor- (1899),Tumor,3
1407,Tumor- (532),Tumor,3
1408,Tumor- (1349),Tumor,3
1409,Tumor- (1490),Tumor,3
1410,Tumor- (1015),Tumor,3
1411,Tumor- (886),Tumor,3
1412,Tumor- (826),Tumor,3
1413,Tumor- (493),Tumor,3
1414,Tumor- (528),Tumor,3
1415,Tumor- (2267),Tumor,3
1416,Tumor- (547),Tumor,3
1417,Tumor- (985),Tumor,3
1418,Tumor- (989),Tumor,3
1419,Tumor- (328),Tumor,3
1420,Tumor- (1592),Tumor,3
1421,Tumor- (997),Tumor,3
1422,Tumor- (1334),Tumor,3
1423,Tumor- (1248),Tumor,3
1424,Tumor- (1034),Tumor,3
1425,Tumor- (1258),Tumor,3
1426,Tumor- (2205),Tumor,3
1427,Tumor- (751),Tumor,3
1428,Tumor- (1703),Tumor,3
1429,Tumor- (1439),Tumor,3
1430,Tumor- (1664),Tumor,3
1431,Tumor- (75),Tumor,3
1432,Tumor- (1019),Tumor,3
1433,Tumor- (1638),Tumor,3
1434,Tumor- (693),Tumor,3
1435,Tumor- (340),Tumor,3
1436,Tumor- (608),Tumor,3
1437,Tumor- (395),Tumor,3
1438,Tumor- (2135),Tumor,3
1439,Tumor- (1162),Tumor,3
1440,Tumor- (1319),Tumor,3
1441,Tumor- (2099),Tumor,3
1442,Tumor- (1393),Tumor,3
1443,Tumor- (187),Tumor,3
1444,Tumor- (1097),Tumor,3
1445,Tumor- (88),Tumor,3
1446,Tumor- (1340),Tumor,3
1447,Tumor- (2066),Tumor,3
1448,Tumor- (460),Tumor,3
1449,Tumor- (2127),Tumor,3
1450,Tumor- (2117),Tumor,3
1451,Tumor- (1364),Tumor,3
1452,Tumor- (1523),Tumor,3
1453,Tumor- (1881),Tumor,3
1454,Tumor- (1595),Tumor,3
1455,Tumor- (1301),Tumor,3
1456,Tumor- (63),Tumor,3
1457,Tumor- (259),Tumor,3
1458,Tumor- (164),Tumor,3
1459,Tumor- (933),Tumor,3
1460,Tumor- (636),Tumor,3
1461,Tumor- (1486),Tumor,3
1462,Tumor- (1750),Tumor,3
1463,Tumor- (308),Tumor,3
1464,Tumor- (307),Tumor,3
1465,Tumor- (1715),Tumor,3
1466,Tumor- (1389),Tumor,3
1467,Tumor- (17),Tumor,3
1468,Tumor- (572),Tumor,3
1469,Tumor- (930),Tumor,3
1470,Tumor- (380),Tumor,3
1471,Tumor- (119),Tumor,3
1472,Tumor- (76),Tumor,3
1473,Tumor- (731),Tumor,3
1474,Tumor- (1270),Tumor,3
1475,Tumor- (1484),Tumor,3
1476,Tumor- (1454),Tumor,3
1477,Tumor- (1056),Tumor,3
1478,Tumor- (461),Tumor,3
1479,Tumor- (596),Tumor,3
1480,Tumor- (1302),Tumor,3
1481,Tumor- (1727),Tumor,3
1482,Tumor- (1320),Tumor,3
1483,Tumor- (1603),Tumor,3
1484,Tumor- (2160),Tumor,3
1485,Tumor- (302),Tumor,3
1486,Tumor- (760),Tumor,3
1487,Tumor- (750),Tumor,3
1488,Tumor- (1766),Tumor,3
1489,Tumor- (254),Tumor,3
1490,Tumor- (1416),Tumor,3
1491,Tumor- (447),Tumor,3
1492,Tumor- (1741),Tumor,3
1493,Tumor- (368),Tumor,3
1494,Tumor- (1499),Tumor,3
1495,Tumor- (1771),Tumor,3
1496,Tumor- (275),Tumor,3
1497,Tumor- (848),Tumor,3
1498,Tumor- (1261),Tumor,3
1499,Tumor- (1109),Tumor,3
1500,Tumor- (1739),Tumor,3
1501,Tumor- (558),Tumor,3
1502,Tumor- (594),Tumor,3
1503,Tumor- (1138),Tumor,3
1504,Tumor- (744),Tumor,3
1505,Tumor- (67),Tumor,3
1506,Tumor- (165),Tumor,3
1507,Tumor- (884),Tumor,3
1508,Tumor- (2201),Tumor,3
1509,Tumor- (25),Tumor,3
1510,Tumor- (1892),Tumor,3
1511,Tumor- (2073),Tumor,3
1512,Tumor- (1135),Tumor,3
1513,Tumor- (1235),Tumor,3
1514,Tumor- (2017),Tumor,3
1515,Tumor- (541),Tumor,3
1516,Tumor- (399),Tumor,3
1517,Tumor- (173),Tumor,3
1518,Tumor- (2031),Tumor,3
1519,Tumor- (1124),Tumor,3
1520,Tumor- (839),Tumor,3
1521,Tumor- (1557),Tumor,3
1522,Tumor- (2186),Tumor,3
1523,Tumor- (1735),Tumor,3
1524,Tumor- (898),Tumor,3
1525,Tumor- (106),Tumor,3
1526,Tumor- (471),Tumor,3
1527,Tumor- (523),Tumor,3
1528,Tumor- (1994),Tumor,3
1529,Tumor- (1911),Tumor,3
1530,Tumor- (2113),Tumor,3
1531,Tumor- (1961),Tumor,3
1532,Tumor- (362),Tumor,3
1533,Tumor- (344),Tumor,3
1534,Tumor- (1099),Tumor,3
1535,Tumor- (325),Tumor,3
1536,Tumor- (1359),Tumor,3
1537,Tumor- (2034),Tumor,3
1538,Tumor- (1188),Tumor,3
1539,Tumor- (895),Tumor,3
1540,Tumor- (1425),Tumor,3
1541,Tumor- (1410),Tumor,3
1542,Tumor- (762),Tumor,3
1543,Tumor- (1402),Tumor,3
1544,Tumor- (1057),Tumor,3
1545,Tumor- (674),Tumor,3
1546,Tumor- (182),Tumor,3
1547,Tumor- (1774),Tumor,3
1548,Tumor- (206),Tumor,3
1549,Tumor- (2051),Tumor,3
1550,Tumor- (673),Tumor,3
1551,Tumor- (1891),Tumor,3
1552,Tumor- (546),Tumor,3
1553,Tumor- (1818),Tumor,3
1554,Tumor- (1121),Tumor,3
1555,Tumor- (764),Tumor,3
1556,Tumor- (1544),Tumor,3
1557,Tumor- (1652),Tumor,3
1558,Tumor- (842),Tumor,3
1559,Tumor- (1749),Tumor,3
1560,Tumor- (2203),Tumor,3
1561,Tumor- (515),Tumor,3
1562,Tumor- (366),Tumor,3
1563,Tumor- (253),Tumor,3
1564,Tumor- (941),Tumor,3
1565,Tumor- (866),Tumor,3
1566,Tumor- (435),Tumor,3
1567,Tumor- (1381),Tumor,3
1568,Tumor- (1278),Tumor,3
1569,Tumor- (533),Tumor,3
1570,Tumor- (2105),Tumor,3
1571,Tumor- (1953),Tumor,3
1572,Tumor- (1979),Tumor,3
1573,Tumor- (1721),Tumor,3
1574,Tumor- (999),Tumor,3
1575,Tumor- (1901),Tumor,3
1576,Tumor- (1684),Tumor,3
1577,Tumor- (462),Tumor,3
1578,Tumor- (324),Tumor,3
1579,Tumor- (170),Tumor,3
1580,Tumor- (775),Tumor,3
1581,Tumor- (789),Tumor,3
1582,Tumor- (1697),Tumor,3
1583,Tumor- (2256),Tumor,3
1584,Tumor- (26),Tumor,3
1585,Tumor- (2144),Tumor,3
1586,Tumor- (681),Tumor,3
1587,Tumor- (1886),Tumor,3
1588,Tumor- (1080),Tumor,3
1589,Tumor- (685),Tumor,3
1590,Tumor- (1198),Tumor,3
1591,Tumor- (1556),Tumor,3
1592,Tumor- (2036),Tumor,3
1593,Tumor- (1153),Tumor,3
1594,Tumor- (993),Tumor,3
1595,Tumor- (241),Tumor,3
1596,Tumor- (1088),Tumor,3
1597,Tumor- (1082),Tumor,3
1598,Tumor- (2115),Tumor,3
1599,Tumor- (1680),Tumor,3
1600,Tumor- (1769),Tumor,3
1601,Tumor- (1765),Tumor,3
1602,Tumor- (561),Tumor,3
1603,Tumor- (1717),Tumor,3
1604,Tumor- (1171),Tumor,3
1605,Tumor- (599),Tumor,3
1606,Tumor- (383),Tumor,3
1607,Tumor- (321),Tumor,3
1608,Tumor- (489),Tumor,3
1609,Tumor- (1614),Tumor,3
1610,Tumor- (1421),Tumor,3
1611,Tumor- (1300),Tumor,3
1612,Tumor- (2035),Tumor,3
1613,Tumor- (320),Tumor,3
1614,Tumor- (1807),Tumor,3
1615,Tumor- (1890),Tumor,3
1616,Tumor- (1280),Tumor,3
1617,Tumor- (363),Tumor,3
1618,Tumor- (2128),Tumor,3
1619,Tumor- (1325),Tumor,3
1620,Tumor- (2197),Tumor,3
1621,Tumor- (1753),Tumor,3
1622,Tumor- (885),Tumor,3
1623,Tumor- (1869),Tumor,3
1624,Tumor- (860),Tumor,3
1625,Tumor- (1377),Tumor,3
1626,Tumor- (1491),Tumor,3
1627,Tumor- (431),Tumor,3
1628,Tumor- (1434),Tumor,3
1629,Tumor- (1426),Tumor,3
1630,Tumor- (262),Tumor,3
1631,Tumor- (1624),Tumor,3
1632,Tumor- (350),Tumor,3
1633,Tumor- (811),Tumor,3
1634,Tumor- (152),Tumor,3
1635,Tumor- (1605),Tumor,3
1636,Tumor- (2091),Tumor,3
1637,Tumor- (2134),Tumor,3
1638,Tumor- (1794),Tumor,3
1639,Tumor- (94),Tumor,3
1640,Tumor- (2084),Tumor,3
1641,Tumor- (1443),Tumor,3
1642,Tumor- (261),Tumor,3
1643,Tumor- (971),Tumor,3
1644,Tumor- (226),Tumor,3
1645,Tumor- (992),Tumor,3
1646,Tumor- (140),Tumor,3
1647,Tumor- (1653),Tumor,3
1648,Tumor- (112),Tumor,3
1649,Tumor- (710),Tumor,3
1650,Tumor- (2048),Tumor,3
1651,Tumor- (281),Tumor,3
1652,Tumor- (1042),Tumor,3
1653,Tumor- (1251),Tumor,3
1654,Tumor- (1027),Tumor,3
1655,Tumor- (2058),Tumor,3
1656,Tumor- (452),Tumor,3
1657,Tumor- (518),Tumor,3
1658,Tumor- (738),Tumor,3
1659,Tumor- (778),Tumor,3
1660,Tumor- (1233),Tumor,3
1661,Tumor- (377),Tumor,3
1662,Tumor- (171),Tumor,3
1663,Tumor- (2008),Tumor,3
1664,Tumor- (1009),Tumor,3
1665,Tumor- (2136),Tumor,3
1666,Tumor- (1288),Tumor,3
1667,Tumor- (1214),Tumor,3
1668,Tumor- (1541),Tumor,3
1669,Tumor- (539),Tumor,3
1670,Tumor- (718),Tumor,3
1671,Tumor- (667),Tumor,3
1672,Tumor- (2271),Tumor,3
1673,Tumor- (2199),Tumor,3
1674,Tumor- (404),Tumor,3
1675,Tumor- (1863),Tumor,3
1676,Tumor- (415),Tumor,3
1677,Tumor- (1299),Tumor,3
1678,Tumor- (1689),Tumor,3
1679,Tumor- (1755),Tumor,3
1680,Tumor- (934),Tumor,3
1681,Tumor- (1265),Tumor,3
1682,Tumor- (634),Tumor,3
1683,Tumor- (1472),Tumor,3
1684,Tumor- (628),Tumor,3
1685,Tumor- (1113),Tumor,3
1686,Tumor- (513),Tumor,3
1687,Tumor- (603),Tumor,3
1688,Tumor- (1476),Tumor,3
1689,Tumor- (581),Tumor,3
1690,Tumor- (1420),Tumor,3
1691,Tumor- (425),Tumor,3
1692,Tumor- (912),Tumor,3
1693,Tumor- (482),Tumor,3
1694,Tumor- (2270),Tumor,3
1695,Tumor- (1372),Tumor,3
1696,Tumor- (2126),Tumor,3
1697,Tumor- (1296),Tumor,3
1698,Tumor- (423),Tumor,3
1699,Tumor- (1462),Tumor,3
1700,Tumor- (352),Tumor,3
1701,Tumor- (928),Tumor,3
1702,Tumor- (1825),Tumor,3
1703,Tumor- (2027),Tumor,3
1704,Tumor- (851),Tumor,3
1705,Tumor- (185),Tumor,3
1706,Tumor- (24),Tumor,3
1707,Tumor- (426),Tumor,3
1708,Tumor- (1880),Tumor,3
1709,Tumor- (847),Tumor,3
1710,Tumor- (1945),Tumor,3
1711,Tumor- (450),Tumor,3
1712,Tumor- (671),Tumor,3
1713,Tumor- (1858),Tumor,3
1714,Tumor- (832),Tumor,3
1715,Tumor- (1295),Tumor,3
1716,Tumor- (1647),Tumor,3
1717,Tumor- (2212),Tumor,3
1718,Tumor- (578),Tumor,3
1719,Tumor- (1327),Tumor,3
1720,Tumor- (1613),Tumor,3
1721,Tumor- (2226),Tumor,3
1722,Tumor- (43),Tumor,3
1723,Tumor- (966),Tumor,3
1724,Tumor- (1005),Tumor,3
1725,Tumor- (1618),Tumor,3
1726,Tumor- (1105),Tumor,3
1727,Tumor- (1127),Tumor,3
1728,Tumor- (6),Tumor,3
1729,Tumor- (1201),Tumor,3
1730,Tumor- (788),Tumor,3
1731,Tumor- (568),Tumor,3
1732,Tumor- (1195),Tumor,3
1733,Tumor- (2276),Tumor,3
1734,Tumor- (1978),Tumor,3
1735,Tumor- (665),Tumor,3
1736,Tumor- (1540),Tumor,3
1737,Tumor- (926),Tumor,3
1738,Tumor- (1239),Tumor,3
1739,Tumor- (2056),Tumor,3
1740,Tumor- (1738),Tumor,3
1741,Tumor- (963),Tumor,3
1742,Tumor- (1129),Tumor,3
1743,Tumor- (338),Tumor,3
1744,Tumor- (1383),Tumor,3
1745,Tumor- (364),Tumor,3
1746,Tumor- (1719),Tumor,3
1747,Tumor- (1323),Tumor,3
1748,Tumor- (392),Tumor,3
1749,Tumor- (1851),Tumor,3
1750,Tumor- (1081),Tumor,3
1751,Tumor- (946),Tumor,3
1752,Tumor- (1916),Tumor,3
1753,Tumor- (1345),Tumor,3
1754,Tumor- (429),Tumor,3
1755,Tumor- (810),Tumor,3
1756,Tumor- (1572),Tumor,3
1757,Tumor- (2207),Tumor,3
1758,Tumor- (15),Tumor,3
1759,Tumor- (417),Tumor,3
1760,Tumor- (175),Tumor,3
1761,Tumor- (1086),Tumor,3
1762,Tumor- (1055),Tumor,3
1763,Tumor- (1240),Tumor,3
1764,Tumor- (1565),Tumor,3
1765,Tumor- (5),Tumor,3
1766,Tumor- (118),Tumor,3
1767,Tumor- (1479),Tumor,3
1768,Tumor- (1384),Tumor,3
1769,Tumor- (1114),Tumor,3
1770,Tumor- (660),Tumor,3
1771,Tumor- (1636),Tumor,3
1772,Tumor- (1441),Tumor,3
1773,Tumor- (1333),Tumor,3
1774,Tumor- (1275),Tumor,3
1775,Tumor- (1271),Tumor,3
1776,Tumor- (979),Tumor,3
1777,Tumor- (20),Tumor,3
1778,Tumor- (682),Tumor,3
1779,Tumor- (469),Tumor,3
1780,Tumor- (725),Tumor,3
1781,Tumor- (126),Tumor,3
1782,Tumor- (2251),Tumor,3
1783,Tumor- (1518),Tumor,3
1784,Tumor- (1607),Tumor,3
1785,Tumor- (2245),Tumor,3
1786,Tumor- (840),Tumor,3
1787,Tumor- (2003),Tumor,3
1788,Tumor- (2102),Tumor,3
1789,Tumor- (956),Tumor,3
1790,Tumor- (987),Tumor,3
1791,Tumor- (795),Tumor,3
1792,Tumor- (1764),Tumor,3
1793,Tumor- (1730),Tumor,3
1794,Tumor- (212),Tumor,3
1795,Tumor- (1136),Tumor,3
1796,Tumor- (543),Tumor,3
1797,Tumor- (2227),Tumor,3
1798,Tumor- (589),Tumor,3
1799,Tumor- (1077),Tumor,3
1800,Tumor- (1895),Tumor,3
1801,Tumor- (1633),Tumor,3
1802,Tumor- (1442),Tumor,3
1803,Tumor- (2263),Tumor,3
1804,Tumor- (2110),Tumor,3
1805,Tumor- (958),Tumor,3
1806,Tumor- (485),Tumor,3
1807,Tumor- (772),Tumor,3
1808,Tumor- (434),Tumor,3
1809,Tumor- (348),Tumor,3
1810,Tumor- (1293),Tumor,3
1811,Tumor- (716),Tumor,3
1812,Tumor- (134),Tumor,3
1813,Tumor- (865),Tumor,3
1814,Tumor- (2204),Tumor,3
1815,Tumor- (1167),Tumor,3
1816,Tumor- (1346),Tumor,3
1817,Tumor- (650),Tumor,3
1818,Tumor- (492),Tumor,3
1819,Tumor- (740),Tumor,3
1820,Tumor- (2243),Tumor,3
1821,Tumor- (2121),Tumor,3
1822,Tumor- (1303),Tumor,3
1823,Tumor- (2215),Tumor,3
1824,Tumor- (661),Tumor,3
1825,Tumor- (555),Tumor,3
1826,Tumor- (230),Tumor,3
1827,Tumor- (632),Tumor,3
1828,Tumor- (664),Tumor,3
1829,Tumor- (1475),Tumor,3
1830,Tumor- (360),Tumor,3
1831,Tumor- (160),Tumor,3
1832,Tumor- (954),Tumor,3
1833,Tumor- (587),Tumor,3
1834,Tumor- (2025),Tumor,3
1835,Tumor- (1946),Tumor,3
1836,Tumor- (1101),Tumor,3
1837,Tumor- (1396),Tumor,3
1838,Tumor- (742),Tumor,3
1839,Tumor- (508),Tumor,3
1840,Tumor- (1809),Tumor,3
1841,Tumor- (2030),Tumor,3
1842,Tumor- (1710),Tumor,3
1843,Tumor- (655),Tumor,3
1844,Tumor- (238),Tumor,3
1845,Tumor- (257),Tumor,3
1846,Tumor- (1702),Tumor,3
1847,Tumor- (1651),Tumor,3
1848,Tumor- (1821),Tumor,3
1849,Tumor- (1125),Tumor,3
1850,Tumor- (1078),Tumor,3
1851,Tumor- (446),Tumor,3
1852,Tumor- (1386),Tumor,3
1853,Tumor- (2124),Tumor,3
1854,Tumor- (1194),Tumor,3
1855,Tumor- (1048),Tumor,3
1856,Tumor- (864),Tumor,3
1857,Tumor- (872),Tumor,3
1858,Tumor- (1446),Tumor,3
1859,Tumor- (1130),Tumor,3
1860,Tumor- (89),Tumor,3
1861,Tumor- (838),Tumor,3
1862,Tumor- (1838),Tumor,3
1863,Tumor- (1170),Tumor,3
1864,Tumor- (115),Tumor,3
1865,Tumor- (1165),Tumor,3
1866,Tumor- (1489),Tumor,3
1867,Tumor- (1553),Tumor,3
1868,Tumor- (1555),Tumor,3
1869,Tumor- (586),Tumor,3
1870,Tumor- (1450),Tumor,3
1871,Tumor- (1580),Tumor,3
1872,Tumor- (136),Tumor,3
1873,Tumor- (80),Tumor,3
1874,Tumor- (1671),Tumor,3
1875,Tumor- (944),Tumor,3
1876,Tumor- (1756),Tumor,3
1877,Tumor- (2044),Tumor,3
1878,Tumor- (1466),Tumor,3
1879,Tumor- (1952),Tumor,3
1880,Tumor- (442),Tumor,3
1881,Tumor- (2259),Tumor,3
1882,Tumor- (910),Tumor,3
1883,Tumor- (766),Tumor,3
1884,Tumor- (2162),Tumor,3
1885,Tumor- (12),Tumor,3
1886,Tumor- (1999),Tumor,3
1887,Tumor- (1063),Tumor,3
1888,Tumor- (1414),Tumor,3
1889,Tumor- (2061),Tumor,3
1890,Tumor- (2011),Tumor,3
1891,Tumor- (2120),Tumor,3
1892,Tumor- (2100),Tumor,3
1893,Tumor- (1264),Tumor,3
1894,Tumor- (162),Tumor,3
1895,Tumor- (180),Tumor,3
1896,Tumor- (1252),Tumor,3
1897,Tumor- (234),Tumor,3
1898,Tumor- (2090),Tumor,3
1899,Tumor- (2236),Tumor,3
1900,Tumor- (1610),Tumor,3
1901,Tumor- (98),Tumor,3
1902,Tumor- (1548),Tumor,3
1903,Tumor- (666),Tumor,3
1904,Tumor- (2235),Tumor,3
1905,Tumor- (2039),Tumor,3
1906,Tumor- (2278),Tumor,3
1907,Tumor- (2092),Tumor,3
1908,Tumor- (2237),Tumor,3
1909,Tumor- (722),Tumor,3
1910,Tumor- (1830),Tumor,3
1911,Tumor- (1203),Tumor,3
1912,Tumor- (846),Tumor,3
1913,Tumor- (1047),Tumor,3
1914,Tumor- (1512),Tumor,3
1915,Tumor- (21),Tumor,3
1916,Tumor- (1142),Tumor,3
1917,Tumor- (494),Tumor,3
1918,Tumor- (373),Tumor,3
1919,Tumor- (1819),Tumor,3
1920,Tumor- (969),Tumor,3
1921,Tumor- (2246),Tumor,3
1922,Tumor- (1567),Tumor,3
1923,Tumor- (290),Tumor,3
1924,Tumor- (1700),Tumor,3
1925,Tumor- (2255),Tumor,3
1926,Tumor- (2063),Tumor,3
1927,Tumor- (179),Tumor,3
1928,Tumor- (932),Tumor,3
1929,Tumor- (414),Tumor,3
1930,Tumor- (251),Tumor,3
1931,Tumor- (1770),Tumor,3
1932,Tumor- (1965),Tumor,3
1933,Tumor- (678),Tumor,3
1934,Tumor- (183),Tumor,3
1935,Tumor- (1674),Tumor,3
1936,Tumor- (1411),Tumor,3
1937,Tumor- (1283),Tumor,3
1938,Tumor- (968),Tumor,3
1939,Tumor- (777),Tumor,3
1940,Tumor- (1932),Tumor,3
1941,Tumor- (701),Tumor,3
1942,Tumor- (1848),Tumor,3
1943,Tumor- (315),Tumor,3
1944,Tumor- (1577),Tumor,3
1945,Tumor- (1202),Tumor,3
1946,Tumor- (1018),Tumor,3
1947,Tumor- (1269),Tumor,3
1948,Tumor- (2142),Tumor,3
1949,Tumor- (753),Tumor,3
1950,Tumor- (1789),Tumor,3
1951,Tumor- (1796),Tumor,3
1952,Tumor- (1662),Tumor,3
1953,Tumor- (1683),Tumor,3
1954,Tumor- (1217),Tumor,3
1955,Tumor- (2070),Tumor,3
1956,Tumor- (1045),Tumor,3
1957,Tumor- (859),Tumor,3
1958,Tumor- (159),Tumor,3
1959,Tumor- (1800),Tumor,3
1960,Tumor- (268),Tumor,3
1961,Tumor- (1123),Tumor,3
1962,Tumor- (2228),Tumor,3
1963,Tumor- (512),Tumor,3
1964,Tumor- (1336),Tumor,3
1965,Tumor- (1054),Tumor,3
1966,Tumor- (255),Tumor,3
1967,Tumor- (2060),Tumor,3
1968,Tumor- (1629),Tumor,3
1969,Tumor- (45),Tumor,3
1970,Tumor- (752),Tumor,3
1971,Tumor- (1406),Tumor,3
1972,Tumor- (918),Tumor,3
1973,Tumor- (1634),Tumor,3
1974,Tumor- (1338),Tumor,3
1975,Tumor- (1362),Tumor,3
1976,Tumor- (111),Tumor,3
1977,Tumor- (375),Tumor,3
1978,Tumor- (276),Tumor,3
1979,Tumor- (174),Tumor,3
1980,Tumor- (292),Tumor,3
1981,Tumor- (1847),Tumor,3
1982,Tumor- (2133),Tumor,3
1983,Tumor- (2148),Tumor,3
1984,Tumor- (524),Tumor,3
1985,Tumor- (1898),Tumor,3
1986,Tumor- (2281),Tumor,3
1987,Tumor- (1828),Tumor,3
1988,Tumor- (929),Tumor,3
1989,Tumor- (510),Tumor,3
1990,Tumor- (1403),Tumor,3
1991,Tumor- (46),Tumor,3
1992,Tumor- (1792),Tumor,3
1993,Tumor- (93),Tumor,3
1994,Tumor- (184),Tumor,3
1995,Tumor- (630),Tumor,3
1996,Tumor- (151),Tumor,3
1997,Tumor- (881),Tumor,3
1998,Tumor- (1746),Tumor,3
1999,Tumor- (1924),Tumor,3
2000,Tumor- (1521),Tumor,3
2001,Tumor- (439),Tumor,3
2002,Tumor- (120),Tumor,3
2003,Tumor- (1823),Tumor,3
2004,Tumor- (2257),Tumor,3
2005,Tumor- (1846),Tumor,3
2006,Tumor- (1582),Tumor,3
2007,Tumor- (3),Tumor,3
2008,Tumor- (333),Tumor,3
2009,Tumor- (791),Tumor,3
2010,Tumor- (566),Tumor,3
2011,Tumor- (1483),Tumor,3
2012,Tumor- (1995),Tumor,3
2013,Tumor- (914),Tumor,3
2014,Tumor- (1643),Tumor,3
2015,Tumor- (641),Tumor,3
2016,Tumor- (520),Tumor,3
2017,Tumor- (780),Tumor,3
2018,Tumor- (1543),Tumor,3
2019,Tumor- (2238),Tumor,3
2020,Tumor- (683),Tumor,3
2021,Tumor- (875),Tumor,3
2022,Tumor- (8),Tumor,3
2023,Tumor- (1939),Tumor,3
2024,Tumor- (525),Tumor,3
2025,Tumor- (551),Tumor,3
2026,Tumor- (1157),Tumor,3
2027,Tumor- (626),Tumor,3
2028,Tumor- (1905),Tumor,3
2029,Tumor- (1347),Tumor,3
2030,Tumor- (1681),Tumor,3
2031,Tumor- (2254),Tumor,3
2032,Tumor- (893),Tumor,3
2033,Tumor- (625),Tumor,3
2034,Tumor- (1960),Tumor,3
2035,Tumor- (1360),Tumor,3
2036,Tumor- (1026),Tumor,3
2037,Tumor- (770),Tumor,3
2038,Tumor- (1601),Tumor,3
2039,Tumor- (1661),Tumor,3
2040,Tumor- (1342),Tumor,3
2041,Tumor- (78),Tumor,3
2042,Tumor- (856),Tumor,3
2043,Tumor- (1612),Tumor,3
2044,Tumor- (606),Tumor,3
2045,Tumor- (2239),Tumor,3
2046,Tumor- (438),Tumor,3
2047,Tumor- (1041),Tumor,3
2048,Tumor- (797),Tumor,3
2049,Tumor- (1906),Tumor,3
2050,Tumor- (2055),Tumor,3
2051,Tumor- (1156),Tumor,3
2052,Tumor- (1522),Tumor,3
2053,Tumor- (1954),Tumor,3
2054,Tumor- (2026),Tumor,3
2055,Tumor- (801),Tumor,3
2056,Tumor- (544),Tumor,3
2057,Tumor- (972),Tumor,3
2058,Tumor- (621),Tumor,3
2059,Tumor- (2049),Tumor,3
2060,Tumor- (2174),Tumor,3
2061,Tumor- (553),Tumor,3
2062,Tumor- (397),Tumor,3
2063,Tumor- (295),Tumor,3
2064,Tumor- (1321),Tumor,3
2065,Tumor- (1173),Tumor,3
2066,Tumor- (1888),Tumor,3
2067,Tumor- (1013),Tumor,3
2068,Tumor- (527),Tumor,3
2069,Tumor- (584),Tumor,3
2070,Tumor- (1921),Tumor,3
2071,Tumor- (2177),Tumor,3
2072,Tumor- (1510),Tumor,3
2073,Tumor- (279),Tumor,3
2074,Tumor- (901),Tumor,3
2075,Tumor- (305),Tumor,3
2076,Tumor- (228),Tumor,3
2077,Tumor- (834),Tumor,3
2078,Tumor- (754),Tumor,3
2079,Tumor- (537),Tumor,3
2080,Tumor- (1923),Tumor,3
2081,Tumor- (2253),Tumor,3
2082,Tumor- (48),Tumor,3
2083,Tumor- (1686),Tumor,3
2084,Tumor- (1032),Tumor,3
2085,Tumor- (1538),Tumor,3
2086,Tumor- (2029),Tumor,3
2087,Tumor- (1227),Tumor,3
2088,Tumor- (2183),Tumor,3
2089,Tumor- (869),Tumor,3
2090,Tumor- (409),Tumor,3
2091,Tumor- (1075),Tumor,3
2092,Tumor- (854),Tumor,3
2093,Tumor- (1117),Tumor,3
2094,Tumor- (1134),Tumor,3
2095,Tumor- (145),Tumor,3
2096,Tumor- (556),Tumor,3
2097,Tumor- (274),Tumor,3
2098,Tumor- (2158),Tumor,3
2099,Tumor- (210),Tumor,3
2100,Tumor- (54),Tumor,3
2101,Tumor- (2114),Tumor,3
2102,Tumor- (1758),Tumor,3
2103,Tumor- (232),Tumor,3
2104,Tumor- (1845),Tumor,3
2105,Tumor- (1529),Tumor,3
2106,Tumor- (1267),Tumor,3
2107,Tumor- (980),Tumor,3
2108,Tumor- (1788),Tumor,3
2109,Tumor- (1927),Tumor,3
2110,Tumor- (2075),Tumor,3
2111,Tumor- (1371),Tumor,3
2112,Tumor- (1991),Tumor,3
2113,Tumor- (297),Tumor,3
2114,Tumor- (1131),Tumor,3
2115,Tumor- (448),Tumor,3
2116,Tumor- (1591),Tumor,3
2117,Tumor- (77),Tumor,3
2118,Tumor- (349),Tumor,3
2119,Tumor- (2178),Tumor,3
2120,Tumor- (1672),Tumor,3
2121,Tumor- (1225),Tumor,3
2122,Tumor- (2),Tumor,3
2123,Tumor- (1355),Tumor,3
2124,Tumor- (2260),Tumor,3
2125,Tumor- (1209),Tumor,3
2126,Tumor- (2252),Tumor,3
2127,Tumor- (1067),Tumor,3
2128,Tumor- (177),Tumor,3
2129,Tumor- (597),Tumor,3
2130,Tumor- (1885),Tumor,3
2131,Tumor- (2106),Tumor,3
2132,Tumor- (1115),Tumor,3
2133,Tumor- (1216),Tumor,3
2134,Tumor- (1471),Tumor,3
2135,Tumor- (142),Tumor,3
2136,Tumor- (1012),Tumor,3
2137,Tumor- (1677),Tumor,3
2138,Tumor- (560),Tumor,3
2139,Tumor- (105),Tumor,3
2140,Tumor- (1506),Tumor,3
2141,Tumor- (1444),Tumor,3
2142,Tumor- (1833),Tumor,3
2143,Tumor- (814),Tumor,3
2144,Tumor- (2189),Tumor,3
2145,Tumor- (719),Tumor,3
2146,Tumor- (1998),Tumor,3
2147,Tumor- (2182),Tumor,3
2148,Tumor- (1918),Tumor,3
2149,Tumor- (1574),Tumor,3
2150,Tumor- (1836),Tumor,3
2151,Tumor- (1254),Tumor,3
2152,Tumor- (1432),Tumor,3
2153,Tumor- (394),Tumor,3
2154,Tumor- (1468),Tumor,3
2155,Tumor- (1292),Tumor,3
2156,Tumor- (1532),Tumor,3
2157,Tumor- (565),Tumor,3
2158,Tumor- (868),Tumor,3
2159,Tumor- (2097),Tumor,3
2160,Tumor- (1247),Tumor,3
2161,Tumor- (904),Tumor,3
2162,Tumor- (2047),Tumor,3
2163,Tumor- (473),Tumor,3
2164,Tumor- (1367),Tumor,3
2165,Tumor- (1287),Tumor,3
2166,Tumor- (1773),Tumor,3
2167,Tumor- (2141),Tumor,3
2168,Tumor- (1621),Tumor,3
2169,Tumor- (771),Tumor,3
2170,Tumor- (1620),Tumor,3
2171,Tumor- (167),Tumor,3
2172,Tumor- (1822),Tumor,3
2173,Tumor- (149),Tumor,3
2174,Tumor- (13),Tumor,3
2175,Tumor- (1226),Tumor,3
2176,Tumor- (346),Tumor,3
2177,Tumor- (576),Tumor,3
2178,Tumor- (483),Tumor,3
2179,Tumor- (1382),Tumor,3
2180,Tumor- (1108),Tumor,3
2181,Tumor- (196),Tumor,3
2182,Tumor- (1594),Tumor,3
2183,Tumor- (1663),Tumor,3
2184,Tumor- (962),Tumor,3
2185,Tumor- (748),Tumor,3
2186,Tumor- (1688),Tumor,3
2187,Tumor- (326),Tumor,3
2188,Tumor- (1667),Tumor,3
2189,Tumor- (387),Tumor,3
2190,Tumor- (1391),Tumor,3
2191,Tumor- (965),Tumor,3
2192,Tumor- (1312),Tumor,3
2193,Tumor- (1205),Tumor,3
2194,Tumor- (573),Tumor,3
2195,Tumor- (506),Tumor,3
2196,Tumor- (99),Tumor,3
2197,Tumor- (427),Tumor,3
2198,Tumor- (952),Tumor,3
2199,Tumor- (1478),Tumor,3
2200,Tumor- (1882),Tumor,3
2201,Tumor- (593),Tumor,3
2202,Tumor- (1873),Tumor,3
2203,Tumor- (16),Tumor,3
2204,Tumor- (1797),Tumor,3
2205,Tumor- (1817),Tumor,3
2206,Tumor- (2161),Tumor,3
2207,Tumor- (646),Tumor,3
2208,Tumor- (156),Tumor,3
2209,Tumor- (263),Tumor,3
2210,Tumor- (361),Tumor,3
2211,Tumor- (437),Tumor,3
2212,Tumor- (1494),Tumor,3
2213,Tumor- (2010),Tumor,3
2214,Tumor- (779),Tumor,3
2215,Tumor- (303),Tumor,3
2216,Tumor- (163),Tumor,3
2217,Tumor- (1459),Tumor,3
2218,Tumor- (1977),Tumor,3
2219,Tumor- (55),Tumor,3
2220,Tumor- (1799),Tumor,3
2221,Tumor- (1318),Tumor,3
2222,Tumor- (1259),Tumor,3
2223,Tumor- (1784),Tumor,3
2224,Tumor- (964),Tumor,3
2225,Tumor- (1931),Tumor,3
2226,Tumor- (1520),Tumor,3
2227,Tumor- (1430),Tumor,3
2228,Tumor- (1513),Tumor,3
2229,Tumor- (49),Tumor,3
2230,Tumor- (444),Tumor,3
2231,Tumor- (463),Tumor,3
2232,Tumor- (1640),Tumor,3
2233,Tumor- (1390),Tumor,3
2234,Tumor- (204),Tumor,3
2235,Tumor- (1207),Tumor,3
2236,Tumor- (390),Tumor,3
2237,Tumor- (877),Tumor,3
2238,Tumor- (870),Tumor,3
2239,Tumor- (679),Tumor,3
2240,Tumor- (1763),Tumor,3
2241,Tumor- (1632),Tumor,3
2242,Tumor- (1779),Tumor,3
2243,Tumor- (1004),Tumor,3
2244,Tumor- (1897),Tumor,3
2245,Tumor- (1),Tumor,3
2246,Tumor- (690),Tumor,3
2247,Tumor- (994),Tumor,3
2248,Tumor- (1969),Tumor,3
2249,Tumor- (1976),Tumor,3
2250,Tumor- (1859),Tumor,3
2251,Tumor- (782),Tumor,3
2252,Tumor- (1309),Tumor,3
2253,Tumor- (1111),Tumor,3
2254,Tumor- (1876),Tumor,3
2255,Tumor- (2258),Tumor,3
2256,Tumor- (623),Tumor,3
2257,Tumor- (1039),Tumor,3
2258,Tumor- (1053),Tumor,3
2259,Tumor- (1527),Tumor,3
2260,Tumor- (1253),Tumor,3
2261,Tumor- (773),Tumor,3
2262,Tumor- (1909),Tumor,3
2263,Tumor- (1687),Tumor,3
2264,Tumor- (225),Tumor,3
2265,Tumor- (1412),Tumor,3
2266,Tumor- (117),Tumor,3
2267,Tumor- (385),Tumor,3
2268,Tumor- (1955),Tumor,3
2269,Tumor- (1451),Tumor,3
2270,Tumor- (486),Tumor,3
2271,Tumor- (1298),Tumor,3
2272,Tumor- (132),Tumor,3
2273,Tumor- (2001),Tumor,3
2274,Tumor- (975),Tumor,3
2275,Tumor- (1495),Tumor,3
2276,Tumor- (622),Tumor,3
2277,Tumor- (191),Tumor,3
2278,Tumor- (629),Tumor,3
2279,Tumor- (2087),Tumor,3
2280,Tumor- (217),Tumor,3
2281,Tumor- (799),Tumor,3
2282,Tumor- (1497),Tumor,3
2283,Normal- (818),Normal,1
2284,Normal- (492),Normal,1
2285,Normal- (278),Normal,1
2286,Normal- (2950),Normal,1
2287,Normal- (3069),Normal,1
2288,Normal- (37),Normal,1
2289,Normal- (2286),Normal,1
2290,Normal- (3148),Normal,1
2291,Normal- (4710),Normal,1
2292,Normal- (3877),Normal,1
2293,Normal- (879),Normal,1
2294,Normal- (573),Normal,1
2295,Normal- (2596),Normal,1
2296,Normal- (3630),Normal,1
2297,Normal- (45),Normal,1
2298,Normal- (2749),Normal,1
2299,Normal- (816),Normal,1
2300,Normal- (4239),Normal,1
2301,Normal- (4258),Normal,1
2302,Normal- (1240),Normal,1
2303,Normal- (2220),Normal,1
2304,Normal- (4904),Normal,1
2305,Normal- (4881),Normal,1
2306,Normal- (765),Normal,1
2307,Normal- (4306),Normal,1
2308,Normal- (643),Normal,1
2309,Normal- (992),Normal,1
2310,Normal- (3591),Normal,1
2311,Normal- (5053),Normal,1
2312,Normal- (2369),Normal,1
2313,Normal- (936),Normal,1
2314,Normal- (3208),Normal,1
2315,Normal- (5035),Normal,1
2316,Normal- (2441),Normal,1
2317,Normal- (5061),Normal,1
2318,Normal- (209),Normal,1
2319,Normal- (3701),Normal,1
2320,Normal- (611),Normal,1
2321,Normal- (4400),Normal,1
2322,Normal- (4115),Normal,1
2323,Normal- (855),Normal,1
2324,Normal- (1246),Normal,1
2325,Normal- (4452),Normal,1
2326,Normal- (4961),Normal,1
2327,Normal- (325),Normal,1
2328,Normal- (2791),Normal,1
2329,Normal- (16),Normal,1
2330,Normal- (4221),Normal,1
2331,Normal- (981),Normal,1
2332,Normal- (763),Normal,1
2333,Normal- (4684),Normal,1
2334,Normal- (2231),Normal,1
2335,Normal- (3101),Normal,1
2336,Normal- (4204),Normal,1
2337,Normal- (3453),Normal,1
2338,Normal- (1301),Normal,1
2339,Normal- (2659),Normal,1
2340,Normal- (940),Normal,1
2341,Normal- (2430),Normal,1
2342,Normal- (1531),Normal,1
2343,Normal- (4864),Normal,1
2344,Normal- (5066),Normal,1
2345,Normal- (4677),Normal,1
2346,Normal- (2787),Normal,1
2347,Normal- (1062),Normal,1
2348,Normal- (2612),Normal,1
2349,Normal- (3254),Normal,1
2350,Normal- (2679),Normal,1
2351,Normal- (2204),Normal,1
2352,Normal- (3338),Normal,1
2353,Normal- (156),Normal,1
2354,Normal- (2147),Normal,1
2355,Normal- (1105),Normal,1
2356,Normal- (3444),Normal,1
2357,Normal- (1867),Normal,1
2358,Normal- (2340),Normal,1
2359,Normal- (2984),Normal,1
2360,Normal- (2236),Normal,1
2361,Normal- (2492),Normal,1
2362,Normal- (1121),Normal,1
2363,Normal- (4855),Normal,1
2364,Normal- (2975),Normal,1
2365,Normal- (2737),Normal,1
2366,Normal- (653),Normal,1
2367,Normal- (773),Normal,1
2368,Normal- (836),Normal,1
2369,Normal- (2808),Normal,1
2370,Normal- (2047),Normal,1
2371,Normal- (4460),Normal,1
2372,Normal- (3535),Normal,1
2373,Normal- (2864),Normal,1
2374,Normal- (1666),Normal,1
2375,Normal- (736),Normal,1
2376,Normal- (1449),Normal,1
2377,Normal- (3414),Normal,1
2378,Normal- (1652),Normal,1
2379,Normal- (3684),Normal,1
2380,Normal- (2684),Normal,1
2381,Normal- (1665),Normal,1
2382,Normal- (432),Normal,1
2383,Normal- (4152),Normal,1
2384,Normal- (867),Normal,1
2385,Normal- (1123),Normal,1
2386,Normal- (2336),Normal,1
2387,Normal- (3706),Normal,1
2388,Normal- (4111),Normal,1
2389,Normal- (2759),Normal,1
2390,Normal- (4205),Normal,1
2391,Normal- (4985),Normal,1
2392,Normal- (2578),Normal,1
2393,Normal- (3366),Normal,1
2394,Normal- (905),Normal,1
2395,Normal- (4323),Normal,1
2396,Normal- (2727),Normal,1
2397,Normal- (1460),Normal,1
2398,Normal- (279),Normal,1
2399,Normal- (558),Normal,1
2400,Normal- (582),Normal,1
2401,Normal- (3207),Normal,1
2402,Normal- (2031),Normal,1
2403,Normal- (3798),Normal,1
2404,Normal- (3205),Normal,1
2405,Normal- (473),Normal,1
2406,Normal- (3371),Normal,1
2407,Normal- (4698),Normal,1
2408,Normal- (823),Normal,1
2409,Normal- (4754),Normal,1
2410,Normal- (622),Normal,1
2411,Normal- (1635),Normal,1
2412,Normal- (3475),Normal,1
2413,Normal- (4466),Normal,1
2414,Normal- (2667),Normal,1
2415,Normal- (4561),Normal,1
2416,Normal- (1759),Normal,1
2417,Normal- (1198),Normal,1
2418,Normal- (3218),Normal,1
2419,Normal- (1691),Normal,1
2420,Normal- (2487),Normal,1
2421,Normal- (2423),Normal,1
2422,Normal- (825),Normal,1
2423,Normal- (1034),Normal,1
2424,Normal- (481),Normal,1
2425,Normal- (2308),Normal,1
2426,Normal- (3631),Normal,1
2427,Normal- (2764),Normal,1
2428,Normal- (1307),Normal,1
2429,Normal- (2752),Normal,1
2430,Normal- (3107),Normal,1
2431,Normal- (3634),Normal,1
2432,Normal- (737),Normal,1
2433,Normal- (162),Normal,1
2434,Normal- (2983),Normal,1
2435,Normal- (914),Normal,1
2436,Normal- (2558),Normal,1
2437,Normal- (4368),Normal,1
2438,Normal- (2822),Normal,1
2439,Normal- (4189),Normal,1
2440,Normal- (409),Normal,1
2441,Normal- (233),Normal,1
2442,Normal- (2493),Normal,1
2443,Normal- (4107),Normal,1
2444,Normal- (3472),Normal,1
2445,Normal- (1119),Normal,1
2446,Normal- (4644),Normal,1
2447,Normal- (1969),Normal,1
2448,Normal- (997),Normal,1
2449,Normal- (1997),Normal,1
2450,Normal- (3206),Normal,1
2451,Normal- (1378),Normal,1
2452,Normal- (1481),Normal,1
2453,Normal- (705),Normal,1
2454,Normal- (2644),Normal,1
2455,Normal- (1720),Normal,1
2456,Normal- (3510),Normal,1
2457,Normal- (1028),Normal,1
2458,Normal- (540),Normal,1
2459,Normal- (4361),Normal,1
2460,Normal- (277),Normal,1
2461,Normal- (1270),Normal,1
2462,Normal- (2252),Normal,1
2463,Normal- (2338),Normal,1
2464,Normal- (691),Normal,1
2465,Normal- (2946),Normal,1
2466,Normal- (3075),Normal,1
2467,Normal- (636),Normal,1
2468,Normal- (2484),Normal,1
2469,Normal- (3149),Normal,1
2470,Normal- (1474),Normal,1
2471,Normal- (2952),Normal,1
2472,Normal- (3180),Normal,1
2473,Normal- (554),Normal,1
2474,Normal- (4486),Normal,1
2475,Normal- (2546),Normal,1
2476,Normal- (1051),Normal,1
2477,Normal- (3347),Normal,1
2478,Normal- (4146),Normal,1
2479,Normal- (4195),Normal,1
2480,Normal- (1415),Normal,1
2481,Normal- (3595),Normal,1
2482,Normal- (4761),Normal,1
2483,Normal- (2030),Normal,1
2484,Normal- (2688),Normal,1
2485,Normal- (4014),Normal,1
2486,Normal- (1063),Normal,1
2487,Normal- (550),Normal,1
2488,Normal- (2175),Normal,1
2489,Normal- (4762),Normal,1
2490,Normal- (1769),Normal,1
2491,Normal- (3432),Normal,1
2492,Normal- (474),Normal,1
2493,Normal- (2178),Normal,1
2494,Normal- (3865),Normal,1
2495,Normal- (977),Normal,1
2496,Normal- (3522),Normal,1
2497,Normal- (1541),Normal,1
2498,Normal- (767),Normal,1
2499,Normal- (3990),Normal,1
2500,Normal- (3952),Normal,1
2501,Normal- (490),Normal,1
2502,Normal- (2948),Normal,1
2503,Normal- (4408),Normal,1
2504,Normal- (252),Normal,1
2505,Normal- (3821),Normal,1
2506,Normal- (4114),Normal,1
2507,Normal- (4092),Normal,1
2508,Normal- (519),Normal,1
2509,Normal- (184),Normal,1
2510,Normal- (3569),Normal,1
2511,Normal- (2652),Normal,1
2512,Normal- (1276),Normal,1
2513,Normal- (1944),Normal,1
2514,Normal- (3454),Normal,1
2515,Normal- (3469),Normal,1
2516,Normal- (2661),Normal,1
2517,Normal- (4617),Normal,1
2518,Normal- (296),Normal,1
2519,Normal- (125),Normal,1
2520,Normal- (3620),Normal,1
2521,Normal- (13),Normal,1
2522,Normal- (4257),Normal,1
2523,Normal- (2955),Normal,1
2524,Normal- (400),Normal,1
2525,Normal- (2428),Normal,1
2526,Normal- (2442),Normal,1
2527,Normal- (487),Normal,1
2528,Normal- (375),Normal,1
2529,Normal- (4036),Normal,1
2530,Normal- (3545),Normal,1
2531,Normal- (724),Normal,1
2532,Normal- (2225),Normal,1
2533,Normal- (1259),Normal,1
2534,Normal- (126),Normal,1
2535,Normal- (2943),Normal,1
2536,Normal- (4492),Normal,1
2537,Normal- (1891),Normal,1
2538,Normal- (996),Normal,1
2539,Normal- (2343),Normal,1
2540,Normal- (3019),Normal,1
2541,Normal- (733),Normal,1
2542,Normal- (201),Normal,1
2543,Normal- (412),Normal,1
2544,Normal- (328),Normal,1
2545,Normal- (3969),Normal,1
2546,Normal- (929),Normal,1
2547,Normal- (3580),Normal,1
2548,Normal- (2091),Normal,1
2549,Normal- (137),Normal,1
2550,Normal- (2809),Normal,1
2551,Normal- (1843),Normal,1
2552,Normal- (3196),Normal,1
2553,Normal- (12),Normal,1
2554,Normal- (2218),Normal,1
2555,Normal- (3730),Normal,1
2556,Normal- (3070),Normal,1
2557,Normal- (2321),Normal,1
2558,Normal- (362),Normal,1
2559,Normal- (2174),Normal,1
2560,Normal- (4403),Normal,1
2561,Normal- (2069),Normal,1
2562,Normal- (2266),Normal,1
2563,Normal- (1604),Normal,1
2564,Normal- (4519),Normal,1
2565,Normal- (4421),Normal,1
2566,Normal- (1527),Normal,1
2567,Normal- (4522),Normal,1
2568,Normal- (4621),Normal,1
2569,Normal- (2751),Normal,1
2570,Normal- (1869),Normal,1
2571,Normal- (1553),Normal,1
2572,Normal- (746),Normal,1
2573,Normal- (4186),Normal,1
2574,Normal- (1983),Normal,1
2575,Normal- (444),Normal,1
2576,Normal- (4990),Normal,1
2577,Normal- (2987),Normal,1
2578,Normal- (1202),Normal,1
2579,Normal- (1832),Normal,1
2580,Normal- (2268),Normal,1
2581,Normal- (4585),Normal,1
2582,Normal- (3203),Normal,1
2583,Normal- (2763),Normal,1
2584,Normal- (4901),Normal,1
2585,Normal- (1309),Normal,1
2586,Normal- (766),Normal,1
2587,Normal- (1263),Normal,1
2588,Normal- (4297),Normal,1
2589,Normal- (76),Normal,1
2590,Normal- (4487),Normal,1
2591,Normal- (1328),Normal,1
2592,Normal- (2636),Normal,1
2593,Normal- (1374),Normal,1
2594,Normal- (4226),Normal,1
2595,Normal- (1486),Normal,1
2596,Normal- (204),Normal,1
2597,Normal- (2663),Normal,1
2598,Normal- (3694),Normal,1
2599,Normal- (755),Normal,1
2600,Normal- (3859),Normal,1
2601,Normal- (4129),Normal,1
2602,Normal- (4252),Normal,1
2603,Normal- (2673),Normal,1
2604,Normal- (1115),Normal,1
2605,Normal- (1844),Normal,1
2606,Normal- (4254),Normal,1
2607,Normal- (2402),Normal,1
2608,Normal- (4305),Normal,1
2609,Normal- (4932),Normal,1
2610,Normal- (1648),Normal,1
2611,Normal- (131),Normal,1
2612,Normal- (3748),Normal,1
2613,Normal- (1882),Normal,1
2614,Normal- (968),Normal,1
2615,Normal- (4271),Normal,1
2616,Normal- (4296),Normal,1
2617,Normal- (1320),Normal,1
2618,Normal- (1659),Normal,1
2619,Normal- (1698),Normal,1
2620,Normal- (788),Normal,1
2621,Normal- (2683),Normal,1
2622,Normal- (1450),Normal,1
2623,Normal- (59),Normal,1
2624,Normal- (1426),Normal,1
2625,Normal- (2022),Normal,1
2626,Normal- (2158),Normal,1
2627,Normal- (548),Normal,1
2628,Normal- (1660),Normal,1
2629,Normal- (2208),Normal,1
2630,Normal- (1434),Normal,1
2631,Normal- (2701),Normal,1
2632,Normal- (4838),Normal,1
2633,Normal- (5033),Normal,1
2634,Normal- (4868),Normal,1
2635,Normal- (124),Normal,1
2636,Normal- (2623),Normal,1
2637,Normal- (1100),Normal,1
2638,Normal- (3499),Normal,1
2639,Normal- (91),Normal,1
2640,Normal- (1624),Normal,1
2641,Normal- (337),Normal,1
2642,Normal- (1287),Normal,1
2643,Normal- (4169),Normal,1
2644,Normal- (4053),Normal,1
2645,Normal- (4274),Normal,1
2646,Normal- (3703),Normal,1
2647,Normal- (3579),Normal,1
2648,Normal- (4989),Normal,1
2649,Normal- (202),Normal,1
2650,Normal- (3576),Normal,1
2651,Normal- (3088),Normal,1
2652,Normal- (551),Normal,1
2653,Normal- (2275),Normal,1
2654,Normal- (901),Normal,1
2655,Normal- (4386),Normal,1
2656,Normal- (3767),Normal,1
2657,Normal- (3289),Normal,1
2658,Normal- (4021),Normal,1
2659,Normal- (4517),Normal,1
2660,Normal- (1631),Normal,1
2661,Normal- (786),Normal,1
2662,Normal- (2604),Normal,1
2663,Normal- (1089),Normal,1
2664,Normal- (4234),Normal,1
2665,Normal- (177),Normal,1
2666,Normal- (543),Normal,1
2667,Normal- (3323),Normal,1
2668,Normal- (3084),Normal,1
2669,Normal- (3188),Normal,1
2670,Normal- (2407),Normal,1
2671,Normal- (1010),Normal,1
2672,Normal- (327),Normal,1
2673,Normal- (4322),Normal,1
2674,Normal- (4600),Normal,1
2675,Normal- (3290),Normal,1
2676,Normal- (387),Normal,1
2677,Normal- (4105),Normal,1
2678,Normal- (683),Normal,1
2679,Normal- (4802),Normal,1
2680,Normal- (3666),Normal,1
2681,Normal- (2559),Normal,1
2682,Normal- (141),Normal,1
2683,Normal- (3874),Normal,1
2684,Normal- (3705),Normal,1
2685,Normal- (2523),Normal,1
2686,Normal- (1825),Normal,1
2687,Normal- (4363),Normal,1
2688,Normal- (2257),Normal,1
2689,Normal- (1602),Normal,1
2690,Normal- (2008),Normal,1
2691,Normal- (3500),Normal,1
2692,Normal- (4934),Normal,1
2693,Normal- (2567),Normal,1
2694,Normal- (3110),Normal,1
2695,Normal- (4518),Normal,1
2696,Normal- (3814),Normal,1
2697,Normal- (2273),Normal,1
2698,Normal- (1549),Normal,1
2699,Normal- (3875),Normal,1
2700,Normal- (4118),Normal,1
2701,Normal- (949),Normal,1
2702,Normal- (4680),Normal,1
2703,Normal- (986),Normal,1
2704,Normal- (368),Normal,1
2705,Normal- (1159),Normal,1
2706,Normal- (1002),Normal,1
2707,Normal- (145),Normal,1
2708,Normal- (1466),Normal,1
2709,Normal- (266),Normal,1
2710,Normal- (4566),Normal,1
2711,Normal- (1514),Normal,1
2712,Normal- (4222),Normal,1
2713,Normal- (4383),Normal,1
2714,Normal- (169),Normal,1
2715,Normal- (1132),Normal,1
2716,Normal- (2203),Normal,1
2717,Normal- (4810),Normal,1
2718,Normal- (3962),Normal,1
2719,Normal- (1030),Normal,1
2720,Normal- (2696),Normal,1
2721,Normal- (239),Normal,1
2722,Normal- (1632),Normal,1
2723,Normal- (1762),Normal,1
2724,Normal- (1744),Normal,1
2725,Normal- (2783),Normal,1
2726,Normal- (1275),Normal,1
2727,Normal- (3026),Normal,1
2728,Normal- (1649),Normal,1
2729,Normal- (3420),Normal,1
2730,Normal- (4030),Normal,1
2731,Normal- (3123),Normal,1
2732,Normal- (3286),Normal,1
2733,Normal- (3998),Normal,1
2734,Normal- (4752),Normal,1
2735,Normal- (3540),Normal,1
2736,Normal- (2046),Normal,1
2737,Normal- (3353),Normal,1
2738,Normal- (176),Normal,1
2739,Normal- (729),Normal,1
2740,Normal- (4227),Normal,1
2741,Normal- (3447),Normal,1
2742,Normal- (486),Normal,1
2743,Normal- (1876),Normal,1
2744,Normal- (1368),Normal,1
2745,Normal- (303),Normal,1
2746,Normal- (3126),Normal,1
2747,Normal- (1706),Normal,1
2748,Normal- (4134),Normal,1
2749,Normal- (3683),Normal,1
2750,Normal- (2675),Normal,1
2751,Normal- (2303),Normal,1
2752,Normal- (4753),Normal,1
2753,Normal- (872),Normal,1
2754,Normal- (2637),Normal,1
2755,Normal- (1971),Normal,1
2756,Normal- (1548),Normal,1
2757,Normal- (4194),Normal,1
2758,Normal- (1477),Normal,1
2759,Normal- (623),Normal,1
2760,Normal- (2890),Normal,1
2761,Normal- (3099),Normal,1
2762,Normal- (4704),Normal,1
2763,Normal- (4924),Normal,1
2764,Normal- (1617),Normal,1
2765,Normal- (77),Normal,1
2766,Normal- (3397),Normal,1
2767,Normal- (26),Normal,1
2768,Normal- (3764),Normal,1
2769,Normal- (1794),Normal,1
2770,Normal- (1615),Normal,1
2771,Normal- (4911),Normal,1
2772,Normal- (838),Normal,1
2773,Normal- (246),Normal,1
2774,Normal- (5007),Normal,1
2775,Normal- (384),Normal,1
2776,Normal- (2270),Normal,1
2777,Normal- (4935),Normal,1
2778,Normal- (3435),Normal,1
2779,Normal- (574),Normal,1
2780,Normal- (681),Normal,1
2781,Normal- (654),Normal,1
2782,Normal- (1535),Normal,1
2783,Normal- (1433),Normal,1
2784,Normal- (518),Normal,1
2785,Normal- (3031),Normal,1
2786,Normal- (2079),Normal,1
2787,Normal- (660),Normal,1
2788,Normal- (371),Normal,1
2789,Normal- (373),Normal,1
2790,Normal- (2609),Normal,1
2791,Normal- (621),Normal,1
2792,Normal- (2264),Normal,1
2793,Normal- (4462),Normal,1
2794,Normal- (1584),Normal,1
2795,Normal- (3858),Normal,1
2796,Normal- (2902),Normal,1
2797,Normal- (4722),Normal,1
2798,Normal- (1963),Normal,1
2799,Normal- (365),Normal,1
2800,Normal- (1546),Normal,1
2801,Normal- (1764),Normal,1
2802,Normal- (4625),Normal,1
2803,Normal- (19),Normal,1
2804,Normal- (1182),Normal,1
2805,Normal- (4040),Normal,1
2806,Normal- (4749),Normal,1
2807,Normal- (2117),Normal,1
2808,Normal- (3734),Normal,1
2809,Normal- (3625),Normal,1
2810,Normal- (3886),Normal,1
2811,Normal- (2156),Normal,1
2812,Normal- (206),Normal,1
2813,Normal- (4220),Normal,1
2814,Normal- (1874),Normal,1
2815,Normal- (2723),Normal,1
2816,Normal- (3707),Normal,1
2817,Normal- (1025),Normal,1
2818,Normal- (3236),Normal,1
2819,Normal- (4574),Normal,1
2820,Normal- (4936),Normal,1
2821,Normal- (3176),Normal,1
2822,Normal- (1760),Normal,1
2823,Normal- (2996),Normal,1
2824,Normal- (1456),Normal,1
2825,Normal- (1926),Normal,1
2826,Normal- (1822),Normal,1
2827,Normal- (501),Normal,1
2828,Normal- (2576),Normal,1
2829,Normal- (1491),Normal,1
2830,Normal- (2816),Normal,1
2831,Normal- (1913),Normal,1
2832,Normal- (154),Normal,1
2833,Normal- (4123),Normal,1
2834,Normal- (1352),Normal,1
2835,Normal- (4023),Normal,1
2836,Normal- (1916),Normal,1
2837,Normal- (4771),Normal,1
2838,Normal- (3150),Normal,1
2839,Normal- (1098),Normal,1
2840,Normal- (1155),Normal,1
2841,Normal- (148),Normal,1
2842,Normal- (456),Normal,1
2843,Normal- (2780),Normal,1
2844,Normal- (2420),Normal,1
2845,Normal- (627),Normal,1
2846,Normal- (1324),Normal,1
2847,Normal- (1533),Normal,1
2848,Normal- (2868),Normal,1
2849,Normal- (1808),Normal,1
2850,Normal- (549),Normal,1
2851,Normal- (3743),Normal,1
2852,Normal- (716),Normal,1
2853,Normal- (1919),Normal,1
2854,Normal- (3036),Normal,1
2855,Normal- (4264),Normal,1
2856,Normal- (3033),Normal,1
2857,Normal- (360),Normal,1
2858,Normal- (1271),Normal,1
2859,Normal- (1053),Normal,1
2860,Normal- (3909),Normal,1
2861,Normal- (2333),Normal,1
2862,Normal- (630),Normal,1
2863,Normal- (629),Normal,1
2864,Normal- (2448),Normal,1
2865,Normal- (791),Normal,1
2866,Normal- (1850),Normal,1
2867,Normal- (2097),Normal,1
2868,Normal- (1582),Normal,1
2869,Normal- (4971),Normal,1
2870,Normal- (457),Normal,1
2871,Normal- (2861),Normal,1
2872,Normal- (357),Normal,1
2873,Normal- (4529),Normal,1
2874,Normal- (3513),Normal,1
2875,Normal- (3115),Normal,1
2876,Normal- (1346),Normal,1
2877,Normal- (3066),Normal,1
2878,Normal- (3773),Normal,1
2879,Normal- (4308),Normal,1
2880,Normal- (4664),Normal,1
2881,Normal- (2581),Normal,1
2882,Normal- (4041),Normal,1
2883,Normal- (1675),Normal,1
2884,Normal- (1807),Normal,1
2885,Normal- (2262),Normal,1
2886,Normal- (4261),Normal,1
2887,Normal- (2353),Normal,1
2888,Normal- (1471),Normal,1
2889,Normal- (2974),Normal,1
2890,Normal- (3419),Normal,1
2891,Normal- (1961),Normal,1
2892,Normal- (3557),Normal,1
2893,Normal- (933),Normal,1
2894,Normal- (1589),Normal,1
2895,Normal- (4523),Normal,1
2896,Normal- (2465),Normal,1
2897,Normal- (4524),Normal,1
2898,Normal- (1357),Normal,1
2899,Normal- (690),Normal,1
2900,Normal- (1680),Normal,1
2901,Normal- (3994),Normal,1
2902,Normal- (4734),Normal,1
2903,Normal- (1305),Normal,1
2904,Normal- (3372),Normal,1
2905,Normal- (1637),Normal,1
2906,Normal- (1986),Normal,1
2907,Normal- (1243),Normal,1
2908,Normal- (3860),Normal,1
2909,Normal- (483),Normal,1
2910,Normal- (1647),Normal,1
2911,Normal- (2048),Normal,1
2912,Normal- (3530),Normal,1
2913,Normal- (4159),Normal,1
2914,Normal- (2474),Normal,1
2915,Normal- (544),Normal,1
2916,Normal- (3958),Normal,1
2917,Normal- (1783),Normal,1
2918,Normal- (3622),Normal,1
2919,Normal- (4609),Normal,1
2920,Normal- (1427),Normal,1
2921,Normal- (2010),Normal,1
2922,Normal- (5027),Normal,1
2923,Normal- (2998),Normal,1
2924,Normal- (1812),Normal,1
2925,Normal- (1247),Normal,1
2926,Normal- (4867),Normal,1
2927,Normal- (3697),Normal,1
2928,Normal- (4373),Normal,1
2929,Normal- (4668),Normal,1
2930,Normal- (3492),Normal,1
2931,Normal- (4530),Normal,1
2932,Normal- (4495),Normal,1
2933,Normal- (982),Normal,1
2934,Normal- (1836),Normal,1
2935,Normal- (1485),Normal,1
2936,Normal- (4139),Normal,1
2937,Normal- (1428),Normal,1
2938,Normal- (1172),Normal,1
2939,Normal- (341),Normal,1
2940,Normal- (2061),Normal,1
2941,Normal- (2070),Normal,1
2942,Normal- (4769),Normal,1
2943,Normal- (2372),Normal,1
2944,Normal- (3809),Normal,1
2945,Normal- (756),Normal,1
2946,Normal- (4503),Normal,1
2947,Normal- (4458),Normal,1
2948,Normal- (3855),Normal,1
2949,Normal- (1370),Normal,1
2950,Normal- (678),Normal,1
2951,Normal- (1996),Normal,1
2952,Normal- (1895),Normal,1
2953,Normal- (1840),Normal,1
2954,Normal- (49),Normal,1
2955,Normal- (3086),Normal,1
2956,Normal- (4183),Normal,1
2957,Normal- (1989),Normal,1
2958,Normal- (575),Normal,1
2959,Normal- (4404),Normal,1
2960,Normal- (1998),Normal,1
2961,Normal- (4691),Normal,1
2962,Normal- (185),Normal,1
2963,Normal- (3358),Normal,1
2964,Normal- (3936),Normal,1
2965,Normal- (983),Normal,1
2966,Normal- (3839),Normal,1
2967,Normal- (3007),Normal,1
2968,Normal- (3304),Normal,1
2969,Normal- (3758),Normal,1
2970,Normal- (1312),Normal,1
2971,Normal- (1501),Normal,1
2972,Normal- (3252),Normal,1
2973,Normal- (3796),Normal,1
2974,Normal- (2399),Normal,1
2975,Normal- (2786),Normal,1
2976,Normal- (1151),Normal,1
2977,Normal- (22),Normal,1
2978,Normal- (5077),Normal,1
2979,Normal- (4551),Normal,1
2980,Normal- (2),Normal,1
2981,Normal- (4675),Normal,1
2982,Normal- (2980),Normal,1
2983,Normal- (4732),Normal,1
2984,Normal- (2092),Normal,1
2985,Normal- (3000),Normal,1
2986,Normal- (4427),Normal,1
2987,Normal- (1165),Normal,1
2988,Normal- (4507),Normal,1
2989,Normal- (757),Normal,1
2990,Normal- (1187),Normal,1
2991,Normal- (3411),Normal,1
2992,Normal- (8),Normal,1
2993,Normal- (1594),Normal,1
2994,Normal- (2355),Normal,1
2995,Normal- (2994),Normal,1
2996,Normal- (1267),Normal,1
2997,Normal- (4774),Normal,1
2998,Normal- (1948),Normal,1
2999,Normal- (465),Normal,1
3000,Normal- (265),Normal,1
3001,Normal- (2463),Normal,1
3002,Normal- (1219),Normal,1
3003,Normal- (1414),Normal,1
3004,Normal- (1061),Normal,1
3005,Normal- (1120),Normal,1
3006,Normal- (833),Normal,1
3007,Normal- (1571),Normal,1
3008,Normal- (3908),Normal,1
3009,Normal- (2148),Normal,1
3010,Normal- (3085),Normal,1
3011,Normal- (2803),Normal,1
3012,Normal- (3002),Normal,1
3013,Normal- (2725),Normal,1
3014,Normal- (3740),Normal,1
3015,Normal- (1081),Normal,1
3016,Normal- (32),Normal,1
3017,Normal- (4656),Normal,1
3018,Normal- (342),Normal,1
3019,Normal- (3546),Normal,1
3020,Normal- (1009),Normal,1
3021,Normal- (800),Normal,1
3022,Normal- (3723),Normal,1
3023,Normal- (2590),Normal,1
3024,Normal- (2509),Normal,1
3025,Normal- (2011),Normal,1
3026,Normal- (2057),Normal,1
3027,Normal- (3344),Normal,1
3028,Normal- (1686),Normal,1
3029,Normal- (1033),Normal,1
3030,Normal- (4968),Normal,1
3031,Normal- (1394),Normal,1
3032,Normal- (1110),Normal,1
3033,Normal- (274),Normal,1
3034,Normal- (1242),Normal,1
3035,Normal- (3332),Normal,1
3036,Normal- (3483),Normal,1
3037,Normal- (1495),Normal,1
3038,Normal- (673),Normal,1
3039,Normal- (1801),Normal,1
3040,Normal- (4580),Normal,1
3041,Normal- (758),Normal,1
3042,Normal- (1302),Normal,1
3043,Normal- (452),Normal,1
3044,Normal- (1027),Normal,1
3045,Normal- (1230),Normal,1
3046,Normal- (2699),Normal,1
3047,Normal- (3693),Normal,1
3048,Normal- (4909),Normal,1
3049,Normal- (684),Normal,1
3050,Normal- (2392),Normal,1
3051,Normal- (4589),Normal,1
3052,Normal- (4552),Normal,1
3053,Normal- (2871),Normal,1
3054,Normal- (5031),Normal,1
3055,Normal- (1710),Normal,1
3056,Normal- (3954),Normal,1
3057,Normal- (2401),Normal,1
3058,Normal- (1465),Normal,1
3059,Normal- (1251),Normal,1
3060,Normal- (1940),Normal,1
3061,Normal- (1036),Normal,1
3062,Normal- (3512),Normal,1
3063,Normal- (499),Normal,1
3064,Normal- (1391),Normal,1
3065,Normal- (4605),Normal,1
3066,Normal- (2540),Normal,1
3067,Normal- (4872),Normal,1
3068,Normal- (904),Normal,1
3069,Normal- (3709),Normal,1
3070,Normal- (1605),Normal,1
3071,Normal- (3471),Normal,1
3072,Normal- (3975),Normal,1
3073,Normal- (216),Normal,1
3074,Normal- (1367),Normal,1
3075,Normal- (3262),Normal,1
3076,Normal- (1473),Normal,1
3077,Normal- (4976),Normal,1
3078,Normal- (1528),Normal,1
3079,Normal- (699),Normal,1
3080,Normal- (669),Normal,1
3081,Normal- (308),Normal,1
3082,Normal- (656),Normal,1
3083,Normal- (1381),Normal,1
3084,Normal- (1360),Normal,1
3085,Normal- (3941),Normal,1
3086,Normal- (2473),Normal,1
3087,Normal- (1636),Normal,1
3088,Normal- (3553),Normal,1
3089,Normal- (2210),Normal,1
3090,Normal- (3838),Normal,1
3091,Normal- (93),Normal,1
3092,Normal- (4022),Normal,1
3093,Normal- (1864),Normal,1
3094,Normal- (1200),Normal,1
3095,Normal- (4575),Normal,1
3096,Normal- (2847),Normal,1
3097,Normal- (2651),Normal,1
3098,Normal- (1087),Normal,1
3099,Normal- (470),Normal,1
3100,Normal- (3173),Normal,1
3101,Normal- (1820),Normal,1
3102,Normal- (2038),Normal,1
3103,Normal- (4723),Normal,1
3104,Normal- (3646),Normal,1
3105,Normal- (1262),Normal,1
3106,Normal- (293),Normal,1
3107,Normal- (3619),Normal,1
3108,Normal- (4767),Normal,1
3109,Normal- (2181),Normal,1
3110,Normal- (3450),Normal,1
3111,Normal- (1475),Normal,1
3112,Normal- (633),Normal,1
3113,Normal- (29),Normal,1
3114,Normal- (3973),Normal,1
3115,Normal- (4531),Normal,1
3116,Normal- (1847),Normal,1
3117,Normal- (657),Normal,1
3118,Normal- (3434),Normal,1
3119,Normal- (875),Normal,1
3120,Normal- (5000),Normal,1
3121,Normal- (81),Normal,1
3122,Normal- (1264),Normal,1
3123,Normal- (4247),Normal,1
3124,Normal- (2076),Normal,1
3125,Normal- (4555),Normal,1
3126,Normal- (3959),Normal,1
3127,Normal- (4069),Normal,1
3128,Normal- (959),Normal,1
3129,Normal- (2458),Normal,1
3130,Normal- (1883),Normal,1
3131,Normal- (3993),Normal,1
3132,Normal- (1447),Normal,1
3133,Normal- (3604),Normal,1
3134,Normal- (4973),Normal,1
3135,Normal- (4461),Normal,1
3136,Normal- (4180),Normal,1
3137,Normal- (2635),Normal,1
3138,Normal- (820),Normal,1
3139,Normal- (2504),Normal,1
3140,Normal- (313),Normal,1
3141,Normal- (1784),Normal,1
3142,Normal- (529),Normal,1
3143,Normal- (3675),Normal,1
3144,Normal- (2471),Normal,1
3145,Normal- (4786),Normal,1
3146,Normal- (1991),Normal,1
3147,Normal- (2006),Normal,1
3148,Normal- (4833),Normal,1
3149,Normal- (3391),Normal,1
3150,Normal- (1712),Normal,1
3151,Normal- (4318),Normal,1
3152,Normal- (3753),Normal,1
3153,Normal- (2125),Normal,1
3154,Normal- (3920),Normal,1
3155,Normal- (3887),Normal,1
3156,Normal- (3030),Normal,1
3157,Normal- (4468),Normal,1
3158,Normal- (2434),Normal,1
3159,Normal- (408),Normal,1
3160,Normal- (2591),Normal,1
3161,Normal- (1613),Normal,1
3162,Normal- (3558),Normal,1
3163,Normal- (3617),Normal,1
3164,Normal- (2409),Normal,1
3165,Normal- (4482),Normal,1
3166,Normal- (3521),Normal,1
3167,Normal- (1738),Normal,1
3168,Normal- (3933),Normal,1
3169,Normal- (1838),Normal,1
3170,Normal- (3199),Normal,1
3171,Normal- (4851),Normal,1
3172,Normal- (1366),Normal,1
3173,Normal- (4639),Normal,1
3174,Normal- (3175),Normal,1
3175,Normal- (2189),Normal,1
3176,Normal- (1217),Normal,1
3177,Normal- (991),Normal,1
3178,Normal- (348),Normal,1
3179,Normal- (1190),Normal,1
3180,Normal- (427),Normal,1
3181,Normal- (1464),Normal,1
3182,Normal- (3947),Normal,1
3183,Normal- (271),Normal,1
3184,Normal- (1408),Normal,1
3185,Normal- (4229),Normal,1
3186,Normal- (2904),Normal,1
3187,Normal- (2034),Normal,1
3188,Normal- (4835),Normal,1
3189,Normal- (4703),Normal,1
3190,Normal- (3315),Normal,1
3191,Normal- (4756),Normal,1
3192,Normal- (1416),Normal,1
3193,Normal- (50),Normal,1
3194,Normal- (4837),Normal,1
3195,Normal- (781),Normal,1
3196,Normal- (4694),Normal,1
3197,Normal- (3485),Normal,1
3198,Normal- (1552),Normal,1
3199,Normal- (2144),Normal,1
3200,Normal- (4669),Normal,1
3201,Normal- (1778),Normal,1
3202,Normal- (1476),Normal,1
3203,Normal- (2676),Normal,1
3204,Normal- (2697),Normal,1
3205,Normal- (1875),Normal,1
3206,Normal- (448),Normal,1
3207,Normal- (316),Normal,1
3208,Normal- (1915),Normal,1
3209,Normal- (3264),Normal,1
3210,Normal- (2235),Normal,1
3211,Normal- (4088),Normal,1
3212,Normal- (2132),Normal,1
3213,Normal- (2802),Normal,1
3214,Normal- (598),Normal,1
3215,Normal- (5022),Normal,1
3216,Normal- (1633),Normal,1
3217,Normal- (3418),Normal,1
3218,Normal- (4844),Normal,1
3219,Normal- (3763),Normal,1
3220,Normal- (4822),Normal,1
3221,Normal- (315),Normal,1
3222,Normal- (2536),Normal,1
3223,Normal- (5030),Normal,1
3224,Normal- (4658),Normal,1
3225,Normal- (224),Normal,1
3226,Normal- (2687),Normal,1
3227,Normal- (3563),Normal,1
3228,Normal- (1845),Normal,1
3229,Normal- (1114),Normal,1
3230,Normal- (784),Normal,1
3231,Normal- (4161),Normal,1
3232,Normal- (4213),Normal,1
3233,Normal- (4895),Normal,1
3234,Normal- (4807),Normal,1
3235,Normal- (680),Normal,1
3236,Normal- (2360),Normal,1
3237,Normal- (1163),Normal,1
3238,Normal- (388),Normal,1
3239,Normal- (2921),Normal,1
3240,Normal- (3711),Normal,1
3241,Normal- (3015),Normal,1
3242,Normal- (1424),Normal,1
3243,Normal- (4292),Normal,1
3244,Normal- (2970),Normal,1
3245,Normal- (1622),Normal,1
3246,Normal- (200),Normal,1
3247,Normal- (2743),Normal,1
3248,Normal- (1108),Normal,1
3249,Normal- (1148),Normal,1
3250,Normal- (2770),Normal,1
3251,Normal- (1942),Normal,1
3252,Normal- (4599),Normal,1
3253,Normal- (2457),Normal,1
3254,Normal- (2152),Normal,1
3255,Normal- (1694),Normal,1
3256,Normal- (4847),Normal,1
3257,Normal- (356),Normal,1
3258,Normal- (3831),Normal,1
3259,Normal- (4024),Normal,1
3260,Normal- (4586),Normal,1
3261,Normal- (1982),Normal,1
3262,Normal- (379),Normal,1
3263,Normal- (2966),Normal,1
3264,Normal- (4869),Normal,1
3265,Normal- (1410),Normal,1
3266,Normal- (4355),Normal,1
3267,Normal- (741),Normal,1
3268,Normal- (619),Normal,1
3269,Normal- (4208),Normal,1
3270,Normal- (3769),Normal,1
3271,Normal- (2838),Normal,1
3272,Normal- (4511),Normal,1
3273,Normal- (1627),Normal,1
3274,Normal- (624),Normal,1
3275,Normal- (4375),Normal,1
3276,Normal- (4263),Normal,1
3277,Normal- (2339),Normal,1
3278,Normal- (1140),Normal,1
3279,Normal- (3671),Normal,1
3280,Normal- (4538),Normal,1
3281,Normal- (3136),Normal,1
3282,Normal- (5009),Normal,1
3283,Normal- (4203),Normal,1
3284,Normal- (2724),Normal,1
3285,Normal- (3229),Normal,1
3286,Normal- (1244),Normal,1
3287,Normal- (3817),Normal,1
3288,Normal- (3462),Normal,1
3289,Normal- (4060),Normal,1
3290,Normal- (4286),Normal,1
3291,Normal- (2798),Normal,1
3292,Normal- (3966),Normal,1
3293,Normal- (4637),Normal,1
3294,Normal- (3348),Normal,1
3295,Normal- (4255),Normal,1
3296,Normal- (256),Normal,1
3297,Normal- (2122),Normal,1
3298,Normal- (4179),Normal,1
3299,Normal- (3602),Normal,1
3300,Normal- (4798),Normal,1
3301,Normal- (3652),Normal,1
3302,Normal- (2812),Normal,1
3303,Normal- (1756),Normal,1
3304,Normal- (3742),Normal,1
3305,Normal- (847),Normal,1
3306,Normal- (4032),Normal,1
3307,Normal- (2939),Normal,1
3308,Normal- (2326),Normal,1
3309,Normal- (194),Normal,1
3310,Normal- (2597),Normal,1
3311,Normal- (3234),Normal,1
3312,Normal- (324),Normal,1
3313,Normal- (4843),Normal,1
3314,Normal- (1467),Normal,1
3315,Normal- (607),Normal,1
3316,Normal- (4614),Normal,1
3317,Normal- (1269),Normal,1
3318,Normal- (4125),Normal,1
3319,Normal- (956),Normal,1
3320,Normal- (3059),Normal,1
3321,Normal- (2879),Normal,1
3322,Normal- (3300),Normal,1
3323,Normal- (1509),Normal,1
3324,Normal- (4582),Normal,1
3325,Normal- (2238),Normal,1
3326,Normal- (1293),Normal,1
3327,Normal- (2211),Normal,1
3328,Normal- (4546),Normal,1
3329,Normal- (2359),Normal,1
3330,Normal- (3400),Normal,1
3331,Normal- (3442),Normal,1
3332,Normal- (1758),Normal,1
3333,Normal- (3460),Normal,1
3334,Normal- (1752),Normal,1
3335,Normal- (1096),Normal,1
3336,Normal- (191),Normal,1
3337,Normal- (4778),Normal,1
3338,Normal- (2289),Normal,1
3339,Normal- (1643),Normal,1
3340,Normal- (2797),Normal,1
3341,Normal- (273),Normal,1
3342,Normal- (3856),Normal,1
3343,Normal- (578),Normal,1
3344,Normal- (4727),Normal,1
3345,Normal- (3906),Normal,1
3346,Normal- (3220),Normal,1
3347,Normal- (1943),Normal,1
3348,Normal- (1332),Normal,1
3349,Normal- (1638),Normal,1
3350,Normal- (3566),Normal,1
3351,Normal- (310),Normal,1
3352,Normal- (3398),Normal,1
3353,Normal- (829),Normal,1
3354,Normal- (3621),Normal,1
3355,Normal- (2574),Normal,1
3356,Normal- (3708),Normal,1
3357,Normal- (4295),Normal,1
3358,Normal- (594),Normal,1
3359,Normal- (2429),Normal,1
3360,Normal- (4385),Normal,1
3361,Normal- (4946),Normal,1
3362,Normal- (3056),Normal,1
3363,Normal- (3321),Normal,1
3364,Normal- (1567),Normal,1
3365,Normal- (3235),Normal,1
3366,Normal- (3725),Normal,1
3367,Normal- (4246),Normal,1
3368,Normal- (1026),Normal,1
3369,Normal- (3548),Normal,1
3370,Normal- (1679),Normal,1
3371,Normal- (2960),Normal,1
3372,Normal- (2706),Normal,1
3373,Normal- (747),Normal,1
3374,Normal- (4834),Normal,1
3375,Normal- (813),Normal,1
3376,Normal- (2055),Normal,1
3377,Normal- (620),Normal,1
3378,Normal- (4641),Normal,1
3379,Normal- (74),Normal,1
3380,Normal- (4780),Normal,1
3381,Normal- (1949),Normal,1
3382,Normal- (374),Normal,1
3383,Normal- (182),Normal,1
3384,Normal- (1126),Normal,1
3385,Normal- (4354),Normal,1
3386,Normal- (2449),Normal,1
3387,Normal- (2410),Normal,1
3388,Normal- (2304),Normal,1
3389,Normal- (893),Normal,1
3390,Normal- (4804),Normal,1
3391,Normal- (4076),Normal,1
3392,Normal- (1478),Normal,1
3393,Normal- (4137),Normal,1
3394,Normal- (249),Normal,1
3395,Normal- (869),Normal,1
3396,Normal- (546),Normal,1
3397,Normal- (2049),Normal,1
3398,Normal- (443),Normal,1
3399,Normal- (1601),Normal,1
3400,Normal- (963),Normal,1
3401,Normal- (2845),Normal,1
3402,Normal- (381),Normal,1
3403,Normal- (1510),Normal,1
3404,Normal- (3103),Normal,1
3405,Normal- (3271),Normal,1
3406,Normal- (4065),Normal,1
3407,Normal- (2073),Normal,1
3408,Normal- (3653),Normal,1
3409,Normal- (3049),Normal,1
3410,Normal- (1377),Normal,1
3411,Normal- (2418),Normal,1
3412,Normal- (134),Normal,1
3413,Normal- (4147),Normal,1
3414,Normal- (3724),Normal,1
3415,Normal- (30),Normal,1
3416,Normal- (4683),Normal,1
3417,Normal- (4654),Normal,1
3418,Normal- (2481),Normal,1
3419,Normal- (2104),Normal,1
3420,Normal- (4887),Normal,1
3421,Normal- (4003),Normal,1
3422,Normal- (340),Normal,1
3423,Normal- (1958),Normal,1
3424,Normal- (404),Normal,1
3425,Normal- (1224),Normal,1
3426,Normal- (2765),Normal,1
3427,Normal- (3732),Normal,1
3428,Normal- (1231),Normal,1
3429,Normal- (4878),Normal,1
3430,Normal- (1511),Normal,1
3431,Normal- (3648),Normal,1
3432,Normal- (1268),Normal,1
3433,Normal- (5055),Normal,1
3434,Normal- (1417),Normal,1
3435,Normal- (2720),Normal,1
3436,Normal- (883),Normal,1
3437,Normal- (3714),Normal,1
3438,Normal- (580),Normal,1
3439,Normal- (197),Normal,1
3440,Normal- (545),Normal,1
3441,Normal- (396),Normal,1
3442,Normal- (934),Normal,1
3443,Normal- (1586),Normal,1
3444,Normal- (4729),Normal,1
3445,Normal- (2766),Normal,1
3446,Normal- (4396),Normal,1
3447,Normal- (1387),Normal,1
3448,Normal- (973),Normal,1
3449,Normal- (5043),Normal,1
3450,Normal- (500),Normal,1
3451,Normal- (4245),Normal,1
3452,Normal- (4412),Normal,1
3453,Normal- (4716),Normal,1
3454,Normal- (3514),Normal,1
3455,Normal- (257),Normal,1
3456,Normal- (795),Normal,1
3457,Normal- (4742),Normal,1
3458,Normal- (1283),Normal,1
3459,Normal- (85),Normal,1
3460,Normal- (4006),Normal,1
3461,Normal- (2924),Normal,1
3462,Normal- (615),Normal,1
3463,Normal- (3846),Normal,1
3464,Normal- (2649),Normal,1
3465,Normal- (4505),Normal,1
3466,Normal- (4174),Normal,1
3467,Normal- (1218),Normal,1
3468,Normal- (4813),Normal,1
3469,Normal- (2932),Normal,1
3470,Normal- (1194),Normal,1
3471,Normal- (2856),Normal,1
3472,Normal- (2947),Normal,1
3473,Normal- (972),Normal,1
3474,Normal- (17),Normal,1
3475,Normal- (4141),Normal,1
3476,Normal- (3232),Normal,1
3477,Normal- (213),Normal,1
3478,Normal- (2450),Normal,1
3479,Normal- (1650),Normal,1
3480,Normal- (3815),Normal,1
3481,Normal- (2242),Normal,1
3482,Normal- (4381),Normal,1
3483,Normal- (352),Normal,1
3484,Normal- (2398),Normal,1
3485,Normal- (2539),Normal,1
3486,Normal- (1990),Normal,1
3487,Normal- (4166),Normal,1
3488,Normal- (3816),Normal,1
3489,Normal- (1303),Normal,1
3490,Normal- (3440),Normal,1
3491,Normal- (2702),Normal,1
3492,Normal- (1879),Normal,1
3493,Normal- (2081),Normal,1
3494,Normal- (2685),Normal,1
3495,Normal- (3889),Normal,1
3496,Normal- (4824),Normal,1
3497,Normal- (2882),Normal,1
3498,Normal- (4436),Normal,1
3499,Normal- (897),Normal,1
3500,Normal- (1336),Normal,1
3501,Normal- (2095),Normal,1
3502,Normal- (3528),Normal,1
3503,Normal- (2840),Normal,1
3504,Normal- (3399),Normal,1
3505,Normal- (2052),Normal,1
3506,Normal- (2223),Normal,1
3507,Normal- (5013),Normal,1
3508,Normal- (195),Normal,1
3509,Normal- (2906),Normal,1
3510,Normal- (2002),Normal,1
3511,Normal- (3479),Normal,1
3512,Normal- (4344),Normal,1
3513,Normal- (4506),Normal,1
3514,Normal- (3797),Normal,1
3515,Normal- (1479),Normal,1
3516,Normal- (3268),Normal,1
3517,Normal- (1005),Normal,1
3518,Normal- (3534),Normal,1
3519,Normal- (4940),Normal,1
3520,Normal- (592),Normal,1
3521,Normal- (516),Normal,1
3522,Normal- (4951),Normal,1
3523,Normal- (3092),Normal,1
3524,Normal- (2820),Normal,1
3525,Normal- (4979),Normal,1
3526,Normal- (4074),Normal,1
3527,Normal- (355),Normal,1
3528,Normal- (2898),Normal,1
3529,Normal- (880),Normal,1
3530,Normal- (3917),Normal,1
3531,Normal- (4170),Normal,1
3532,Normal- (3167),Normal,1
3533,Normal- (4350),Normal,1
3534,Normal- (2846),Normal,1
3535,Normal- (2629),Normal,1
3536,Normal- (1314),Normal,1
3537,Normal- (338),Normal,1
3538,Normal- (3739),Normal,1
3539,Normal- (2404),Normal,1
3540,Normal- (407),Normal,1
3541,Normal- (332),Normal,1
3542,Normal- (497),Normal,1
3543,Normal- (3670),Normal,1
3544,Normal- (1258),Normal,1
3545,Normal- (3824),Normal,1
3546,Normal- (11),Normal,1
3547,Normal- (3482),Normal,1
3548,Normal- (75),Normal,1
3549,Normal- (3515),Normal,1
3550,Normal- (715),Normal,1
3551,Normal- (507),Normal,1
3552,Normal- (4173),Normal,1
3553,Normal- (2219),Normal,1
3554,Normal- (2221),Normal,1
3555,Normal- (4029),Normal,1
3556,Normal- (2555),Normal,1
3557,Normal- (3403),Normal,1
3558,Normal- (4244),Normal,1
3559,Normal- (3896),Normal,1
3560,Normal- (3051),Normal,1
3561,Normal- (1520),Normal,1
3562,Normal- (4944),Normal,1
3563,Normal- (3490),Normal,1
3564,Normal- (3536),Normal,1
3565,Normal- (1799),Normal,1
3566,Normal- (4367),Normal,1
3567,Normal- (411),Normal,1
3568,Normal- (1179),Normal,1
3569,Normal- (1094),Normal,1
3570,Normal- (4376),Normal,1
3571,Normal- (4284),Normal,1
3572,Normal- (33),Normal,1
3573,Normal- (890),Normal,1
3574,Normal- (2566),Normal,1
3575,Normal- (4982),Normal,1
3576,Normal- (644),Normal,1
3577,Normal- (4104),Normal,1
3578,Normal- (2017),Normal,1
3579,Normal- (2228),Normal,1
3580,Normal- (1113),Normal,1
3581,Normal- (4307),Normal,1
3582,Normal- (2074),Normal,1
3583,Normal- (2373),Normal,1
3584,Normal- (606),Normal,1
3585,Normal- (1779),Normal,1
3586,Normal- (4070),Normal,1
3587,Normal- (1988),Normal,1
3588,Normal- (2362),Normal,1
3589,Normal- (1012),Normal,1
3590,Normal- (4623),Normal,1
3591,Normal- (1606),Normal,1
3592,Normal- (3550),Normal,1
3593,Normal- (391),Normal,1
3594,Normal- (5008),Normal,1
3595,Normal- (4058),Normal,1
3596,Normal- (1542),Normal,1
3597,Normal- (441),Normal,1
3598,Normal- (585),Normal,1
3599,Normal- (2653),Normal,1
3600,Normal- (1826),Normal,1
3601,Normal- (3284),Normal,1
3602,Normal- (1373),Normal,1
3603,Normal- (634),Normal,1
3604,Normal- (4540),Normal,1
3605,Normal- (3665),Normal,1
3606,Normal- (4632),Normal,1
3607,Normal- (727),Normal,1
3608,Normal- (1253),Normal,1
3609,Normal- (3618),Normal,1
3610,Normal- (4712),Normal,1
3611,Normal- (4876),Normal,1
3612,Normal- (1001),Normal,1
3613,Normal- (2728),Normal,1
3614,Normal- (4228),Normal,1
3615,Normal- (1104),Normal,1
3616,Normal- (264),Normal,1
3617,Normal- (4793),Normal,1
3618,Normal- (4425),Normal,1
3619,Normal- (3341),Normal,1
3620,Normal- (1060),Normal,1
3621,Normal- (3772),Normal,1
3622,Normal- (2506),Normal,1
3623,Normal- (3791),Normal,1
3624,Normal- (632),Normal,1
3625,Normal- (2657),Normal,1
3626,Normal- (2560),Normal,1
3627,Normal- (1047),Normal,1
3628,Normal- (2222),Normal,1
3629,Normal- (502),Normal,1
3630,Normal- (5059),Normal,1
3631,Normal- (2874),Normal,1
3632,Normal- (3251),Normal,1
3633,Normal- (4393),Normal,1
3634,Normal- (55),Normal,1
3635,Normal- (4418),Normal,1
3636,Normal- (1634),Normal,1
3637,Normal- (3788),Normal,1
3638,Normal- (1022),Normal,1
3639,Normal- (418),Normal,1
3640,Normal- (4064),Normal,1
3641,Normal- (2346),Normal,1
3642,Normal- (1363),Normal,1
3643,Normal- (4025),Normal,1
3644,Normal- (4964),Normal,1
3645,Normal- (2949),Normal,1
3646,Normal- (1292),Normal,1
3647,Normal- (5017),Normal,1
3648,Normal- (1011),Normal,1
3649,Normal- (3819),Normal,1
3650,Normal- (772),Normal,1
3651,Normal- (99),Normal,1
3652,Normal- (2325),Normal,1
3653,Normal- (3857),Normal,1
3654,Normal- (1872),Normal,1
3655,Normal- (1497),Normal,1
3656,Normal- (1597),Normal,1
3657,Normal- (1763),Normal,1
3658,Normal- (2563),Normal,1
3659,Normal- (358),Normal,1
3660,Normal- (1517),Normal,1
3661,Normal- (2584),Normal,1
3662,Normal- (2674),Normal,1
3663,Normal- (3091),Normal,1
3664,Normal- (1768),Normal,1
3665,Normal- (4750),Normal,1
3666,Normal- (735),Normal,1
3667,Normal- (1625),Normal,1
3668,Normal- (1754),Normal,1
3669,Normal- (3314),Normal,1
3670,Normal- (1130),Normal,1
3671,Normal- (3308),Normal,1
3672,Normal- (1863),Normal,1
3673,Normal- (1388),Normal,1
3674,Normal- (1429),Normal,1
3675,Normal- (4926),Normal,1
3676,Normal- (2171),Normal,1
3677,Normal- (1353),Normal,1
3678,Normal- (1101),Normal,1
3679,Normal- (946),Normal,1
3680,Normal- (3405),Normal,1
3681,Normal- (3946),Normal,1
3682,Normal- (864),Normal,1
3683,Normal- (841),Normal,1
3684,Normal- (2443),Normal,1
3685,Normal- (809),Normal,1
3686,Normal- (3496),Normal,1
3687,Normal- (4066),Normal,1
3688,Normal- (3118),Normal,1
3689,Normal- (3881),Normal,1
3690,Normal- (2573),Normal,1
3691,Normal- (196),Normal,1
3692,Normal- (4870),Normal,1
3693,Normal- (2425),Normal,1
3694,Normal- (1559),Normal,1
3695,Normal- (351),Normal,1
3696,Normal- (3316),Normal,1
3697,Normal- (1397),Normal,1
3698,Normal- (5076),Normal,1
3699,Normal- (3650),Normal,1
3700,Normal- (3425),Normal,1
3701,Normal- (1619),Normal,1
3702,Normal- (3793),Normal,1
3703,Normal- (3037),Normal,1
3704,Normal- (515),Normal,1
3705,Normal- (2292),Normal,1
3706,Normal- (700),Normal,1
3707,Normal- (2542),Normal,1
3708,Normal- (4925),Normal,1
3709,Normal- (4231),Normal,1
3710,Normal- (4640),Normal,1
3711,Normal- (1077),Normal,1
3712,Normal- (3756),Normal,1
3713,Normal- (1599),Normal,1
3714,Normal- (135),Normal,1
3715,Normal- (4800),Normal,1
3716,Normal- (1425),Normal,1
3717,Normal- (3951),Normal,1
3718,Normal- (223),Normal,1
3719,Normal- (3365),Normal,1
3720,Normal- (720),Normal,1
3721,Normal- (5073),Normal,1
3722,Normal- (2911),Normal,1
3723,Normal- (530),Normal,1
3724,Normal- (1156),Normal,1
3725,Normal- (4128),Normal,1
3726,Normal- (848),Normal,1
3727,Normal- (1695),Normal,1
3728,Normal- (494),Normal,1
3729,Normal- (4478),Normal,1
3730,Normal- (3071),Normal,1
3731,Normal- (1849),Normal,1
3732,Normal- (597),Normal,1
3733,Normal- (260),Normal,1
3734,Normal- (461),Normal,1
3735,Normal- (4997),Normal,1
3736,Normal- (4592),Normal,1
3737,Normal- (2671),Normal,1
3738,Normal- (3834),Normal,1
3739,Normal- (4033),Normal,1
3740,Normal- (1153),Normal,1
3741,Normal- (2510),Normal,1
3742,Normal- (102),Normal,1
3743,Normal- (938),Normal,1
3744,Normal- (248),Normal,1
3745,Normal- (2357),Normal,1
3746,Normal- (1917),Normal,1
3747,Normal- (2274),Normal,1
3748,Normal- (1015),Normal,1
3749,Normal- (3810),Normal,1
3750,Normal- (4513),Normal,1
3751,Normal- (1221),Normal,1
3752,Normal- (3863),Normal,1
3753,Normal- (1508),Normal,1
3754,Normal- (2610),Normal,1
3755,Normal- (538),Normal,1
3756,Normal- (717),Normal,1
3757,Normal- (2138),Normal,1
3758,Normal- (4046),Normal,1
3759,Normal- (1628),Normal,1
3760,Normal- (1423),Normal,1
3761,Normal- (3277),Normal,1
3762,Normal- (3760),Normal,1
3763,Normal- (2101),Normal,1
3764,Normal- (86),Normal,1
3765,Normal- (3074),Normal,1
3766,Normal- (2824),Normal,1
3767,Normal- (268),Normal,1
3768,Normal- (4370),Normal,1
3769,Normal- (46),Normal,1
3770,Normal- (101),Normal,1
3771,Normal- (3848),Normal,1
3772,Normal- (3038),Normal,1
3773,Normal- (2756),Normal,1
3774,Normal- (2726),Normal,1
3775,Normal- (4563),Normal,1
3776,Normal- (1717),Normal,1
3777,Normal- (3869),Normal,1
3778,Normal- (460),Normal,1
3779,Normal- (2129),Normal,1
3780,Normal- (2111),Normal,1
3781,Normal- (4009),Normal,1
3782,Normal- (4554),Normal,1
3783,Normal- (3597),Normal,1
3784,Normal- (2884),Normal,1
3785,Normal- (6),Normal,1
3786,Normal- (1502),Normal,1
3787,Normal- (89),Normal,1
3788,Normal- (2254),Normal,1
3789,Normal- (1677),Normal,1
3790,Normal- (2618),Normal,1
3791,Normal- (4598),Normal,1
3792,Normal- (1566),Normal,1
3793,Normal- (2557),Normal,1
3794,Normal- (3297),Normal,1
3795,Normal- (1454),Normal,1
3796,Normal- (3878),Normal,1
3797,Normal- (438),Normal,1
3798,Normal- (1893),Normal,1
3799,Normal- (4201),Normal,1
3800,Normal- (4411),Normal,1
3801,Normal- (2165),Normal,1
3802,Normal- (877),Normal,1
3803,Normal- (980),Normal,1
3804,Normal- (3067),Normal,1
3805,Normal- (4510),Normal,1
3806,Normal- (1308),Normal,1
3807,Normal- (4606),Normal,1
3808,Normal- (4856),Normal,1
3809,Normal- (3261),Normal,1
3810,Normal- (4715),Normal,1
3811,Normal- (1653),Normal,1
3812,Normal- (2190),Normal,1
3813,Normal- (1400),Normal,1
3814,Normal- (3204),Normal,1
3815,Normal- (1735),Normal,1
3816,Normal- (1072),Normal,1
3817,Normal- (3699),Normal,1
3818,Normal- (467),Normal,1
3819,Normal- (3721),Normal,1
3820,Normal- (103),Normal,1
3821,Normal- (4488),Normal,1
3822,Normal- (2224),Normal,1
3823,Normal- (42),Normal,1
3824,Normal- (3181),Normal,1
3825,Normal- (676),Normal,1
3826,Normal- (1979),Normal,1
3827,Normal- (144),Normal,1
3828,Normal- (4912),Normal,1
3829,Normal- (777),Normal,1
3830,Normal- (1536),Normal,1
3831,Normal- (4042),Normal,1
3832,Normal- (5063),Normal,1
3833,Normal- (3416),Normal,1
3834,Normal- (616),Normal,1
3835,Normal- (4763),Normal,1
3836,Normal- (3449),Normal,1
3837,Normal- (394),Normal,1
3838,Normal- (943),Normal,1
3839,Normal- (1727),Normal,1
3840,Normal- (4914),Normal,1
3841,Normal- (2149),Normal,1
3842,Normal- (2482),Normal,1
3843,Normal- (3667),Normal,1
3844,Normal- (572),Normal,1
3845,Normal- (2796),Normal,1
3846,Normal- (4206),Normal,1
3847,Normal- (3504),Normal,1
3848,Normal- (4101),Normal,1
3849,Normal- (2056),Normal,1
3850,Normal- (480),Normal,1
3851,Normal- (3596),Normal,1
3852,Normal- (2188),Normal,1
3853,Normal- (919),Normal,1
3854,Normal- (3222),Normal,1
3855,Normal- (1463),Normal,1
3856,Normal- (2716),Normal,1
3857,Normal- (4491),Normal,1
3858,Normal- (3577),Normal,1
3859,Normal- (3076),Normal,1
3860,Normal- (1870),Normal,1
3861,Normal- (1663),Normal,1
3862,Normal- (2367),Normal,1
3863,Normal- (960),Normal,1
3864,Normal- (1288),Normal,1
3865,Normal- (3481),Normal,1
3866,Normal- (3246),Normal,1
3867,Normal- (3803),Normal,1
3868,Normal- (4477),Normal,1
3869,Normal- (2106),Normal,1
3870,Normal- (1483),Normal,1
3871,Normal- (3777),Normal,1
3872,Normal- (68),Normal,1
3873,Normal- (4112),Normal,1
3874,Normal- (2686),Normal,1
3875,Normal- (31),Normal,1
3876,Normal- (2435),Normal,1
3877,Normal- (4049),Normal,1
3878,Normal- (2141),Normal,1
3879,Normal- (2453),Normal,1
3880,Normal- (2598),Normal,1
3881,Normal- (1316),Normal,1
3882,Normal- (331),Normal,1
3883,Normal- (369),Normal,1
3884,Normal- (2900),Normal,1
3885,Normal- (4825),Normal,1
3886,Normal- (488),Normal,1
3887,Normal- (2516),Normal,1
3888,Normal- (1117),Normal,1
3889,Normal- (3804),Normal,1
3890,Normal- (449),Normal,1
3891,Normal- (1157),Normal,1
3892,Normal- (1674),Normal,1
3893,Normal- (2180),Normal,1
3894,Normal- (2312),Normal,1
3895,Normal- (4972),Normal,1
3896,Normal- (3871),Normal,1
3897,Normal- (4320),Normal,1
3898,Normal- (975),Normal,1
3899,Normal- (3555),Normal,1
3900,Normal- (2633),Normal,1
3901,Normal- (593),Normal,1
3902,Normal- (4017),Normal,1
3903,Normal- (1139),Normal,1
3904,Normal- (193),Normal,1
3905,Normal- (5024),Normal,1
3906,Normal- (1296),Normal,1
3907,Normal- (537),Normal,1
3908,Normal- (4897),Normal,1
3909,Normal- (3034),Normal,1
3910,Normal- (4745),Normal,1
3911,Normal- (2341),Normal,1
3912,Normal- (4175),Normal,1
3913,Normal- (2018),Normal,1
3914,Normal- (2537),Normal,1
3915,Normal- (2731),Normal,1
3916,Normal- (3393),Normal,1
3917,Normal- (111),Normal,1
3918,Normal- (3177),Normal,1
3919,Normal- (2553),Normal,1
3920,Normal- (4039),Normal,1
3921,Normal- (3041),Normal,1
3922,Normal- (20),Normal,1
3923,Normal- (4719),Normal,1
3924,Normal- (4746),Normal,1
3925,Normal- (3562),Normal,1
3926,Normal- (2828),Normal,1
3927,Normal- (1947),Normal,1
3928,Normal- (1656),Normal,1
3929,Normal- (1122),Normal,1
3930,Normal- (2583),Normal,1
3931,Normal- (1003),Normal,1
3932,Normal- (1207),Normal,1
3933,Normal- (1084),Normal,1
3934,Normal- (1229),Normal,1
3935,Normal- (4298),Normal,1
3936,Normal- (4002),Normal,1
3937,Normal- (5072),Normal,1
3938,Normal- (3388),Normal,1
3939,Normal- (4214),Normal,1
3940,Normal- (3811),Normal,1
3941,Normal- (1436),Normal,1
3942,Normal- (2588),Normal,1
3943,Normal- (865),Normal,1
3944,Normal- (3275),Normal,1
3945,Normal- (2859),Normal,1
3946,Normal- (2250),Normal,1
3947,Normal- (576),Normal,1
3948,Normal- (3812),Normal,1
3949,Normal- (155),Normal,1
3950,Normal- (4456),Normal,1
3951,Normal- (2801),Normal,1
3952,Normal- (1790),Normal,1
3953,Normal- (1722),Normal,1
3954,Normal- (4469),Normal,1
3955,Normal- (2718),Normal,1
3956,Normal- (805),Normal,1
3957,Normal- (475),Normal,1
3958,Normal- (219),Normal,1
3959,Normal- (4407),Normal,1
3960,Normal- (2564),Normal,1
3961,Normal- (2490),Normal,1
3962,Normal- (322),Normal,1
3963,Normal- (1000),Normal,1
3964,Normal- (2249),Normal,1
3965,Normal- (2300),Normal,1
3966,Normal- (3010),Normal,1
3967,Normal- (1488),Normal,1
3968,Normal- (3802),Normal,1
3969,Normal- (1950),Normal,1
3970,Normal- (2926),Normal,1
3971,Normal- (2337),Normal,1
3972,Normal- (309),Normal,1
3973,Normal- (2127),Normal,1
3974,Normal- (5019),Normal,1
3975,Normal- (3238),Normal,1
3976,Normal- (2561),Normal,1
3977,Normal- (1295),Normal,1
3978,Normal- (4420),Normal,1
3979,Normal- (4364),Normal,1
3980,Normal- (4266),Normal,1
3981,Normal- (2299),Normal,1
3982,Normal- (3193),Normal,1
3983,Normal- (2836),Normal,1
3984,Normal- (4362),Normal,1
3985,Normal- (1974),Normal,1
3986,Normal- (3645),Normal,1
3987,Normal- (2872),Normal,1
3988,Normal- (4285),Normal,1
3989,Normal- (2850),Normal,1
3990,Normal- (1551),Normal,1
3991,Normal- (1596),Normal,1
3992,Normal- (1753),Normal,1
3993,Normal- (350),Normal,1
3994,Normal- (3382),Normal,1
3995,Normal- (3063),Normal,1
3996,Normal- (2668),Normal,1
3997,Normal- (4577),Normal,1
3998,Normal- (4334),Normal,1
3999,Normal- (1369),Normal,1
4000,Normal- (4392),Normal,1
4001,Normal- (866),Normal,1
4002,Normal- (292),Normal,1
4003,Normal- (159),Normal,1
4004,Normal- (2545),Normal,1
4005,Normal- (719),Normal,1
4006,Normal- (1724),Normal,1
4007,Normal- (2973),Normal,1
4008,Normal- (3139),Normal,1
4009,Normal- (2039),Normal,1
4010,Normal- (1995),Normal,1
4011,Normal- (4594),Normal,1
4012,Normal- (2135),Normal,1
4013,Normal- (2169),Normal,1
4014,Normal- (4508),Normal,1
4015,Normal- (4504),Normal,1
4016,Normal- (2647),Normal,1
4017,Normal- (1281),Normal,1
4018,Normal- (1239),Normal,1
4019,Normal- (730),Normal,1
4020,Normal- (1831),Normal,1
4021,Normal- (954),Normal,1
4022,Normal- (109),Normal,1
4023,Normal- (1912),Normal,1
4024,Normal- (1537),Normal,1
4025,Normal- (4688),Normal,1
4026,Normal- (1981),Normal,1
4027,Normal- (3355),Normal,1
4028,Normal- (56),Normal,1
4029,Normal- (269),Normal,1
4030,Normal- (2082),Normal,1
4031,Normal- (3590),Normal,1
4032,Normal- (4472),Normal,1
4033,Normal- (1868),Normal,1
4034,Normal- (2335),Normal,1
4035,Normal- (4527),Normal,1
4036,Normal- (3883),Normal,1
4037,Normal- (3854),Normal,1
4038,Normal- (3228),Normal,1
4039,Normal- (1184),Normal,1
4040,Normal- (3184),Normal,1
4041,Normal- (4714),Normal,1
4042,Normal- (4541),Normal,1
4043,Normal- (2717),Normal,1
4044,Normal- (1513),Normal,1
4045,Normal- (2622),Normal,1
4046,Normal- (1204),Normal,1
4047,Normal- (5050),Normal,1
4048,Normal- (1540),Normal,1
4049,Normal- (2322),Normal,1
4050,Normal- (5048),Normal,1
4051,Normal- (115),Normal,1
4052,Normal- (121),Normal,1
4053,Normal- (4977),Normal,1
4054,Normal- (1755),Normal,1
4055,Normal- (1056),Normal,1
4056,Normal- (4877),Normal,1
4057,Normal- (5005),Normal,1
4058,Normal- (1806),Normal,1
4059,Normal- (2446),Normal,1
4060,Normal- (4922),Normal,1
4061,Normal- (1294),Normal,1
4062,Normal- (927),Normal,1
4063,Normal- (1006),Normal,1
4064,Normal- (953),Normal,1
4065,Normal- (670),Normal,1
4066,Normal- (1859),Normal,1
4067,Normal- (3912),Normal,1
4068,Normal- (1862),Normal,1
4069,Normal- (4927),Normal,1
4070,Normal- (4240),Normal,1
4071,Normal- (2476),Normal,1
4072,Normal- (2848),Normal,1
4073,Normal- (3972),Normal,1
4074,Normal- (4395),Normal,1
4075,Normal- (187),Normal,1
4076,Normal- (832),Normal,1
4077,Normal- (4015),Normal,1
4078,Normal- (3155),Normal,1
4079,Normal- (1521),Normal,1
4080,Normal- (4176),Normal,1
4081,Normal- (2762),Normal,1
4082,Normal- (2315),Normal,1
4083,Normal- (783),Normal,1
4084,Normal- (2600),Normal,1
4085,Normal- (453),Normal,1
4086,Normal- (3779),Normal,1
4087,Normal- (652),Normal,1
4088,Normal- (2827),Normal,1
4089,Normal- (4663),Normal,1
4090,Normal- (2999),Normal,1
4091,Normal- (532),Normal,1
4092,Normal- (2497),Normal,1
4093,Normal- (168),Normal,1
4094,Normal- (1523),Normal,1
4095,Normal- (1311),Normal,1
4096,Normal- (4713),Normal,1
4097,Normal- (2329),Normal,1
4098,Normal- (1173),Normal,1
4099,Normal- (1957),Normal,1
4100,Normal- (4536),Normal,1
4101,Normal- (3337),Normal,1
4102,Normal- (4874),Normal,1
4103,Normal- (3171),Normal,1
4104,Normal- (917),Normal,1
4105,Normal- (4267),Normal,1
4106,Normal- (2233),Normal,1
4107,Normal- (3119),Normal,1
4108,Normal- (1300),Normal,1
4109,Normal- (514),Normal,1
4110,Normal- (2747),Normal,1
4111,Normal- (4958),Normal,1
4112,Normal- (4000),Normal,1
4113,Normal- (2666),Normal,1
4114,Normal- (5067),Normal,1
4115,Normal- (1220),Normal,1
4116,Normal- (4544),Normal,1
4117,Normal- (3331),Normal,1
4118,Normal- (287),Normal,1
4119,Normal- (4178),Normal,1
4120,Normal- (198),Normal,1
4121,Normal- (300),Normal,1
4122,Normal- (3898),Normal,1
4123,Normal- (1725),Normal,1
4124,Normal- (2265),Normal,1
4125,Normal- (4102),Normal,1
4126,Normal- (4380),Normal,1
4127,Normal- (255),Normal,1
4128,Normal- (2016),Normal,1
4129,Normal- (3737),Normal,1
4130,Normal- (3581),Normal,1
4131,Normal- (4073),Normal,1
4132,Normal- (1852),Normal,1
4133,Normal- (3768),Normal,1
4134,Normal- (2205),Normal,1
4135,Normal- (1770),Normal,1
4136,Normal- (1696),Normal,1
4137,Normal- (4696),Normal,1
4138,Normal- (4628),Normal,1
4139,Normal- (3083),Normal,1
4140,Normal- (4251),Normal,1
4141,Normal- (363),Normal,1
4142,Normal- (3818),Normal,1
4143,Normal- (2314),Normal,1
4144,Normal- (73),Normal,1
4145,Normal- (3640),Normal,1
4146,Normal- (3094),Normal,1
4147,Normal- (2256),Normal,1
4148,Normal- (4398),Normal,1
4149,Normal- (2547),Normal,1
4150,Normal- (1952),Normal,1
4151,Normal- (4256),Normal,1
4152,Normal- (2603),Normal,1
4153,Normal- (1785),Normal,1
4154,Normal- (2552),Normal,1
4155,Normal- (964),Normal,1
4156,Normal- (2472),Normal,1
4157,Normal- (3866),Normal,1
4158,Normal- (4572),Normal,1
4159,Normal- (1899),Normal,1
4160,Normal- (3202),Normal,1
4161,Normal- (2350),Normal,1
4162,Normal- (4130),Normal,1
4163,Normal- (994),Normal,1
4164,Normal- (2281),Normal,1
4165,Normal- (3592),Normal,1
4166,Normal- (301),Normal,1
4167,Normal- (302),Normal,1
4168,Normal- (2579),Normal,1
4169,Normal- (3407),Normal,1
4170,Normal- (3135),Normal,1
4171,Normal- (711),Normal,1
4172,Normal- (4044),Normal,1
4173,Normal- (1372),Normal,1
4174,Normal- (851),Normal,1
4175,Normal- (4578),Normal,1
4176,Normal- (1008),Normal,1
4177,Normal- (237),Normal,1
4178,Normal- (4238),Normal,1
4179,Normal- (1170),Normal,1
4180,Normal- (464),Normal,1
4181,Normal- (3299),Normal,1
4182,Normal- (4889),Normal,1
4183,Normal- (1339),Normal,1
4184,Normal- (2517),Normal,1
4185,Normal- (3749),Normal,1
4186,Normal- (4537),Normal,1
4187,Normal- (3095),Normal,1
4188,Normal- (4200),Normal,1
4189,Normal- (1210),Normal,1
4190,Normal- (484),Normal,1
4191,Normal- (23),Normal,1
4192,Normal- (1350),Normal,1
4193,Normal- (5004),Normal,1
4194,Normal- (3257),Normal,1
4195,Normal- (1490),Normal,1
4196,Normal- (3727),Normal,1
4197,Normal- (3285),Normal,1
4198,Normal- (4272),Normal,1
4199,Normal- (4815),Normal,1
4200,Normal- (2969),Normal,1
4201,Normal- (2455),Normal,1
4202,Normal- (732),Normal,1
4203,Normal- (2784),Normal,1
4204,Normal- (1737),Normal,1
4205,Normal- (3713),Normal,1
4206,Normal- (250),Normal,1
4207,Normal- (1798),Normal,1
4208,Normal- (2698),Normal,1
4209,Normal- (3009),Normal,1
4210,Normal- (2234),Normal,1
4211,Normal- (4775),Normal,1
4212,Normal- (1708),Normal,1
4213,Normal- (4451),Normal,1
4214,Normal- (4794),Normal,1
4215,Normal- (35),Normal,1
4216,Normal- (4681),Normal,1
4217,Normal- (3468),Normal,1
4218,Normal- (4676),Normal,1
4219,Normal- (1558),Normal,1
4220,Normal- (4097),Normal,1
4221,Normal- (3786),Normal,1
4222,Normal- (2468),Normal,1
4223,Normal- (945),Normal,1
4224,Normal- (4521),Normal,1
4225,Normal- (3600),Normal,1
4226,Normal- (2810),Normal,1
4227,Normal- (930),Normal,1
4228,Normal- (2602),Normal,1
4229,Normal- (3506),Normal,1
4230,Normal- (1337),Normal,1
4231,Normal- (2614),Normal,1
4232,Normal- (762),Normal,1
4233,Normal- (1419),Normal,1
4234,Normal- (4783),Normal,1
4235,Normal- (1340),Normal,1
4236,Normal- (1225),Normal,1
4237,Normal- (3573),Normal,1
4238,Normal- (1894),Normal,1
4239,Normal- (3215),Normal,1
4240,Normal- (4068),Normal,1
4241,Normal- (4906),Normal,1
4242,Normal- (1016),Normal,1
4243,Normal- (4987),Normal,1
4244,Normal- (3627),Normal,1
4245,Normal- (314),Normal,1
4246,Normal- (1199),Normal,1
4247,Normal- (521),Normal,1
4248,Normal- (2323),Normal,1
4249,Normal- (4282),Normal,1
4250,Normal- (4705),Normal,1
4251,Normal- (2183),Normal,1
4252,Normal- (5068),Normal,1
4253,Normal- (3374),Normal,1
4254,Normal- (4335),Normal,1
4255,Normal- (4430),Normal,1
4256,Normal- (2087),Normal,1
4257,Normal- (2608),Normal,1
4258,Normal- (2195),Normal,1
4259,Normal- (1068),Normal,1
4260,Normal- (186),Normal,1
4261,Normal- (1413),Normal,1
4262,Normal- (434),Normal,1
4263,Normal- (4117),Normal,1
4264,Normal- (3145),Normal,1
4265,Normal- (987),Normal,1
4266,Normal- (4429),Normal,1
4267,Normal- (878),Normal,1
4268,Normal- (617),Normal,1
4269,Normal- (2170),Normal,1
4270,Normal- (2626),Normal,1
4271,Normal- (3997),Normal,1
4272,Normal- (3888),Normal,1
4273,Normal- (151),Normal,1
4274,Normal- (5012),Normal,1
4275,Normal- (685),Normal,1
4276,Normal- (2080),Normal,1
4277,Normal- (2963),Normal,1
4278,Normal- (4470),Normal,1
4279,Normal- (1966),Normal,1
4280,Normal- (3655),Normal,1
4281,Normal- (1600),Normal,1
4282,Normal- (383),Normal,1
4283,Normal- (3014),Normal,1
4284,Normal- (3294),Normal,1
4285,Normal- (3842),Normal,1
4286,Normal- (4862),Normal,1
4287,Normal- (3293),Normal,1
4288,Normal- (3910),Normal,1
4289,Normal- (2431),Normal,1
4290,Normal- (2655),Normal,1
4291,Normal- (4821),Normal,1
4292,Normal- (114),Normal,1
4293,Normal- (3679),Normal,1
4294,Normal- (1902),Normal,1
4295,Normal- (2118),Normal,1
4296,Normal- (1064),Normal,1
4297,Normal- (1065),Normal,1
4298,Normal- (2284),Normal,1
4299,Normal- (1088),Normal,1
4300,Normal- (4063),Normal,1
4301,Normal- (4414),Normal,1
4302,Normal- (1209),Normal,1
4303,Normal- (3141),Normal,1
4304,Normal- (1178),Normal,1
4305,Normal- (3433),Normal,1
4306,Normal- (1085),Normal,1
4307,Normal- (3253),Normal,1
4308,Normal- (1141),Normal,1
4309,Normal- (1933),Normal,1
4310,Normal- (3191),Normal,1
4311,Normal- (5040),Normal,1
4312,Normal- (4630),Normal,1
4313,Normal- (675),Normal,1
4314,Normal- (40),Normal,1
4315,Normal- (3766),Normal,1
4316,Normal- (3058),Normal,1
4317,Normal- (2121),Normal,1
4318,Normal- (4960),Normal,1
4319,Normal- (4659),Normal,1
4320,Normal- (401),Normal,1
4321,Normal- (2349),Normal,1
4322,Normal- (3509),Normal,1
4323,Normal- (3879),Normal,1
4324,Normal- (1903),Normal,1
4325,Normal- (3409),Normal,1
4326,Normal- (1939),Normal,1
4327,Normal- (3068),Normal,1
4328,Normal- (2460),Normal,1
4329,Normal- (3008),Normal,1
4330,Normal- (4766),Normal,1
4331,Normal- (3615),Normal,1
4332,Normal- (106),Normal,1
4333,Normal- (2045),Normal,1
4334,Normal- (3897),Normal,1
4335,Normal- (2012),Normal,1
4336,Normal- (3807),Normal,1
4337,Normal- (3616),Normal,1
4338,Normal- (3302),Normal,1
4339,Normal- (1967),Normal,1
4340,Normal- (426),Normal,1
4341,Normal- (4891),Normal,1
4342,Normal- (2139),Normal,1
4343,Normal- (846),Normal,1
4344,Normal- (4700),Normal,1
4345,Normal- (4476),Normal,1
4346,Normal- (4724),Normal,1
4347,Normal- (3106),Normal,1
4348,Normal- (4915),Normal,1
4349,Normal- (1951),Normal,1
4350,Normal- (4471),Normal,1
4351,Normal- (2084),Normal,1
4352,Normal- (2971),Normal,1
4353,Normal- (3408),Normal,1
4354,Normal- (2488),Normal,1
4355,Normal- (2877),Normal,1
4356,Normal- (4886),Normal,1
4357,Normal- (4391),Normal,1
4358,Normal- (220),Normal,1
4359,Normal- (2862),Normal,1
4360,Normal- (3377),Normal,1
4361,Normal- (2276),Normal,1
4362,Normal- (1570),Normal,1
4363,Normal- (1578),Normal,1
4364,Normal- (3438),Normal,1
4365,Normal- (1561),Normal,1
4366,Normal- (2650),Normal,1
4367,Normal- (1741),Normal,1
4368,Normal- (3278),Normal,1
4369,Normal- (4526),Normal,1
4370,Normal- (4836),Normal,1
4371,Normal- (4852),Normal,1
4372,Normal- (1250),Normal,1
4373,Normal- (1364),Normal,1
4374,Normal- (4608),Normal,1
4375,Normal- (1457),Normal,1
4376,Normal- (228),Normal,1
4377,Normal- (3113),Normal,1
4378,Normal- (2979),Normal,1
4379,Normal- (3761),Normal,1
4380,Normal- (4028),Normal,1
4381,Normal- (4601),Normal,1
4382,Normal- (1329),Normal,1
4383,Normal- (3680),Normal,1
4384,Normal- (1168),Normal,1
4385,Normal- (587),Normal,1
4386,Normal- (1390),Normal,1
4387,Normal- (4126),Normal,1
4388,Normal- (2153),Normal,1
4389,Normal- (4571),Normal,1
4390,Normal- (1907),Normal,1
4391,Normal- (3283),Normal,1
4392,Normal- (431),Normal,1
4393,Normal- (136),Normal,1
4394,Normal- (4359),Normal,1
4395,Normal- (1692),Normal,1
4396,Normal- (1644),Normal,1
4397,Normal- (2075),Normal,1
4398,Normal- (4861),Normal,1
4399,Normal- (1135),Normal,1
4400,Normal- (4758),Normal,1
4401,Normal- (3988),Normal,1
4402,Normal- (1805),Normal,1
4403,Normal- (1073),Normal,1
4404,Normal- (3052),Normal,1
4405,Normal- (166),Normal,1
4406,Normal- (1241),Normal,1
4407,Normal- (386),Normal,1
4408,Normal- (3335),Normal,1
4409,Normal- (1851),Normal,1
4410,Normal- (645),Normal,1
4411,Normal- (3507),Normal,1
4412,Normal- (2376),Normal,1
4413,Normal- (3401),Normal,1
4414,Normal- (4143),Normal,1
4415,Normal- (1050),Normal,1
4416,Normal- (4670),Normal,1
4417,Normal- (1715),Normal,1
4418,Normal- (713),Normal,1
4419,Normal- (4984),Normal,1
4420,Normal- (439),Normal,1
4421,Normal- (2212),Normal,1
4422,Normal- (4304),Normal,1
4423,Normal- (1626),Normal,1
4424,Normal- (2656),Normal,1
4425,Normal- (1985),Normal,1
4426,Normal- (3637),Normal,1
4427,Normal- (116),Normal,1
4428,Normal- (2313),Normal,1
4429,Normal- (2352),Normal,1
4430,Normal- (3716),Normal,1
4431,Normal- (4265),Normal,1
4432,Normal- (1354),Normal,1
4433,Normal- (1999),Normal,1
4434,Normal- (370),Normal,1
4435,Normal- (3455),Normal,1
4436,Normal- (5069),Normal,1
4437,Normal- (3093),Normal,1
4438,Normal- (4281),Normal,1
4439,Normal- (3582),Normal,1
4440,Normal- (3376),Normal,1
4441,Normal- (1112),Normal,1
4442,Normal- (1857),Normal,1
4443,Normal- (718),Normal,1
4444,Normal- (4379),Normal,1
4445,Normal- (566),Normal,1
4446,Normal- (1226),Normal,1
4447,Normal- (779),Normal,1
4448,Normal- (2988),Normal,1
4449,Normal- (2781),Normal,1
4450,Normal- (682),Normal,1
4451,Normal- (4087),Normal,1
4452,Normal- (1878),Normal,1
4453,Normal- (3523),Normal,1
4454,Normal- (2297),Normal,1
4455,Normal- (2739),Normal,1
4456,Normal- (95),Normal,1
4457,Normal- (4099),Normal,1
4458,Normal- (4210),Normal,1
4459,Normal- (3991),Normal,1
4460,Normal- (3826),Normal,1
4461,Normal- (493),Normal,1
4462,Normal- (4770),Normal,1
4463,Normal- (2331),Normal,1
4464,Normal- (382),Normal,1
4465,Normal- (58),Normal,1
4466,Normal- (3064),Normal,1
4467,Normal- (2283),Normal,1
4468,Normal- (1732),Normal,1
4469,Normal- (1443),Normal,1
4470,Normal- (4441),Normal,1
4471,Normal- (3473),Normal,1
4472,Normal- (1583),Normal,1
4473,Normal- (3829),Normal,1
4474,Normal- (4581),Normal,1
4475,Normal- (4875),Normal,1
4476,Normal- (2416),Normal,1
4477,Normal- (3872),Normal,1
4478,Normal- (1554),Normal,1
4479,Normal- (2521),Normal,1
4480,Normal- (3378),Normal,1
4481,Normal- (2044),Normal,1
4482,Normal- (2388),Normal,1
4483,Normal- (2306),Normal,1
4484,Normal- (2067),Normal,1
4485,Normal- (1152),Normal,1
4486,Normal- (2896),Normal,1
4487,Normal- (2207),Normal,1
4488,Normal- (4765),Normal,1
4489,Normal- (2020),Normal,1
4490,Normal- (1029),Normal,1
4491,Normal- (1827),Normal,1
4492,Normal- (1678),Normal,1
4493,Normal- (3935),Normal,1
4494,Normal- (1158),Normal,1
4495,Normal- (5028),Normal,1
4496,Normal- (1362),Normal,1
4497,Normal- (3903),Normal,1
4498,Normal- (3784),Normal,1
4499,Normal- (433),Normal,1
4500,Normal- (517),Normal,1
4501,Normal- (3825),Normal,1
4502,Normal- (4314),Normal,1
4503,Normal- (1955),Normal,1
4504,Normal- (4831),Normal,1
4505,Normal- (3487),Normal,1
4506,Normal- (806),Normal,1
4507,Normal- (1975),Normal,1
4508,Normal- (2799),Normal,1
4509,Normal- (4160),Normal,1
4510,Normal- (3267),Normal,1
4511,Normal- (1265),Normal,1
4512,Normal- (4037),Normal,1
4513,Normal- (4699),Normal,1
4514,Normal- (3200),Normal,1
4515,Normal- (3065),Normal,1
4516,Normal- (1277),Normal,1
4517,Normal- (1014),Normal,1
4518,Normal- (108),Normal,1
4519,Normal- (3318),Normal,1
4520,Normal- (2962),Normal,1
4521,Normal- (3194),Normal,1
4522,Normal- (1380),Normal,1
4523,Normal- (3948),Normal,1
4524,Normal- (4157),Normal,1
4525,Normal- (4113),Normal,1
4526,Normal- (916),Normal,1
4527,Normal- (3726),Normal,1
4528,Normal- (4481),Normal,1
4529,Normal- (4162),Normal,1
4530,Normal- (707),Normal,1
4531,Normal- (53),Normal,1
4532,Normal- (2035),Normal,1
4533,Normal- (1873),Normal,1
4534,Normal- (1977),Normal,1
4535,Normal- (2811),Normal,1
4536,Normal- (2694),Normal,1
4537,Normal- (3360),Normal,1
4538,Normal- (4839),Normal,1
4539,Normal- (4232),Normal,1
4540,Normal- (2883),Normal,1
4541,Normal- (3589),Normal,1
4542,Normal- (599),Normal,1
4543,Normal- (2654),Normal,1
4544,Normal- (513),Normal,1
4545,Normal- (1124),Normal,1
4546,Normal- (2486),Normal,1
4547,Normal- (3046),Normal,1
4548,Normal- (2758),Normal,1
4549,Normal- (2159),Normal,1
4550,Normal- (4545),Normal,1
4551,Normal- (4795),Normal,1
4552,Normal- (2351),Normal,1
4553,Normal- (5051),Normal,1
4554,Normal- (1587),Normal,1
4555,Normal- (2711),Normal,1
4556,Normal- (4447),Normal,1
4557,Normal- (4779),Normal,1
4558,Normal- (536),Normal,1
4559,Normal- (3156),Normal,1
4560,Normal- (2782),Normal,1
4561,Normal- (862),Normal,1
4562,Normal- (4259),Normal,1
4563,Normal- (2646),Normal,1
4564,Normal- (153),Normal,1
4565,Normal- (4332),Normal,1
4566,Normal- (1091),Normal,1
4567,Normal- (1924),Normal,1
4568,Normal- (504),Normal,1
4569,Normal- (958),Normal,1
4570,Normal- (1547),Normal,1
4571,Normal- (3484),Normal,1
4572,Normal- (760),Normal,1
4573,Normal- (2625),Normal,1
4574,Normal- (2102),Normal,1
4575,Normal- (1721),Normal,1
4576,Normal- (2594),Normal,1
4577,Normal- (3765),Normal,1
4578,Normal- (2917),Normal,1
4579,Normal- (4863),Normal,1
4580,Normal- (1920),Normal,1
4581,Normal- (4397),Normal,1
4582,Normal- (3970),Normal,1
4583,Normal- (2451),Normal,1
4584,Normal- (2161),Normal,1
4585,Normal- (4498),Normal,1
4586,Normal- (2681),Normal,1
4587,Normal- (2282),Normal,1
4588,Normal- (2885),Normal,1
4589,Normal- (4903),Normal,1
4590,Normal- (1482),Normal,1
4591,Normal- (1751),Normal,1
4592,Normal- (47),Normal,1
4593,Normal- (1853),Normal,1
4594,Normal- (4084),Normal,1
4595,Normal- (3143),Normal,1
4596,Normal- (2385),Normal,1
4597,Normal- (3673),Normal,1
4598,Normal- (2534),Normal,1
4599,Normal- (4573),Normal,1
4600,Normal- (778),Normal,1
4601,Normal- (1385),Normal,1
4602,Normal- (3549),Normal,1
4603,Normal- (1150),Normal,1
4604,Normal- (1284),Normal,1
4605,Normal- (3210),Normal,1
4606,Normal- (2990),Normal,1
4607,Normal- (4988),Normal,1
4608,Normal- (2503),Normal,1
4609,Normal- (2829),Normal,1
4610,Normal- (3904),Normal,1
4611,Normal- (3867),Normal,1
4612,Normal- (4493),Normal,1
4613,Normal- (2733),Normal,1
4614,Normal- (3364),Normal,1
4615,Normal- (69),Normal,1
4616,Normal- (3774),Normal,1
4617,Normal- (591),Normal,1
4618,Normal- (221),Normal,1
4619,Normal- (4005),Normal,1
4620,Normal- (3985),Normal,1
4621,Normal- (1021),Normal,1
4622,Normal- (4595),Normal,1
4623,Normal- (1058),Normal,1
4624,Normal- (1211),Normal,1
4625,Normal- (2624),Normal,1
4626,Normal- (4848),Normal,1
4627,Normal- (2094),Normal,1
4628,Normal- (397),Normal,1
4629,Normal- (4744),Normal,1
4630,Normal- (3209),Normal,1
4631,Normal- (1071),Normal,1
4632,Normal- (4047),Normal,1
4633,Normal- (3057),Normal,1
4634,Normal- (3023),Normal,1
4635,Normal- (941),Normal,1
4636,Normal- (2800),Normal,1
4637,Normal- (2595),Normal,1
4638,Normal- (3179),Normal,1
4639,Normal- (3960),Normal,1
4640,Normal- (1118),Normal,1
4641,Normal- (1890),Normal,1
4642,Normal- (3508),Normal,1
4643,Normal- (468),Normal,1
4644,Normal- (3474),Normal,1
4645,Normal- (2565),Normal,1
4646,Normal- (3480),Normal,1
4647,Normal- (1255),Normal,1
4648,Normal- (3574),Normal,1
4649,Normal- (1529),Normal,1
4650,Normal- (1848),Normal,1
4651,Normal- (2889),Normal,1
4652,Normal- (1079),Normal,1
4653,Normal- (506),Normal,1
4654,Normal- (942),Normal,1
4655,Normal- (2491),Normal,1
4656,Normal- (3720),Normal,1
4657,Normal- (4216),Normal,1
4658,Normal- (2775),Normal,1
4659,Normal- (3868),Normal,1
4660,Normal- (1438),Normal,1
4661,Normal- (1066),Normal,1
4662,Normal- (142),Normal,1
4663,Normal- (1046),Normal,1
4664,Normal- (2568),Normal,1
4665,Normal- (270),Normal,1
4666,Normal- (1946),Normal,1
4667,Normal- (2790),Normal,1
4668,Normal- (285),Normal,1
4669,Normal- (3656),Normal,1
4670,Normal- (4085),Normal,1
4671,Normal- (4733),Normal,1
4672,Normal- (4293),Normal,1
4673,Normal- (305),Normal,1
4674,Normal- (3022),Normal,1
4675,Normal- (4007),Normal,1
4676,Normal- (4059),Normal,1
4677,Normal- (3114),Normal,1
4678,Normal- (3312),Normal,1
4679,Normal- (210),Normal,1
4680,Normal- (2942),Normal,1
4681,Normal- (2830),Normal,1
4682,Normal- (1719),Normal,1
4683,Normal- (925),Normal,1
4684,Normal- (3090),Normal,1
4685,Normal- (262),Normal,1
4686,Normal- (2414),Normal,1
4687,Normal- (3421),Normal,1
4688,Normal- (2585),Normal,1
4689,Normal- (2713),Normal,1
4690,Normal- (1585),Normal,1
4691,Normal- (294),Normal,1
4692,Normal- (4365),Normal,1
4693,Normal- (2318),Normal,1
4694,Normal- (1563),Normal,1
4695,Normal- (2119),Normal,1
4696,Normal- (288),Normal,1
4697,Normal- (4342),Normal,1
4698,Normal- (4560),Normal,1
4699,Normal- (2922),Normal,1
4700,Normal- (1704),Normal,1
4701,Normal- (2760),Normal,1
4702,Normal- (3926),Normal,1
4703,Normal- (1310),Normal,1
4704,Normal- (1333),Normal,1
4705,Normal- (466),Normal,1
4706,Normal- (723),Normal,1
4707,Normal- (4708),Normal,1
4708,Normal- (152),Normal,1
4709,Normal- (4937),Normal,1
4710,Normal- (1237),Normal,1
4711,Normal- (3282),Normal,1
4712,Normal- (4142),Normal,1
4713,Normal- (3319),Normal,1
4714,Normal- (2128),Normal,1
4715,Normal- (1823),Normal,1
4716,Normal- (4702),Normal,1
4717,Normal- (3864),Normal,1
4718,Normal- (4108),Normal,1
4719,Normal- (568),Normal,1
4720,Normal- (2077),Normal,1
4721,Normal- (3606),Normal,1
4722,Normal- (3610),Normal,1
4723,Normal- (2142),Normal,1
4724,Normal- (4443),Normal,1
4725,Normal- (2130),Normal,1
4726,Normal- (1383),Normal,1
4727,Normal- (1787),Normal,1
4728,Normal- (2769),Normal,1
4729,Normal- (3464),Normal,1
4730,Normal- (4634),Normal,1
4731,Normal- (227),Normal,1
4732,Normal- (172),Normal,1
4733,Normal- (1412),Normal,1
4734,Normal- (1658),Normal,1
4735,Normal- (3674),Normal,1
4736,Normal- (2302),Normal,1
4737,Normal- (3771),Normal,1
4738,Normal- (5058),Normal,1
4739,Normal- (3281),Normal,1
4740,Normal- (4164),Normal,1
4741,Normal- (3027),Normal,1
4742,Normal- (4045),Normal,1
4743,Normal- (1445),Normal,1
4744,Normal- (4235),Normal,1
4745,Normal- (1379),Normal,1
4746,Normal- (2525),Normal,1
4747,Normal- (3611),Normal,1
4748,Normal- (1960),Normal,1
4749,Normal- (1888),Normal,1
4750,Normal- (1611),Normal,1
4751,Normal- (1668),Normal,1
4752,Normal- (1672),Normal,1
4753,Normal- (4959),Normal,1
4754,Normal- (4315),Normal,1
4755,Normal- (4215),Normal,1
4756,Normal- (4500),Normal,1
4757,Normal- (4907),Normal,1
4758,Normal- (1331),Normal,1
4759,Normal- (3144),Normal,1
4760,Normal- (3963),Normal,1
4761,Normal- (27),Normal,1
4762,Normal- (3852),Normal,1
4763,Normal- (2905),Normal,1
4764,Normal- (1740),Normal,1
4765,Normal- (4942),Normal,1
4766,Normal- (790),Normal,1
4767,Normal- (4671),Normal,1
4768,Normal- (4593),Normal,1
4769,Normal- (3326),Normal,1
4770,Normal- (132),Normal,1
4771,Normal- (3529),Normal,1
4772,Normal- (1437),Normal,1
4773,Normal- (4303),Normal,1
4774,Normal- (4604),Normal,1
4775,Normal- (2411),Normal,1
4776,Normal- (3394),Normal,1
4777,Normal- (2826),Normal,1
4778,Normal- (3685),Normal,1
4779,Normal- (100),Normal,1
4780,Normal- (14),Normal,1
4781,Normal- (4962),Normal,1
4782,Normal- (2112),Normal,1
4783,Normal- (105),Normal,1
4784,Normal- (556),Normal,1
4785,Normal- (3642),Normal,1
4786,Normal- (1780),Normal,1
4787,Normal- (2535),Normal,1
4788,Normal- (3349),Normal,1
4789,Normal- (798),Normal,1
4790,Normal- (4846),Normal,1
4791,Normal- (1076),Normal,1
4792,Normal- (2406),Normal,1
4793,Normal- (3892),Normal,1
4794,Normal- (3922),Normal,1
4795,Normal- (1937),Normal,1
4796,Normal- (2532),Normal,1
4797,Normal- (4310),Normal,1
4798,Normal- (3152),Normal,1
4799,Normal- (4590),Normal,1
4800,Normal- (390),Normal,1
4801,Normal- (906),Normal,1
4802,Normal- (4682),Normal,1
4803,Normal- (4),Normal,1
4804,Normal- (2755),Normal,1
4805,Normal- (44),Normal,1
4806,Normal- (2833),Normal,1
4807,Normal- (5),Normal,1
4808,Normal- (3978),Normal,1
4809,Normal- (459),Normal,1
4810,Normal- (1175),Normal,1
4811,Normal- (3556),Normal,1
4812,Normal- (4898),Normal,1
4813,Normal- (3686),Normal,1
4814,Normal- (4569),Normal,1
4815,Normal- (2447),Normal,1
4816,Normal- (4992),Normal,1
4817,Normal- (2157),Normal,1
4818,Normal- (1839),Normal,1
4819,Normal- (4565),Normal,1
4820,Normal- (4986),Normal,1
4821,Normal- (5021),Normal,1
4822,Normal- (1257),Normal,1
4823,Normal- (38),Normal,1
4824,Normal- (1384),Normal,1
4825,Normal- (2805),Normal,1
4826,Normal- (1298),Normal,1
4827,Normal- (2060),Normal,1
4828,Normal- (3456),Normal,1
4829,Normal- (1568),Normal,1
4830,Normal- (2280),Normal,1
4831,Normal- (3362),Normal,1
4832,Normal- (2003),Normal,1
4833,Normal- (4199),Normal,1
4834,Normal- (4223),Normal,1
4835,Normal- (3040),Normal,1
4836,Normal- (999),Normal,1
4837,Normal- (3417),Normal,1
4838,Normal- (1603),Normal,1
4839,Normal- (3112),Normal,1
4840,Normal- (454),Normal,1
4841,Normal- (1191),Normal,1
4842,Normal- (1609),Normal,1
4843,Normal- (2485),Normal,1
4844,Normal- (4191),Normal,1
4845,Normal- (377),Normal,1
4846,Normal- (2972),Normal,1
4847,Normal- (1580),Normal,1
4848,Normal- (802),Normal,1
4849,Normal- (3072),Normal,1
4850,Normal- (822),Normal,1
4851,Normal- (4011),Normal,1
4852,Normal- (3934),Normal,1
4853,Normal- (2023),Normal,1
4854,Normal- (1945),Normal,1
4855,Normal- (430),Normal,1
4856,Normal- (3961),Normal,1
4857,Normal- (3543),Normal,1
4858,Normal- (1711),Normal,1
4859,Normal- (3658),Normal,1
4860,Normal- (899),Normal,1
4861,Normal- (424),Normal,1
4862,Normal- (3237),Normal,1
4863,Normal- (2526),Normal,1
4864,Normal- (3584),Normal,1
4865,Normal- (891),Normal,1
4866,Normal- (3131),Normal,1
4867,Normal- (775),Normal,1
4868,Normal- (3660),Normal,1
4869,Normal- (3828),Normal,1
4870,Normal- (3172),Normal,1
4871,Normal- (4661),Normal,1
4872,Normal- (4773),Normal,1
4873,Normal- (4760),Normal,1
4874,Normal- (4218),Normal,1
4875,Normal- (2575),Normal,1
4876,Normal- (4866),Normal,1
4877,Normal- (4165),Normal,1
4878,Normal- (3736),Normal,1
4879,Normal- (4351),Normal,1
4880,Normal- (4721),Normal,1
4881,Normal- (92),Normal,1
4882,Normal- (87),Normal,1
4883,Normal- (4236),Normal,1
4884,Normal- (3044),Normal,1
4885,Normal- (64),Normal,1
4886,Normal- (1956),Normal,1
4887,Normal- (1057),Normal,1
4888,Normal- (1771),Normal,1
4889,Normal- (435),Normal,1
4890,Normal- (3801),Normal,1
4891,Normal- (359),Normal,1
4892,Normal- (3426),Normal,1
4893,Normal- (4888),Normal,1
4894,Normal- (3270),Normal,1
4895,Normal- (258),Normal,1
4896,Normal- (263),Normal,1
4897,Normal- (2774),Normal,1
4898,Normal- (2400),Normal,1
4899,Normal- (4974),Normal,1
4900,Normal- (827),Normal,1
4901,Normal- (3239),Normal,1
4902,Normal- (586),Normal,1
4903,Normal- (4435),Normal,1
4904,Normal- (2933),Normal,1
4905,Normal- (4610),Normal,1
4906,Normal- (4739),Normal,1
4907,Normal- (4655),Normal,1
4908,Normal- (3731),Normal,1
4909,Normal- (3605),Normal,1
4910,Normal- (3186),Normal,1
4911,Normal- (188),Normal,1
4912,Normal- (3062),Normal,1
4913,Normal- (2277),Normal,1
4914,Normal- (3733),Normal,1
4915,Normal- (3639),Normal,1
4916,Normal- (1203),Normal,1
4917,Normal- (3028),Normal,1
4918,Normal- (272),Normal,1
4919,Normal- (2001),Normal,1
4920,Normal- (479),Normal,1
4921,Normal- (110),Normal,1
4922,Normal- (696),Normal,1
4923,Normal- (4378),Normal,1
4924,Normal- (726),Normal,1
4925,Normal- (3987),Normal,1
4926,Normal- (147),Normal,1
4927,Normal- (1470),Normal,1
4928,Normal- (1044),Normal,1
4929,Normal- (455),Normal,1
4930,Normal- (4158),Normal,1
4931,Normal- (4919),Normal,1
4932,Normal- (2381),Normal,1
4933,Normal- (3775),Normal,1
4934,Normal- (2293),Normal,1
4935,Normal- (1154),Normal,1
4936,Normal- (1500),Normal,1
4937,Normal- (1075),Normal,1
4938,Normal- (3698),Normal,1
4939,Normal- (1987),Normal,1
4940,Normal- (4905),Normal,1
4941,Normal- (1405),Normal,1
4942,Normal- (276),Normal,1
4943,Normal- (2422),Normal,1
4944,Normal- (2316),Normal,1
4945,Normal- (4437),Normal,1
4946,Normal- (2865),Normal,1
4947,Normal- (1506),Normal,1
4948,Normal- (2007),Normal,1
4949,Normal- (353),Normal,1
4950,Normal- (931),Normal,1
4951,Normal- (2150),Normal,1
4952,Normal- (863),Normal,1
4953,Normal- (2700),Normal,1
4954,Normal- (3359),Normal,1
4955,Normal- (5029),Normal,1
4956,Normal- (2285),Normal,1
4957,Normal- (385),Normal,1
4958,Normal- (3745),Normal,1
4959,Normal- (714),Normal,1
4960,Normal- (1593),Normal,1
4961,Normal- (950),Normal,1
4962,Normal- (3518),Normal,1
4963,Normal- (1781),Normal,1
4964,Normal- (3466),Normal,1
4965,Normal- (4916),Normal,1
4966,Normal- (4673),Normal,1
4967,Normal- (3),Normal,1
4968,Normal- (3259),Normal,1
4969,Normal- (43),Normal,1
4970,Normal- (3830),Normal,1
4971,Normal- (3781),Normal,1
4972,Normal- (2361),Normal,1
4973,Normal- (1493),Normal,1
4974,Normal- (5045),Normal,1
4975,Normal- (3012),Normal,1
4976,Normal- (743),Normal,1
4977,Normal- (2639),Normal,1
4978,Normal- (7),Normal,1
4979,Normal- (3263),Normal,1
4980,Normal- (3525),Normal,1
4981,Normal- (697),Normal,1
4982,Normal- (4150),Normal,1
4983,Normal- (3386),Normal,1
4984,Normal- (3571),Normal,1
4985,Normal- (1004),Normal,1
4986,Normal- (1896),Normal,1
4987,Normal- (2628),Normal,1
4988,Normal- (2437),Normal,1
4989,Normal- (24),Normal,1
4990,Normal- (3170),Normal,1
4991,Normal- (4439),Normal,1
4992,Normal- (3527),Normal,1
4993,Normal- (1083),Normal,1
4994,Normal- (1327),Normal,1
4995,Normal- (2439),Normal,1
4996,Normal- (2026),Normal,1
4997,Normal- (3219),Normal,1
4998,Normal- (235),Normal,1
4999,Normal- (928),Normal,1
5000,Normal- (3905),Normal,1
5001,Normal- (2358),Normal,1
5002,Normal- (1504),Normal,1
5003,Normal- (840),Normal,1
5004,Normal- (3245),Normal,1
5005,Normal- (2953),Normal,1
5006,Normal- (4652),Normal,1
5007,Normal- (1037),Normal,1
5008,Normal- (2328),Normal,1
5009,Normal- (561),Normal,1
5010,Normal- (2670),Normal,1
5011,Normal- (3280),Normal,1
5012,Normal- (4817),Normal,1
5013,Normal- (2621),Normal,1
5014,Normal- (1196),Normal,1
5015,Normal- (1713),Normal,1
5016,Normal- (2638),Normal,1
5017,Normal- (4490),Normal,1
5018,Normal- (1137),Normal,1
5019,Normal- (2347),Normal,1
5020,Normal- (1565),Normal,1
5021,Normal- (560),Normal,1
5022,Normal- (4187),Normal,1
5023,Normal- (398),Normal,1
5024,Normal- (3451),Normal,1
5025,Normal- (2021),Normal,1
5026,Normal- (3080),Normal,1
5027,Normal- (2732),Normal,1
5028,Normal- (1055),Normal,1
5029,Normal- (3715),Normal,1
5030,Normal- (663),Normal,1
5031,Normal- (2311),Normal,1
5032,Normal- (118),Normal,1
5033,Normal- (2167),Normal,1
5034,Normal- (2427),Normal,1
5035,Normal- (1453),Normal,1
5036,Normal- (4233),Normal,1
5037,Normal- (2495),Normal,1
5038,Normal- (824),Normal,1
5039,Normal- (96),Normal,1
5040,Normal- (3578),Normal,1
5041,Normal- (789),Normal,1
5042,Normal- (2124),Normal,1
5043,Normal- (1994),Normal,1
5044,Normal- (1518),Normal,1
5045,Normal- (4075),Normal,1
5046,Normal- (5038),Normal,1
5047,Normal- (2569),Normal,1
5048,Normal- (3384),Normal,1
5049,Normal- (2014),Normal,1
5050,Normal- (2259),Normal,1
5051,Normal- (4237),Normal,1
5052,Normal- (3256),Normal,1
5053,Normal- (2867),Normal,1
5054,Normal- (984),Normal,1
5055,Normal- (3835),Normal,1
5056,Normal- (65),Normal,1
5057,Normal- (803),Normal,1
5058,Normal- (2894),Normal,1
5059,Normal- (229),Normal,1
5060,Normal- (1816),Normal,1
5061,Normal- (4434),Normal,1
5062,Normal- (1343),Normal,1
5063,Normal- (3233),Normal,1
5064,Normal- (3122),Normal,1
5065,Normal- (3532),Normal,1
5066,Normal- (399),Normal,1
5067,Normal- (3226),Normal,1
5068,Normal- (3363),Normal,1
5069,Normal- (1804),Normal,1
5070,Normal- (2088),Normal,1
5071,Normal- (3045),Normal,1
5072,Normal- (3248),Normal,1
5073,Normal- (3983),Normal,1
5074,Normal- (1067),Normal,1
5075,Normal- (4483),Normal,1
5076,Normal- (1905),Normal,1
5077,Normal- (3361),Normal,1
5078,Normal- (1922),Normal,1
5079,Normal- (82),Normal,1
5080,Normal- (1472),Normal,1
5081,Normal- (648),Normal,1
5082,Normal- (392),Normal,1
5083,Normal- (2469),Normal,1
5084,Normal- (4662),Normal,1
5085,Normal- (2109),Normal,1
5086,Normal- (4757),Normal,1
5087,Normal- (1442),Normal,1
5088,Normal- (1544),Normal,1
5089,Normal- (3295),Normal,1
5090,Normal- (1041),Normal,1
5091,Normal- (2199),Normal,1
5092,Normal- (1106),Normal,1
5093,Normal- (3568),Normal,1
5094,Normal- (768),Normal,1
5095,Normal- (1809),Normal,1
5096,Normal- (1193),Normal,1
5097,Normal- (4748),Normal,1
5098,Normal- (1700),Normal,1
5099,Normal- (2279),Normal,1
5100,Normal- (1439),Normal,1
5101,Normal- (3096),Normal,1
5102,Normal- (2466),Normal,1
5103,Normal- (445),Normal,1
5104,Normal- (2842),Normal,1
5105,Normal- (4494),Normal,1
5106,Normal- (4768),Normal,1
5107,Normal- (2396),Normal,1
5108,Normal- (4360),Normal,1
5109,Normal- (4731),Normal,1
5110,Normal- (4892),Normal,1
5111,Normal- (1169),Normal,1
5112,Normal- (3755),Normal,1
5113,Normal- (3895),Normal,1
5114,Normal- (4532),Normal,1
5115,Normal- (2397),Normal,1
5116,Normal- (589),Normal,1
5117,Normal- (4103),Normal,1
5118,Normal- (2843),Normal,1
5119,Normal- (4948),Normal,1
5120,Normal- (283),Normal,1
5121,Normal- (3478),Normal,1
5122,Normal- (4121),Normal,1
5123,Normal- (2672),Normal,1
5124,Normal- (4136),Normal,1
5125,Normal- (247),Normal,1
5126,Normal- (3977),Normal,1
5127,Normal- (815),Normal,1
5128,Normal- (4950),Normal,1
5129,Normal- (2919),Normal,1
5130,Normal- (1525),Normal,1
5131,Normal- (3893),Normal,1
5132,Normal- (1965),Normal,1
5133,Normal- (3944),Normal,1
5134,Normal- (2835),Normal,1
5135,Normal- (2978),Normal,1
5136,Normal- (844),Normal,1
5137,Normal- (4366),Normal,1
5138,Normal- (2750),Normal,1
5139,Normal- (2512),Normal,1
5140,Normal- (4612),Normal,1
5141,Normal- (472),Normal,1
5142,Normal- (3654),Normal,1
5143,Normal- (1555),Normal,1
5144,Normal- (447),Normal,1
5145,Normal- (4743),Normal,1
5146,Normal- (3024),Normal,1
5147,Normal- (4357),Normal,1
5148,Normal- (423),Normal,1
5149,Normal- (372),Normal,1
5150,Normal- (4008),Normal,1
5151,Normal- (320),Normal,1
5152,Normal- (1829),Normal,1
5153,Normal- (2263),Normal,1
5154,Normal- (60),Normal,1
5155,Normal- (2869),Normal,1
5156,Normal- (3369),Normal,1
5157,Normal- (83),Normal,1
5158,Normal- (419),Normal,1
5159,Normal- (3048),Normal,1
5160,Normal- (429),Normal,1
5161,Normal- (1349),Normal,1
5162,Normal- (2345),Normal,1
5163,Normal- (2405),Normal,1
5164,Normal- (4539),Normal,1
5165,Normal- (3296),Normal,1
5166,Normal- (2920),Normal,1
5167,Normal- (2870),Normal,1
5168,Normal- (171),Normal,1
5169,Normal- (3395),Normal,1
5170,Normal- (3757),Normal,1
5171,Normal- (2754),Normal,1
5172,Normal- (921),Normal,1
5173,Normal- (1538),Normal,1
5174,Normal- (4557),Normal,1
5175,Normal- (3629),Normal,1
5176,Normal- (4116),Normal,1
5177,Normal- (4629),Normal,1
5178,Normal- (3982),Normal,1
5179,Normal- (2839),Normal,1
5180,Normal- (686),Normal,1
5181,Normal- (2461),Normal,1
5182,Normal- (3334),Normal,1
5183,Normal- (4791),Normal,1
5184,Normal- (3250),Normal,1
5185,Normal- (4954),Normal,1
5186,Normal- (677),Normal,1
5187,Normal- (2096),Normal,1
5188,Normal- (4755),Normal,1
5189,Normal- (3792),Normal,1
5190,Normal- (234),Normal,1
5191,Normal- (1019),Normal,1
5192,Normal- (2394),Normal,1
5193,Normal- (794),Normal,1
5194,Normal- (1811),Normal,1
5195,Normal- (1885),Normal,1
5196,Normal- (4737),Normal,1
5197,Normal- (510),Normal,1
5198,Normal- (3567),Normal,1
5199,Normal- (3288),Normal,1
5200,Normal- (753),Normal,1
5201,Normal- (4520),Normal,1
5202,Normal- (4371),Normal,1
5203,Normal- (1499),Normal,1
5204,Normal- (4145),Normal,1
5205,Normal- (3747),Normal,1
5206,Normal- (4390),Normal,1
5207,Normal- (3269),Normal,1
5208,Normal- (2213),Normal,1
5209,Normal- (3212),Normal,1
5210,Normal- (4620),Normal,1
5211,Normal- (1245),Normal,1
5212,Normal- (2777),Normal,1
5213,Normal- (4327),Normal,1
5214,Normal- (590),Normal,1
5215,Normal- (259),Normal,1
5216,Normal- (2065),Normal,1
5217,Normal- (774),Normal,1
5218,Normal- (3021),Normal,1
5219,Normal- (4406),Normal,1
5220,Normal- (1909),Normal,1
5221,Normal- (2554),Normal,1
5222,Normal- (3132),Normal,1
5223,Normal- (604),Normal,1
5224,Normal- (3470),Normal,1
5225,Normal- (2033),Normal,1
5226,Normal- (2305),Normal,1
5227,Normal- (2063),Normal,1
5228,Normal- (2520),Normal,1
5229,Normal- (639),Normal,1
5230,Normal- (3565),Normal,1
5231,Normal- (4635),Normal,1
5232,Normal- (1904),Normal,1
5233,Normal- (4078),Normal,1
5234,Normal- (3448),Normal,1
5235,Normal- (4330),Normal,1
5236,Normal- (4302),Normal,1
5237,Normal- (1238),Normal,1
5238,Normal- (1404),Normal,1
5239,Normal- (3013),Normal,1
5240,Normal- (562),Normal,1
5241,Normal- (306),Normal,1
5242,Normal- (651),Normal,1
5243,Normal- (4939),Normal,1
5244,Normal- (2522),Normal,1
5245,Normal- (243),Normal,1
5246,Normal- (1689),Normal,1
5247,Normal- (1420),Normal,1
5248,Normal- (2320),Normal,1
5249,Normal- (581),Normal,1
5250,Normal- (3560),Normal,1
5251,Normal- (1621),Normal,1
5252,Normal- (2417),Normal,1
5253,Normal- (721),Normal,1
5254,Normal- (1422),Normal,1
5255,Normal- (5014),Normal,1
5256,Normal- (2935),Normal,1
5257,Normal- (2931),Normal,1
5258,Normal- (3505),Normal,1
5259,Normal- (3381),Normal,1
5260,Normal- (2489),Normal,1
5261,Normal- (1365),Normal,1
5262,Normal- (2040),Normal,1
5263,Normal- (3870),Normal,1
5264,Normal- (3339),Normal,1
5265,Normal- (1386),Normal,1
5266,Normal- (496),Normal,1
5267,Normal- (2527),Normal,1
5268,Normal- (476),Normal,1
5269,Normal- (4415),Normal,1
5270,Normal- (642),Normal,1
5271,Normal- (2543),Normal,1
5272,Normal- (1898),Normal,1
5273,Normal- (2146),Normal,1
5274,Normal- (868),Normal,1
5275,Normal- (3919),Normal,1
5276,Normal- (1411),Normal,1
5277,Normal- (679),Normal,1
5278,Normal- (948),Normal,1
5279,Normal- (4738),Normal,1
5280,Normal- (1681),Normal,1
5281,Normal- (2301),Normal,1
5282,Normal- (1299),Normal,1
5283,Normal- (4444),Normal,1
5284,Normal- (4328),Normal,1
5285,Normal- (4459),Normal,1
5286,Normal- (1576),Normal,1
5287,Normal- (688),Normal,1
5288,Normal- (104),Normal,1
5289,Normal- (612),Normal,1
5290,Normal- (3633),Normal,1
5291,Normal- (3243),Normal,1
5292,Normal- (3055),Normal,1
5293,Normal- (2470),Normal,1
5294,Normal- (2288),Normal,1
5295,Normal- (1335),Normal,1
5296,Normal- (489),Normal,1
5297,Normal- (2857),Normal,1
5298,Normal- (583),Normal,1
5299,Normal- (295),Normal,1
5300,Normal- (1023),Normal,1
5301,Normal- (1078),Normal,1
5302,Normal- (3588),Normal,1
5303,Normal- (4185),Normal,1
5304,Normal- (1213),Normal,1
5305,Normal- (2722),Normal,1
5306,Normal- (3744),Normal,1
5307,Normal- (4648),Normal,1
5308,Normal- (1777),Normal,1
5309,Normal- (799),Normal,1
5310,Normal- (190),Normal,1
5311,Normal- (2888),Normal,1
5312,Normal- (330),Normal,1
5313,Normal- (3241),Normal,1
5314,Normal- (2384),Normal,1
5315,Normal- (4479),Normal,1
5316,Normal- (2940),Normal,1
5317,Normal- (4273),Normal,1
5318,Normal- (706),Normal,1
5319,Normal- (3501),Normal,1
5320,Normal- (1403),Normal,1
5321,Normal- (4280),Normal,1
5322,Normal- (3020),Normal,1
5323,Normal- (4553),Normal,1
5324,Normal- (3307),Normal,1
5325,Normal- (4119),Normal,1
5326,Normal- (3345),Normal,1
5327,Normal- (4562),Normal,1
5328,Normal- (4352),Normal,1
5329,Normal- (2571),Normal,1
5330,Normal- (1856),Normal,1
5331,Normal- (4955),Normal,1
5332,Normal- (1249),Normal,1
5333,Normal- (2514),Normal,1
5334,Normal- (380),Normal,1
5335,Normal- (4788),Normal,1
5336,Normal- (2985),Normal,1
5337,Normal- (1054),Normal,1
5338,Normal- (347),Normal,1
5339,Normal- (4438),Normal,1
5340,Normal- (66),Normal,1
5341,Normal- (2184),Normal,1
5342,Normal- (1192),Normal,1
5343,Normal- (3918),Normal,1
5344,Normal- (4797),Normal,1
5345,Normal- (4596),Normal,1
5346,Normal- (3003),Normal,1
5347,Normal- (2241),Normal,1
5348,Normal- (600),Normal,1
5349,Normal- (4262),Normal,1
5350,Normal- (312),Normal,1
5351,Normal- (2918),Normal,1
5352,Normal- (2944),Normal,1
5353,Normal- (405),Normal,1
5354,Normal- (2844),Normal,1
5355,Normal- (2408),Normal,1
5356,Normal- (2475),Normal,1
5357,Normal- (3032),Normal,1
5358,Normal- (3704),Normal,1
5359,Normal- (4348),Normal,1
5360,Normal- (1272),Normal,1
5361,Normal- (801),Normal,1
5362,Normal- (3047),Normal,1
5363,Normal- (4975),Normal,1
5364,Normal- (3851),Normal,1
5365,Normal- (3533),Normal,1
5366,Normal- (4591),Normal,1
5367,Normal- (3688),Normal,1
5368,Normal- (1701),Normal,1
5369,Normal- (2403),Normal,1
5370,Normal- (1059),Normal,1
5371,Normal- (3853),Normal,1
5372,Normal- (3142),Normal,1
5373,Normal- (2968),Normal,1
5374,Normal- (458),Normal,1
5375,Normal- (3980),Normal,1
5376,Normal- (3404),Normal,1
5377,Normal- (3635),Normal,1
5378,Normal- (1819),Normal,1
5379,Normal- (4106),Normal,1
5380,Normal- (1835),Normal,1
5381,Normal- (2507),Normal,1
5382,Normal- (3601),Normal,1
5383,Normal- (4777),Normal,1
5384,Normal- (2115),Normal,1
5385,Normal- (469),Normal,1
5386,Normal- (1684),Normal,1
5387,Normal- (1976),Normal,1
5388,Normal- (3467),Normal,1
5389,Normal- (4967),Normal,1
5390,Normal- (1452),Normal,1
5391,Normal- (4711),Normal,1
5392,Normal- (1468),Normal,1
5393,Normal- (3185),Normal,1
5394,Normal- (1090),Normal,1
5395,Normal- (4155),Normal,1
5396,Normal- (898),Normal,1
5397,Normal- (2064),Normal,1
5398,Normal- (94),Normal,1
5399,Normal- (161),Normal,1
5400,Normal- (5001),Normal,1
5401,Normal- (4514),Normal,1
5402,Normal- (523),Normal,1
5403,Normal- (2707),Normal,1
5404,Normal- (4010),Normal,1
5405,Normal- (2296),Normal,1
5406,Normal- (744),Normal,1
5407,Normal- (3780),Normal,1
5408,Normal- (2051),Normal,1
5409,Normal- (4799),Normal,1
5410,Normal- (3891),Normal,1
5411,Normal- (1545),Normal,1
5412,Normal- (804),Normal,1
5413,Normal- (2664),Normal,1
5414,Normal- (2773),Normal,1
5415,Normal- (2738),Normal,1
5416,Normal- (4311),Normal,1
5417,Normal- (668),Normal,1
5418,Normal- (395),Normal,1
5419,Normal- (2239),Normal,1
5420,Normal- (2307),Normal,1
5421,Normal- (2941),Normal,1
5422,Normal- (4597),Normal,1
5423,Normal- (4823),Normal,1
5424,Normal- (4792),Normal,1
5425,Normal- (1235),Normal,1
5426,Normal- (1201),Normal,1
5427,Normal- (2761),Normal,1
5428,Normal- (3691),Normal,1
5429,Normal- (3192),Normal,1
5430,Normal- (4140),Normal,1
5431,Normal- (2695),Normal,1
5432,Normal- (4501),Normal,1
5433,Normal- (170),Normal,1
5434,Normal- (4949),Normal,1
5435,Normal- (3195),Normal,1
5436,Normal- (3544),Normal,1
5437,Normal- (1227),Normal,1
5438,Normal- (3657),Normal,1
5439,Normal- (628),Normal,1
5440,Normal- (4857),Normal,1
5441,Normal- (649),Normal,1
5442,Normal- (939),Normal,1
5443,Normal- (3495),Normal,1
5444,Normal- (4100),Normal,1
5445,Normal- (2179),Normal,1
5446,Normal- (2586),Normal,1
5447,Normal- (3410),Normal,1
5448,Normal- (748),Normal,1
5449,Normal- (2229),Normal,1
5450,Normal- (4496),Normal,1
5451,Normal- (708),Normal,1
5452,Normal- (2295),Normal,1
5453,Normal- (4248),Normal,1
5454,Normal- (1183),Normal,1
5455,Normal- (1914),Normal,1
5456,Normal- (3524),Normal,1
5457,Normal- (1232),Normal,1
5458,Normal- (2505),Normal,1
5459,Normal- (2606),Normal,1
5460,Normal- (336),Normal,1
5461,Normal- (3164),Normal,1
5462,Normal- (2804),Normal,1
5463,Normal- (4172),Normal,1
5464,Normal- (2945),Normal,1
5465,Normal- (3873),Normal,1
5466,Normal- (567),Normal,1
5467,Normal- (21),Normal,1
5468,Normal- (712),Normal,1
5469,Normal- (28),Normal,1
5470,Normal- (120),Normal,1
5471,Normal- (3333),Normal,1
5472,Normal- (112),Normal,1
5473,Normal- (579),Normal,1
5474,Normal- (1136),Normal,1
5475,Normal- (2258),Normal,1
5476,Normal- (1216),Normal,1
5477,Normal- (4171),Normal,1
5478,Normal- (139),Normal,1
5479,Normal- (62),Normal,1
5480,Normal- (1080),Normal,1
5481,Normal- (2037),Normal,1
5482,Normal- (3967),Normal,1
5483,Normal- (4970),Normal,1
5484,Normal- (4645),Normal,1
5485,Normal- (4013),Normal,1
5486,Normal- (3820),Normal,1
5487,Normal- (2330),Normal,1
5488,Normal- (5032),Normal,1
5489,Normal- (2107),Normal,1
5490,Normal- (4184),Normal,1
5491,Normal- (2500),Normal,1
5492,Normal- (3231),Normal,1
5493,Normal- (3575),Normal,1
5494,Normal- (1569),Normal,1
5495,Normal- (4423),Normal,1
5496,Normal- (2831),Normal,1
5497,Normal- (3971),Normal,1
5498,Normal- (1398),Normal,1
5499,Normal- (253),Normal,1
5500,Normal- (2177),Normal,1
5501,Normal- (1739),Normal,1
5502,Normal- (2660),Normal,1
5503,Normal- (812),Normal,1
5504,Normal- (4109),Normal,1
5505,Normal- (2806),Normal,1
5506,Normal- (4242),Normal,1
5507,Normal- (4219),Normal,1
5508,Normal- (4858),Normal,1
5509,Normal- (2197),Normal,1
5510,Normal- (3794),Normal,1
5511,Normal- (810),Normal,1
5512,Normal- (995),Normal,1
5513,Normal- (2813),Normal,1
5514,Normal- (3153),Normal,1
5515,Normal- (1726),Normal,1
5516,Normal- (3583),Normal,1
5517,Normal- (36),Normal,1
5518,Normal- (4337),Normal,1
5519,Normal- (4845),Normal,1
5520,Normal- (4910),Normal,1
5521,Normal- (2364),Normal,1
5522,Normal- (4225),Normal,1
5523,Normal- (2855),Normal,1
5524,Normal- (3089),Normal,1
5525,Normal- (4651),Normal,1
5526,Normal- (3102),Normal,1
5527,Normal- (1512),Normal,1
5528,Normal- (3957),Normal,1
5529,Normal- (710),Normal,1
5530,Normal- (1489),Normal,1
5531,Normal- (2619),Normal,1
5532,Normal- (1315),Normal,1
5533,Normal- (1035),Normal,1
5534,Normal- (1815),Normal,1
5535,Normal- (1774),Normal,1
5536,Normal- (4321),Normal,1
5537,Normal- (4124),Normal,1
5538,Normal- (3328),Normal,1
5539,Normal- (2027),Normal,1
5540,Normal- (1167),Normal,1
5541,Normal- (993),Normal,1
5542,Normal- (4309),Normal,1
5543,Normal- (4217),Normal,1
5544,Normal- (2290),Normal,1
5545,Normal- (3539),Normal,1
5546,Normal- (1662),Normal,1
5547,Normal- (364),Normal,1
5548,Normal- (1228),Normal,1
5549,Normal- (4341),Normal,1
5550,Normal- (1620),Normal,1
5551,Normal- (163),Normal,1
5552,Normal- (2819),Normal,1
5553,Normal- (2227),Normal,1
5554,Normal- (661),Normal,1
5555,Normal- (539),Normal,1
5556,Normal- (4080),Normal,1
5557,Normal- (4643),Normal,1
5558,Normal- (1897),Normal,1
5559,Normal- (3738),Normal,1
5560,Normal- (1291),Normal,1
5561,Normal- (4082),Normal,1
5562,Normal- (2071),Normal,1
5563,Normal- (3025),Normal,1
5564,Normal- (1671),Normal,1
5565,Normal- (5065),Normal,1
5566,Normal- (3911),Normal,1
5567,Normal- (4636),Normal,1
5568,Normal- (966),Normal,1
5569,Normal- (1147),Normal,1
5570,Normal- (3459),Normal,1
5571,Normal- (4279),Normal,1
5572,Normal- (477),Normal,1
5573,Normal- (1286),Normal,1
5574,Normal- (1093),Normal,1
5575,Normal- (4394),Normal,1
5576,Normal- (217),Normal,1
5577,Normal- (3551),Normal,1
5578,Normal- (354),Normal,1
5579,Normal- (2217),Normal,1
5580,Normal- (692),Normal,1
5581,Normal- (1861),Normal,1
5582,Normal- (926),Normal,1
5583,Normal- (976),Normal,1
5584,Normal- (1560),Normal,1
5585,Normal- (2134),Normal,1
5586,Normal- (1042),Normal,1
5587,Normal- (402),Normal,1
5588,Normal- (1280),Normal,1
5589,Normal- (4515),Normal,1
5590,Normal- (1871),Normal,1
5591,Normal- (811),Normal,1
5592,Normal- (5057),Normal,1
5593,Normal- (1743),Normal,1
5594,Normal- (2327),Normal,1
5595,Normal- (2508),Normal,1
5596,Normal- (1186),Normal,1
5597,Normal- (4882),Normal,1
5598,Normal- (3298),Normal,1
5599,Normal- (1813),Normal,1
5600,Normal- (3305),Normal,1
5601,Normal- (1906),Normal,1
5602,Normal- (745),Normal,1
5603,Normal- (4772),Normal,1
5604,Normal- (107),Normal,1
5605,Normal- (3387),Normal,1
5606,Normal- (870),Normal,1
5607,Normal- (3884),Normal,1
5608,Normal- (664),Normal,1
5609,Normal- (5044),Normal,1
5610,Normal- (4057),Normal,1
5611,Normal- (1773),Normal,1
5612,Normal- (160),Normal,1
5613,Normal- (944),Normal,1
5614,Normal- (3900),Normal,1
5615,Normal- (2662),Normal,1
5616,Normal- (1935),Normal,1
5617,Normal- (3931),Normal,1
5618,Normal- (4317),Normal,1
5619,Normal- (3493),Normal,1
5620,Normal- (3805),Normal,1
5621,Normal- (2072),Normal,1
5622,Normal- (2541),Normal,1
5623,Normal- (1766),Normal,1
5624,Normal- (635),Normal,1
5625,Normal- (2464),Normal,1
5626,Normal- (3799),Normal,1
5627,Normal- (1802),Normal,1
5628,Normal- (4814),Normal,1
5629,Normal- (2160),Normal,1
5630,Normal- (641),Normal,1
5631,Normal- (4618),Normal,1
5632,Normal- (2620),Normal,1
5633,Normal- (3537),Normal,1
5634,Normal- (4840),Normal,1
5635,Normal- (533),Normal,1
5636,Normal- (410),Normal,1
5637,Normal- (5002),Normal,1
5638,Normal- (990),Normal,1
5639,Normal- (1371),Normal,1
5640,Normal- (831),Normal,1
5641,Normal- (1655),Normal,1
5642,Normal- (4918),Normal,1
5643,Normal- (3183),Normal,1
5644,Normal- (853),Normal,1
5645,Normal- (910),Normal,1
5646,Normal- (4020),Normal,1
5647,Normal- (4638),Normal,1
5648,Normal- (3162),Normal,1
5649,Normal- (3832),Normal,1
5650,Normal- (861),Normal,1
5651,Normal- (3976),Normal,1
5652,Normal- (4497),Normal,1
5653,Normal- (665),Normal,1
5654,Normal- (3850),Normal,1
5655,Normal- (421),Normal,1
5656,Normal- (1714),Normal,1
5657,Normal- (1138),Normal,1
5658,Normal- (2776),Normal,1
5659,Normal- (3995),Normal,1
5660,Normal- (4502),Normal,1
5661,Normal- (498),Normal,1
5662,Normal- (1458),Normal,1
5663,Normal- (1746),Normal,1
5664,Normal- (2237),Normal,1
5665,Normal- (2085),Normal,1
5666,Normal- (3940),Normal,1
5667,Normal- (3538),Normal,1
5668,Normal- (759),Normal,1
5669,Normal- (3198),Normal,1
5670,Normal- (2251),Normal,1
5671,Normal- (4826),Normal,1
5672,Normal- (2151),Normal,1
5673,Normal- (1731),Normal,1
5674,Normal- (3806),Normal,1
5675,Normal- (776),Normal,1
5676,Normal- (2053),Normal,1
5677,Normal- (4290),Normal,1
5678,Normal- (4473),Normal,1
5679,Normal- (3503),Normal,1
5680,Normal- (3722),Normal,1
5681,Normal- (1176),Normal,1
5682,Normal- (4953),Normal,1
5683,Normal- (4135),Normal,1
5684,Normal- (2105),Normal,1
5685,Normal- (3847),Normal,1
5686,Normal- (5003),Normal,1
5687,Normal- (5047),Normal,1
5688,Normal- (3979),Normal,1
5689,Normal- (2577),Normal,1
5690,Normal- (2201),Normal,1
5691,Normal- (1646),Normal,1
5692,Normal- (3249),Normal,1
5693,Normal- (2617),Normal,1
5694,Normal- (5074),Normal,1
5695,Normal- (4409),Normal,1
5696,Normal- (5046),Normal,1
5697,Normal- (3689),Normal,1
5698,Normal- (704),Normal,1
5699,Normal- (671),Normal,1
5700,Normal- (2677),Normal,1
5701,Normal- (1574),Normal,1
5702,Normal- (183),Normal,1
5703,Normal- (1657),Normal,1
5704,Normal- (969),Normal,1
5705,Normal- (2551),Normal,1
5706,Normal- (3330),Normal,1
5707,Normal- (4426),Normal,1
5708,Normal- (3424),Normal,1
5709,Normal- (3741),Normal,1
5710,Normal- (3696),Normal,1
5711,Normal- (1348),Normal,1
5712,Normal- (3682),Normal,1
5713,Normal- (3664),Normal,1
5714,Normal- (4369),Normal,1
5715,Normal- (3953),Normal,1
5716,Normal- (2432),Normal,1
5717,Normal- (2113),Normal,1
5718,Normal- (4547),Normal,1
5719,Normal- (4697),Normal,1
5720,Normal- (1972),Normal,1
5721,Normal- (1516),Normal,1
5722,Normal- (4349),Normal,1
5723,Normal- (2607),Normal,1
5724,Normal- (4276),Normal,1
5725,Normal- (4626),Normal,1
5726,Normal- (4808),Normal,1
5727,Normal- (3402),Normal,1
5728,Normal- (4422),Normal,1
5729,Normal- (3762),Normal,1
5730,Normal- (2133),Normal,1
5731,Normal- (785),Normal,1
5732,Normal- (2957),Normal,1
5733,Normal- (1886),Normal,1
5734,Normal- (5026),Normal,1
5735,Normal- (951),Normal,1
5736,Normal- (2480),Normal,1
5737,Normal- (1733),Normal,1
5738,Normal- (603),Normal,1
5739,Normal- (637),Normal,1
5740,Normal- (1392),Normal,1
5741,Normal- (304),Normal,1
5742,Normal- (4048),Normal,1
5743,Normal- (175),Normal,1
5744,Normal- (1505),Normal,1
5745,Normal- (1581),Normal,1
5746,Normal- (2248),Normal,1
5747,Normal- (2708),Normal,1
5748,Normal- (2380),Normal,1
5749,Normal- (3623),Normal,1
5750,Normal- (3572),Normal,1
5751,Normal- (1792),Normal,1
5752,Normal- (4896),Normal,1
5753,Normal- (2745),Normal,1
5754,Normal- (4579),Normal,1
5755,Normal- (1772),Normal,1
5756,Normal- (9),Normal,1
5757,Normal- (4249),Normal,1
5758,Normal- (1435),Normal,1
5759,Normal- (4153),Normal,1
5760,Normal- (4089),Normal,1
5761,Normal- (2570),Normal,1
5762,Normal- (326),Normal,1
5763,Normal- (2193),Normal,1
5764,Normal- (2689),Normal,1
5765,Normal- (1591),Normal,1
5766,Normal- (1623),Normal,1
5767,Normal- (2601),Normal,1
5768,Normal- (1441),Normal,1
5769,Normal- (1351),Normal,1
5770,Normal- (2334),Normal,1
5771,Normal- (3628),Normal,1
5772,Normal- (1572),Normal,1
5773,Normal- (4965),Normal,1
5774,Normal- (4148),Normal,1
5775,Normal- (895),Normal,1
5776,Normal- (937),Normal,1
5777,Normal- (2000),Normal,1
5778,Normal- (1923),Normal,1
5779,Normal- (3849),Normal,1
5780,Normal- (1931),Normal,1
5781,Normal- (3486),Normal,1
5782,Normal- (4086),Normal,1
5783,Normal- (3303),Normal,1
5784,Normal- (3104),Normal,1
5785,Normal- (2393),Normal,1
5786,Normal- (3266),Normal,1
5787,Normal- (1185),Normal,1
5788,Normal- (3776),Normal,1
5789,Normal- (4243),Normal,1
5790,Normal- (1133),Normal,1
5791,Normal- (4445),Normal,1
5792,Normal- (3782),Normal,1
5793,Normal- (1195),Normal,1
5794,Normal- (3423),Normal,1
5795,Normal- (4542),Normal,1
5796,Normal- (3827),Normal,1
5797,Normal- (70),Normal,1
5798,Normal- (2823),Normal,1
5799,Normal- (4291),Normal,1
5800,Normal- (2605),Normal,1
5801,Normal- (267),Normal,1
5802,Normal- (525),Normal,1
5803,Normal- (2914),Normal,1
5804,Normal- (552),Normal,1
5805,Normal- (5025),Normal,1
5806,Normal- (1797),Normal,1
5807,Normal- (4250),Normal,1
5808,Normal- (1162),Normal,1
5809,Normal- (3643),Normal,1
5810,Normal- (1032),Normal,1
5811,Normal- (1651),Normal,1
5812,Normal- (3923),Normal,1
5813,Normal- (2613),Normal,1
5814,Normal- (299),Normal,1
5815,Normal- (845),Normal,1
5816,Normal- (2356),Normal,1
5817,Normal- (3427),Normal,1
5818,Normal- (3011),Normal,1
5819,Normal- (3163),Normal,1
5820,Normal- (4095),Normal,1
5821,Normal- (3541),Normal,1
5822,Normal- (3789),Normal,1
5823,Normal- (1341),Normal,1
5824,Normal- (4929),Normal,1
5825,Normal- (2342),Normal,1
5826,Normal- (54),Normal,1
5827,Normal- (511),Normal,1
5828,Normal- (291),Normal,1
5829,Normal- (3672),Normal,1
5830,Normal- (3050),Normal,1
5831,Normal- (3603),Normal,1
5832,Normal- (5037),Normal,1
5833,Normal- (1045),Normal,1
5834,Normal- (2818),Normal,1
5835,Normal- (2368),Normal,1
5836,Normal- (3227),Normal,1
5837,Normal- (3844),Normal,1
5838,Normal- (3840),Normal,1
5839,Normal- (2887),Normal,1
5840,Normal- (647),Normal,1
5841,Normal- (1889),Normal,1
5842,Normal- (3255),Normal,1
5843,Normal- (957),Normal,1
5844,Normal- (1440),Normal,1
5845,Normal- (437),Normal,1
5846,Normal- (3938),Normal,1
5847,Normal- (2821),Normal,1
5848,Normal- (4947),Normal,1
5849,Normal- (625),Normal,1
5850,Normal- (4706),Normal,1
5851,Normal- (618),Normal,1
5852,Normal- (3129),Normal,1
5853,Normal- (3201),Normal,1
5854,Normal- (884),Normal,1
5855,Normal- (4720),Normal,1
5856,Normal- (2206),Normal,1
5857,Normal- (1930),Normal,1
5858,Normal- (3375),Normal,1
5859,Normal- (98),Normal,1
5860,Normal- (4196),Normal,1
5861,Normal- (2019),Normal,1
5862,Normal- (1212),Normal,1
5863,Normal- (4372),Normal,1
5864,Normal- (1791),Normal,1
5865,Normal- (509),Normal,1
5866,Normal- (1618),Normal,1
5867,Normal- (2032),Normal,1
5868,Normal- (2029),Normal,1
5869,Normal- (3876),Normal,1
5870,Normal- (2789),Normal,1
5871,Normal- (1069),Normal,1
5872,Normal- (2961),Normal,1
5873,Normal- (2881),Normal,1
5874,Normal- (1828),Normal,1
5875,Normal- (2997),Normal,1
5876,Normal- (3004),Normal,1
5877,Normal- (3885),Normal,1
5878,Normal- (3389),Normal,1
5879,Normal- (2533),Normal,1
5880,Normal- (2976),Normal,1
5881,Normal- (4294),Normal,1
5882,Normal- (84),Normal,1
5883,Normal- (4736),Normal,1
5884,Normal- (1048),Normal,1
5885,Normal- (3357),Normal,1
5886,Normal- (3925),Normal,1
5887,Normal- (1908),Normal,1
5888,Normal- (4450),Normal,1
5889,Normal- (3497),Normal,1
5890,Normal- (1866),Normal,1
5891,Normal- (553),Normal,1
5892,Normal- (4343),Normal,1
5893,Normal- (738),Normal,1
5894,Normal- (2645),Normal,1
5895,Normal- (298),Normal,1
5896,Normal- (873),Normal,1
5897,Normal- (4998),Normal,1
5898,Normal- (1964),Normal,1
5899,Normal- (2611),Normal,1
5900,Normal- (1614),Normal,1
5901,Normal- (881),Normal,1
5902,Normal- (693),Normal,1
5903,Normal- (4325),Normal,1
5904,Normal- (482),Normal,1
5905,Normal- (3301),Normal,1
5906,Normal- (5071),Normal,1
5907,Normal- (1043),Normal,1
5908,Normal- (3242),Normal,1
5909,Normal- (4690),Normal,1
5910,Normal- (3822),Normal,1
5911,Normal- (3367),Normal,1
5912,Normal- (1503),Normal,1
5913,Normal- (2426),Normal,1
5914,Normal- (2825),Normal,1
5915,Normal- (4583),Normal,1
5916,Normal- (4653),Normal,1
5917,Normal- (4931),Normal,1
5918,Normal- (149),Normal,1
5919,Normal- (2849),Normal,1
5920,Normal- (1932),Normal,1
5921,Normal- (978),Normal,1
5922,Normal- (2834),Normal,1
5923,Normal- (230),Normal,1
5924,Normal- (4994),Normal,1
5925,Normal- (614),Normal,1
5926,Normal- (1052),Normal,1
5927,Normal- (5042),Normal,1
5928,Normal- (1911),Normal,1
5929,Normal- (1039),Normal,1
5930,Normal- (4576),Normal,1
5931,Normal- (1040),Normal,1
5932,Normal- (2986),Normal,1
5933,Normal- (2136),Normal,1
5934,Normal- (192),Normal,1
5935,Normal- (3098),Normal,1
5936,Normal- (2682),Normal,1
5937,Normal- (3436),Normal,1
5938,Normal- (1260),Normal,1
5939,Normal- (3921),Normal,1
5940,Normal- (2913),Normal,1
5941,Normal- (889),Normal,1
5942,Normal- (4433),Normal,1
5943,Normal- (2815),Normal,1
5944,Normal- (3060),Normal,1
5945,Normal- (2317),Normal,1
5946,Normal- (4900),Normal,1
5947,Normal- (4776),Normal,1
5948,Normal- (5049),Normal,1
5949,Normal- (4534),Normal,1
5950,Normal- (2817),Normal,1
5951,Normal- (3274),Normal,1
5952,Normal- (5052),Normal,1
5953,Normal- (1455),Normal,1
5954,Normal- (3795),Normal,1
5955,Normal- (1399),Normal,1
5956,Normal- (2538),Normal,1
5957,Normal- (3494),Normal,1
5958,Normal- (4980),Normal,1
5959,Normal- (3412),Normal,1
5960,Normal- (4647),Normal,1
5961,Normal- (4850),Normal,1
5962,Normal- (3586),Normal,1
5963,Normal- (1775),Normal,1
5964,Normal- (2086),Normal,1
5965,Normal- (2378),Normal,1
5966,Normal- (796),Normal,1
5967,Normal- (4168),Normal,1
5968,Normal- (2895),Normal,1
5969,Normal- (3380),Normal,1
5970,Normal- (4449),Normal,1
5971,Normal- (3813),Normal,1
5972,Normal- (1925),Normal,1
5973,Normal- (2005),Normal,1
5974,Normal- (450),Normal,1
5975,Normal- (988),Normal,1
5976,Normal- (2078),Normal,1
5977,Normal- (1642),Normal,1
5978,Normal- (601),Normal,1
5979,Normal- (80),Normal,1
5980,Normal- (4475),Normal,1
5981,Normal- (2196),Normal,1
5982,Normal- (2319),Normal,1
5983,Normal- (709),Normal,1
5984,Normal- (3082),Normal,1
5985,Normal- (4417),Normal,1
5986,Normal- (2741),Normal,1
5987,Normal- (1107),Normal,1
5988,Normal- (4567),Normal,1
5989,Normal- (2375),Normal,1
5990,Normal- (3956),Normal,1
5991,Normal- (334),Normal,1
5992,Normal- (2028),Normal,1
5993,Normal- (4154),Normal,1
5994,Normal- (2294),Normal,1
5995,Normal- (2348),Normal,1
5996,Normal- (2794),Normal,1
5997,Normal- (1322),Normal,1
5998,Normal- (1421),Normal,1
5999,Normal- (5060),Normal,1
6000,Normal- (2634),Normal,1
6001,Normal- (2230),Normal,1
6002,Normal- (4094),Normal,1
6003,Normal- (2642),Normal,1
6004,Normal- (1928),Normal,1
6005,Normal- (3134),Normal,1
6006,Normal- (3489),Normal,1
6007,Normal- (4055),Normal,1
6008,Normal- (4424),Normal,1
6009,Normal- (4957),Normal,1
6010,Normal- (2332),Normal,1
6011,Normal- (886),Normal,1
6012,Normal- (2194),Normal,1
6013,Normal- (3687),Normal,1
6014,Normal- (1654),Normal,1
6015,Normal- (2166),Normal,1
6016,Normal- (4338),Normal,1
6017,Normal- (2715),Normal,1
6018,Normal- (2704),Normal,1
6019,Normal- (4043),Normal,1
6020,Normal- (4207),Normal,1
6021,Normal- (4132),Normal,1
6022,Normal- (3890),Normal,1
6023,Normal- (2269),Normal,1
6024,Normal- (3939),Normal,1
6025,Normal- (2370),Normal,1
6026,Normal- (167),Normal,1
6027,Normal- (1498),Normal,1
6028,Normal- (425),Normal,1
6029,Normal- (4830),Normal,1
6030,Normal- (2192),Normal,1
6031,Normal- (3517),Normal,1
6032,Normal- (4312),Normal,1
6033,Normal- (3949),Normal,1
6034,Normal- (1344),Normal,1
6035,Normal- (2494),Normal,1
6036,Normal- (4525),Normal,1
6037,Normal- (2779),Normal,1
6038,Normal- (3491),Normal,1
6039,Normal- (4584),Normal,1
6040,Normal- (807),Normal,1
6041,Normal- (1616),Normal,1
6042,Normal- (698),Normal,1
6043,Normal- (1837),Normal,1
6044,Normal- (4781),Normal,1
6045,Normal- (485),Normal,1
6046,Normal- (1174),Normal,1
6047,Normal- (2854),Normal,1
6048,Normal- (4894),Normal,1
6049,Normal- (4603),Normal,1
6050,Normal- (1297),Normal,1
6051,Normal- (215),Normal,1
6052,Normal- (2498),Normal,1
6053,Normal- (1842),Normal,1
6054,Normal- (119),Normal,1
6055,Normal- (4646),Normal,1
6056,Normal- (4416),Normal,1
6057,Normal- (2958),Normal,1
6058,Normal- (318),Normal,1
6059,Normal- (2261),Normal,1
6060,Normal- (911),Normal,1
6061,Normal- (2395),Normal,1
6062,Normal- (2479),Normal,1
6063,Normal- (4785),Normal,1
6064,Normal- (3570),Normal,1
6065,Normal- (4832),Normal,1
6066,Normal- (1215),Normal,1
6067,Normal- (3488),Normal,1
6068,Normal- (5018),Normal,1
6069,Normal- (1800),Normal,1
6070,Normal- (1020),Normal,1
6071,Normal- (3564),Normal,1
6072,Normal- (4642),Normal,1
6073,Normal- (2593),Normal,1
6074,Normal- (4871),Normal,1
6075,Normal- (1934),Normal,1
6076,Normal- (5036),Normal,1
6077,Normal- (1703),Normal,1
6078,Normal- (3531),Normal,1
6079,Normal- (2462),Normal,1
6080,Normal- (888),Normal,1
6081,Normal- (5075),Normal,1
6082,Normal- (5070),Normal,1
6083,Normal- (2519),Normal,1
6084,Normal- (3916),Normal,1
6085,Normal- (4952),Normal,1
6086,Normal- (4467),Normal,1
6087,Normal- (1661),Normal,1
6088,Normal- (2925),Normal,1
6089,Normal- (843),Normal,1
6090,Normal- (605),Normal,1
6091,Normal- (3310),Normal,1
6092,Normal- (4288),Normal,1
6093,Normal- (1855),Normal,1
6094,Normal- (2013),Normal,1
6095,Normal- (241),Normal,1
6096,Normal- (1125),Normal,1
6097,Normal- (2841),Normal,1
6098,Normal- (4319),Normal,1
6099,Normal- (319),Normal,1
6100,Normal- (1830),Normal,1
6101,Normal- (650),Normal,1
6102,Normal- (3390),Normal,1
6103,Normal- (4326),Normal,1
6104,Normal- (3651),Normal,1
6105,Normal- (1095),Normal,1
6106,Normal- (1705),Normal,1
6107,Normal- (2110),Normal,1
6108,Normal- (4686),Normal,1
6109,Normal- (3598),Normal,1
6110,Normal- (2907),Normal,1
6111,Normal- (912),Normal,1
6112,Normal- (2690),Normal,1
6113,Normal- (3309),Normal,1
6114,Normal- (3632),Normal,1
6115,Normal- (4516),Normal,1
6116,Normal- (1929),Normal,1
6117,Normal- (1788),Normal,1
6118,Normal- (4374),Normal,1
6119,Normal- (3612),Normal,1
6120,Normal- (4016),Normal,1
6121,Normal- (2511),Normal,1
6122,Normal- (2168),Normal,1
6123,Normal- (2365),Normal,1
6124,Normal- (526),Normal,1
6125,Normal- (78),Normal,1
6126,Normal- (2501),Normal,1
6127,Normal- (2386),Normal,1
6128,Normal- (4981),Normal,1
6129,Normal- (907),Normal,1
6130,Normal- (2100),Normal,1
6131,Normal- (208),Normal,1
6132,Normal- (4329),Normal,1
6133,Normal- (1143),Normal,1
6134,Normal- (858),Normal,1
6135,Normal- (4224),Normal,1
6136,Normal- (1664),Normal,1
6137,Normal- (1273),Normal,1
6138,Normal- (819),Normal,1
6139,Normal- (1446),Normal,1
6140,Normal- (4031),Normal,1
6141,Normal- (4347),Normal,1
6142,Normal- (2518),Normal,1
6143,Normal- (998),Normal,1
6144,Normal- (4674),Normal,1
6145,Normal- (1018),Normal,1
6146,Normal- (1962),Normal,1
6147,Normal- (4034),Normal,1
6148,Normal- (1682),Normal,1
6149,Normal- (2923),Normal,1
6150,Normal- (749),Normal,1
6151,Normal- (913),Normal,1
6152,Normal- (3370),Normal,1
6153,Normal- (178),Normal,1
6154,Normal- (4672),Normal,1
6155,Normal- (311),Normal,1
6156,Normal- (4198),Normal,1
6157,Normal- (214),Normal,1
6158,Normal- (965),Normal,1
6159,Normal- (1321),Normal,1
6160,Normal- (920),Normal,1
6161,Normal- (113),Normal,1
6162,Normal- (3942),Normal,1
6163,Normal- (462),Normal,1
6164,Normal- (2216),Normal,1
6165,Normal- (317),Normal,1
6166,Normal- (4211),Normal,1
6167,Normal- (1144),Normal,1
6168,Normal- (90),Normal,1
6169,Normal- (2202),Normal,1
6170,Normal- (1142),Normal,1
6171,Normal- (4899),Normal,1
6172,Normal- (2669),Normal,1
6173,Normal- (4054),Normal,1
6174,Normal- (275),Normal,1
6175,Normal- (2440),Normal,1
6176,Normal- (4818),Normal,1
6177,Normal- (2875),Normal,1
6178,Normal- (557),Normal,1
6179,Normal- (10),Normal,1
6180,Normal- (3100),Normal,1
6181,Normal- (422),Normal,1
6182,Normal- (2692),Normal,1
6183,Normal- (2310),Normal,1
6184,Normal- (1978),Normal,1
6185,Normal- (1968),Normal,1
6186,Normal- (1254),Normal,1
6187,Normal- (771),Normal,1
6188,Normal- (1530),Normal,1
6189,Normal- (1496),Normal,1
6190,Normal- (146),Normal,1
6191,Normal- (2247),Normal,1
6192,Normal- (1629),Normal,1
6193,Normal- (985),Normal,1
6194,Normal- (752),Normal,1
6195,Normal- (1793),Normal,1
6196,Normal- (2513),Normal,1
6197,Normal- (231),Normal,1
6198,Normal- (541),Normal,1
6199,Normal- (2344),Normal,1
6200,Normal- (2154),Normal,1
6201,Normal- (3081),Normal,1
6202,Normal- (343),Normal,1
6203,Normal- (1577),Normal,1
6204,Normal- (609),Normal,1
6205,Normal- (1789),Normal,1
6206,Normal- (4811),Normal,1
6207,Normal- (952),Normal,1
6208,Normal- (1730),Normal,1
6209,Normal- (3276),Normal,1
6210,Normal- (4464),Normal,1
6211,Normal- (4163),Normal,1
6212,Normal- (3151),Normal,1
6213,Normal- (4693),Normal,1
6214,Normal- (1776),Normal,1
6215,Normal- (1111),Normal,1
6216,Normal- (1266),Normal,1
6217,Normal- (4110),Normal,1
6218,Normal- (2496),Normal,1
6219,Normal- (3928),Normal,1
6220,Normal- (1959),Normal,1
6221,Normal- (415),Normal,1
6222,Normal- (2851),Normal,1
6223,Normal- (251),Normal,1
6224,Normal- (1459),Normal,1
6225,Normal- (626),Normal,1
6226,Normal- (39),Normal,1
6227,Normal- (2083),Normal,1
6228,Normal- (4122),Normal,1
6229,Normal- (4820),Normal,1
6230,Normal- (703),Normal,1
6231,Normal- (2145),Normal,1
6232,Normal- (4190),Normal,1
6233,Normal- (4275),Normal,1
6234,Normal- (3441),Normal,1
6235,Normal- (3368),Normal,1
6236,Normal- (1595),Normal,1
6237,Normal- (527),Normal,1
6238,Normal- (1685),Normal,1
6239,Normal- (1640),Normal,1
6240,Normal- (821),Normal,1
6241,Normal- (4188),Normal,1
6242,Normal- (1786),Normal,1
6243,Normal- (2832),Normal,1
6244,Normal- (1639),Normal,1
6245,Normal- (577),Normal,1
6246,Normal- (1550),Normal,1
6247,Normal- (203),Normal,1
6248,Normal- (2866),Normal,1
6249,Normal- (3690),Normal,1
6250,Normal- (2131),Normal,1
6251,Normal- (1233),Normal,1
6252,Normal- (1817),Normal,1
6253,Normal- (3585),Normal,1
6254,Normal- (4410),Normal,1
6255,Normal- (5034),Normal,1
6256,Normal- (4127),Normal,1
6257,Normal- (3415),Normal,1
6258,Normal- (3189),Normal,1
6259,Normal- (4331),Normal,1
6260,Normal- (1355),Normal,1
6261,Normal- (393),Normal,1
6262,Normal- (3396),Normal,1
6263,Normal- (2255),Normal,1
6264,Normal- (1610),Normal,1
6265,Normal- (1345),Normal,1
6266,Normal- (2899),Normal,1
6267,Normal- (3128),Normal,1
6268,Normal- (323),Normal,1
6269,Normal- (181),Normal,1
6270,Normal- (4884),Normal,1
6271,Normal- (524),Normal,1
6272,Normal- (3130),Normal,1
6273,Normal- (2214),Normal,1
6274,Normal- (4301),Normal,1
6275,Normal- (1319),Normal,1
6276,Normal- (4633),Normal,1
6277,Normal- (4336),Normal,1
6278,Normal- (3599),Normal,1
6279,Normal- (3117),Normal,1
6280,Normal- (974),Normal,1
6281,Normal- (2377),Normal,1
6282,Normal- (240),Normal,1
6283,Normal- (2550),Normal,1
6284,Normal- (117),Normal,1
6285,Normal- (3913),Normal,1
6286,Normal- (826),Normal,1
6287,Normal- (2531),Normal,1
6288,Normal- (2736),Normal,1
6289,Normal- (739),Normal,1
6290,Normal- (297),Normal,1
6291,Normal- (4038),Normal,1
6292,Normal- (4885),Normal,1
6293,Normal- (3225),Normal,1
6294,Normal- (2173),Normal,1
6295,Normal- (133),Normal,1
6296,Normal- (2025),Normal,1
6297,Normal- (2678),Normal,1
6298,Normal- (4624),Normal,1
6299,Normal- (4051),Normal,1
6300,Normal- (565),Normal,1
6301,Normal- (694),Normal,1
6302,Normal- (2024),Normal,1
6303,Normal- (2062),Normal,1
6304,Normal- (2363),Normal,1
6305,Normal- (2137),Normal,1
6306,Normal- (2627),Normal,1
6307,Normal- (236),Normal,1
6308,Normal- (2502),Normal,1
6309,Normal- (1070),Normal,1
6310,Normal- (531),Normal,1
6311,Normal- (2041),Normal,1
6312,Normal- (4568),Normal,1
6313,Normal- (859),Normal,1
6314,Normal- (1462),Normal,1
6315,Normal- (3016),Normal,1
6316,Normal- (640),Normal,1
6317,Normal- (3702),Normal,1
6318,Normal- (2951),Normal,1
6319,Normal- (3272),Normal,1
6320,Normal- (563),Normal,1
6321,Normal- (3692),Normal,1
6322,Normal- (512),Normal,1
6323,Normal- (702),Normal,1
6324,Normal- (222),Normal,1
6325,Normal- (3187),Normal,1
6326,Normal- (1359),Normal,1
6327,Normal- (2582),Normal,1
6328,Normal- (3351),Normal,1
6329,Normal- (1342),Normal,1
6330,Normal- (3719),Normal,1
6331,Normal- (446),Normal,1
6332,Normal- (2680),Normal,1
6333,Normal- (3292),Normal,1
6334,Normal- (1901),Normal,1
6335,Normal- (2298),Normal,1
6336,Normal- (4602),Normal,1
6337,Normal- (4725),Normal,1
6338,Normal- (218),Normal,1
6339,Normal- (3516),Normal,1
6340,Normal- (1673),Normal,1
6341,Normal- (406),Normal,1
6342,Normal- (3140),Normal,1
6343,Normal- (1954),Normal,1
6344,Normal- (2185),Normal,1
6345,Normal- (1234),Normal,1
6346,Normal- (4687),Normal,1
6347,Normal- (5064),Normal,1
6348,Normal- (3329),Normal,1
6349,Normal- (1782),Normal,1
6350,Normal- (1031),Normal,1
6351,Normal- (4389),Normal,1
6352,Normal- (3823),Normal,1
6353,Normal- (18),Normal,1
6354,Normal- (3356),Normal,1
6355,Normal- (588),Normal,1
6356,Normal- (3974),Normal,1
6357,Normal- (528),Normal,1
6358,Normal- (3915),Normal,1
6359,Normal- (3223),Normal,1
6360,Normal- (1432),Normal,1
6361,Normal- (2742),Normal,1
6362,Normal- (4405),Normal,1
6363,Normal- (3554),Normal,1
6364,Normal- (742),Normal,1
6365,Normal- (2928),Normal,1
6366,Normal- (4666),Normal,1
6367,Normal- (376),Normal,1
6368,Normal- (503),Normal,1
6369,Normal- (1716),Normal,1
6370,Normal- (2176),Normal,1
6371,Normal- (1693),Normal,1
6372,Normal- (1854),Normal,1
6373,Normal- (2930),Normal,1
6374,Normal- (792),Normal,1
6375,Normal- (4787),Normal,1
6376,Normal- (1461),Normal,1
6377,Normal- (520),Normal,1
6378,Normal- (2549),Normal,1
6379,Normal- (4556),Normal,1
6380,Normal- (3029),Normal,1
6381,Normal- (4893),Normal,1
6382,Normal- (3125),Normal,1
6383,Normal- (1562),Normal,1
6384,Normal- (955),Normal,1
6385,Normal- (1970),Normal,1
6386,Normal- (3133),Normal,1
6387,Normal- (2108),Normal,1
6388,Normal- (3073),Normal,1
6389,Normal- (1334),Normal,1
6390,Normal- (2089),Normal,1
6391,Normal- (1936),Normal,1
6392,Normal- (4657),Normal,1
6393,Normal- (1451),Normal,1
6394,Normal- (2164),Normal,1
6395,Normal- (2515),Normal,1
6396,Normal- (4717),Normal,1
6397,Normal- (4533),Normal,1
6398,Normal- (1709),Normal,1
6399,Normal- (4283),Normal,1
6400,Normal- (244),Normal,1
6401,Normal- (4930),Normal,1
6402,Normal- (2910),Normal,1
6403,Normal- (4193),Normal,1
6404,Normal- (1765),Normal,1
6405,Normal- (2243),Normal,1
6406,Normal- (3079),Normal,1
6407,Normal- (4004),Normal,1
6408,Normal- (1900),Normal,1
6409,Normal- (2714),Normal,1
6410,Normal- (4356),Normal,1
6411,Normal- (4650),Normal,1
6412,Normal- (3463),Normal,1
6413,Normal- (2734),Normal,1
6414,Normal- (2703),Normal,1
6415,Normal- (4829),Normal,1
6416,Normal- (613),Normal,1
6417,Normal- (4667),Normal,1
6418,Normal- (4559),Normal,1
6419,Normal- (2615),Normal,1
6420,Normal- (1149),Normal,1
6421,Normal- (2043),Normal,1
6422,Normal- (1306),Normal,1
6423,Normal- (2977),Normal,1
6424,Normal- (4182),Normal,1
6425,Normal- (2433),Normal,1
6426,Normal- (1407),Normal,1
6427,Normal- (885),Normal,1
6428,Normal- (4865),Normal,1
6429,Normal- (2873),Normal,1
6430,Normal- (3700),Normal,1
6431,Normal- (4402),Normal,1
6432,Normal- (4816),Normal,1
6433,Normal- (4071),Normal,1
6434,Normal- (2413),Normal,1
6435,Normal- (4943),Normal,1
6436,Normal- (4358),Normal,1
6437,Normal- (1007),Normal,1
6438,Normal- (900),Normal,1
6439,Normal- (4018),Normal,1
6440,Normal- (3677),Normal,1
6441,Normal- (238),Normal,1
6442,Normal- (4333),Normal,1
6443,Normal- (3950),Normal,1
6444,Normal- (25),Normal,1
6445,Normal- (150),Normal,1
6446,Normal- (4138),Normal,1
6447,Normal- (3718),Normal,1
6448,Normal- (4619),Normal,1
6449,Normal- (129),Normal,1
6450,Normal- (1980),Normal,1
6451,Normal- (1180),Normal,1
6452,Normal- (2454),Normal,1
6453,Normal- (2934),Normal,1
6454,Normal- (2059),Normal,1
6455,Normal- (1469),Normal,1
6456,Normal- (751),Normal,1
6457,Normal- (4806),Normal,1
6458,Normal- (199),Normal,1
6459,Normal- (2240),Normal,1
6460,Normal- (451),Normal,1
6461,Normal- (3039),Normal,1
6462,Normal- (3641),Normal,1
6463,Normal- (3996),Normal,1
6464,Normal- (3644),Normal,1
6465,Normal- (4026),Normal,1
6466,Normal- (787),Normal,1
6467,Normal- (596),Normal,1
6468,Normal- (3406),Normal,1
6469,Normal- (1492),Normal,1
6470,Normal- (2982),Normal,1
6471,Normal- (4993),Normal,1
6472,Normal- (4300),Normal,1
6473,Normal- (5056),Normal,1
6474,Normal- (1941),Normal,1
6475,Normal- (2730),Normal,1
6476,Normal- (1177),Normal,1
6477,Normal- (4485),Normal,1
6478,Normal- (3943),Normal,1
6479,Normal- (128),Normal,1
6480,Normal- (1747),Normal,1
6481,Normal- (2009),Normal,1
6482,Normal- (3078),Normal,1
6483,Normal- (414),Normal,1
6484,Normal- (4289),Normal,1
6485,Normal- (2191),Normal,1
6486,Normal- (3105),Normal,1
6487,Normal- (4801),Normal,1
6488,Normal- (1846),Normal,1
6489,Normal- (3124),Normal,1
6490,Normal- (857),Normal,1
6491,Normal- (1688),Normal,1
6492,Normal- (2640),Normal,1
6493,Normal- (2445),Normal,1
6494,Normal- (1206),Normal,1
6495,Normal- (4735),Normal,1
6496,Normal- (2853),Normal,1
6497,Normal- (3054),Normal,1
6498,Normal- (4230),Normal,1
6499,Normal- (1289),Normal,1
6500,Normal- (1252),Normal,1
6501,Normal- (1821),Normal,1
6502,Normal- (1128),Normal,1
6503,Normal- (4920),Normal,1
6504,Normal- (3754),Normal,1
6505,Normal- (416),Normal,1
6506,Normal- (2366),Normal,1
6507,Normal- (2771),Normal,1
6508,Normal- (1592),Normal,1
6509,Normal- (3166),Normal,1
6510,Normal- (366),Normal,1
6511,Normal- (2748),Normal,1
6512,Normal- (3061),Normal,1
6513,Normal- (2467),Normal,1
6514,Normal- (2209),Normal,1
6515,Normal- (1543),Normal,1
6516,Normal- (4077),Normal,1
6517,Normal- (1092),Normal,1
6518,Normal- (2641),Normal,1
6519,Normal- (4277),Normal,1
6520,Normal- (4027),Normal,1
6521,Normal- (4202),Normal,1
6522,Normal- (522),Normal,1
6523,Normal- (3190),Normal,1
6524,Normal- (3498),Normal,1
6525,Normal- (667),Normal,1
6526,Normal- (2267),Normal,1
6527,Normal- (4613),Normal,1
6528,Normal- (4181),Normal,1
6529,Normal- (837),Normal,1
6530,Normal- (4853),Normal,1
6531,Normal- (559),Normal,1
6532,Normal- (1161),Normal,1
6533,Normal- (3108),Normal,1
6534,Normal- (3422),Normal,1
6535,Normal- (3661),Normal,1
6536,Normal- (4969),Normal,1
6537,Normal- (1304),Normal,1
6538,Normal- (478),Normal,1
6539,Normal- (1810),Normal,1
6540,Normal- (1129),Normal,1
6541,Normal- (835),Normal,1
6542,Normal- (4873),Normal,1
6543,Normal- (1865),Normal,1
6544,Normal- (1938),Normal,1
6545,Normal- (2886),Normal,1
6546,Normal- (1382),Normal,1
6547,Normal- (226),Normal,1
6548,Normal- (2967),Normal,1
6549,Normal- (3325),Normal,1
6550,Normal- (4796),Normal,1
6551,Normal- (4241),Normal,1
6552,Normal- (3663),Normal,1
6553,Normal- (3520),Normal,1
6554,Normal- (2599),Normal,1
6555,Normal- (3313),Normal,1
6556,Normal- (2390),Normal,1
6557,Normal- (1074),Normal,1
6558,Normal- (3502),Normal,1
6559,Normal- (4192),Normal,1
6560,Normal- (165),Normal,1
6561,Normal- (329),Normal,1
6562,Normal- (3197),Normal,1
6563,Normal- (2528),Normal,1
6564,Normal- (3751),Normal,1
6565,Normal- (1017),Normal,1
6566,Normal- (4062),Normal,1
6567,Normal- (1361),Normal,1
6568,Normal- (2785),Normal,1
6569,Normal- (2915),Normal,1
6570,Normal- (2936),Normal,1
6571,Normal- (1699),Normal,1
6572,Normal- (1767),Normal,1
6573,Normal- (123),Normal,1
6574,Normal- (1430),Normal,1
6575,Normal- (3609),Normal,1
6576,Normal- (2989),Normal,1
6577,Normal- (4695),Normal,1
6578,Normal- (61),Normal,1
6579,Normal- (2721),Normal,1
6580,Normal- (361),Normal,1
6581,Normal- (51),Normal,1
6582,Normal- (2287),Normal,1
6583,Normal- (4098),Normal,1
6584,Normal- (658),Normal,1
6585,Normal- (908),Normal,1
6586,Normal- (3116),Normal,1
6587,Normal- (4908),Normal,1
6588,Normal- (2954),Normal,1
6589,Normal- (1683),Normal,1
6590,Normal- (4413),Normal,1
6591,Normal- (4751),Normal,1
6592,Normal- (1189),Normal,1
6593,Normal- (3638),Normal,1
6594,Normal- (3111),Normal,1
6595,Normal- (1534),Normal,1
6596,Normal- (4484),Normal,1
6597,Normal- (4543),Normal,1
6598,Normal- (2964),Normal,1
6599,Normal- (2452),Normal,1
6600,Normal- (903),Normal,1
6601,Normal- (1127),Normal,1
6602,Normal- (1880),Normal,1
6603,Normal- (689),Normal,1
6604,Normal- (2938),Normal,1
6605,Normal- (4587),Normal,1
6606,Normal- (3053),Normal,1
6607,Normal- (3437),Normal,1
6608,Normal- (2544),Normal,1
6609,Normal- (2155),Normal,1
6610,Normal- (830),Normal,1
6611,Normal- (1803),Normal,1
6612,Normal- (3340),Normal,1
6613,Normal- (3836),Normal,1
6614,Normal- (1676),Normal,1
6615,Normal- (1860),Normal,1
6616,Normal- (2710),Normal,1
6617,Normal- (4966),Normal,1
6618,Normal- (4812),Normal,1
6619,Normal- (2291),Normal,1
6620,Normal- (2691),Normal,1
6621,Normal- (3843),Normal,1
6622,Normal- (849),Normal,1
6623,Normal- (839),Normal,1
6624,Normal- (4446),Normal,1
6625,Normal- (2995),Normal,1
6626,Normal- (659),Normal,1
6627,Normal- (3613),Normal,1
6628,Normal- (631),Normal,1
6629,Normal- (1208),Normal,1
6630,Normal- (3446),Normal,1
6631,Normal- (1921),Normal,1
6632,Normal- (3662),Normal,1
6633,Normal- (3608),Normal,1
6634,Normal- (2309),Normal,1
6635,Normal- (3626),Normal,1
6636,Normal- (1707),Normal,1
6637,Normal- (4480),Normal,1
6638,Normal- (1892),Normal,1
6639,Normal- (894),Normal,1
6640,Normal- (5015),Normal,1
6641,Normal- (1102),Normal,1
6642,Normal- (4709),Normal,1
6643,Normal- (1612),Normal,1
6644,Normal- (2991),Normal,1
6645,Normal- (3647),Normal,1
6646,Normal- (4963),Normal,1
6647,Normal- (3800),Normal,1
6648,Normal- (924),Normal,1
6649,Normal- (2792),Normal,1
6650,Normal- (782),Normal,1
6651,Normal- (2693),Normal,1
6652,Normal- (281),Normal,1
6653,Normal- (1670),Normal,1
6654,Normal- (1579),Normal,1
6655,Normal- (2068),Normal,1
6656,Normal- (5054),Normal,1
6657,Normal- (1884),Normal,1
6658,Normal- (3729),Normal,1
6659,Normal- (2878),Normal,1
6660,Normal- (1993),Normal,1
6661,Normal- (34),Normal,1
6662,Normal- (442),Normal,1
6663,Normal- (261),Normal,1
6664,Normal- (4548),Normal,1
6665,Normal- (2929),Normal,1
6666,Normal- (3392),Normal,1
6667,Normal- (1734),Normal,1
6668,Normal- (1375),Normal,1
6669,Normal- (4879),Normal,1
6670,Normal- (3354),Normal,1
6671,Normal- (2093),Normal,1
6672,Normal- (4377),Normal,1
6673,Normal- (3445),Normal,1
6674,Normal- (2114),Normal,1
6675,Normal- (4819),Normal,1
6676,Normal- (2271),Normal,1
6677,Normal- (1524),Normal,1
6678,Normal- (2795),Normal,1
6679,Normal- (4278),Normal,1
6680,Normal- (4809),Normal,1
6681,Normal- (3901),Normal,1
6682,Normal- (3320),Normal,1
6683,Normal- (3968),Normal,1
6684,Normal- (2892),Normal,1
6685,Normal- (3669),Normal,1
6686,Normal- (3695),Normal,1
6687,Normal- (4339),Normal,1
6688,Normal- (793),Normal,1
6689,Normal- (2042),Normal,1
6690,Normal- (4440),Normal,1
6691,Normal- (3244),Normal,1
6692,Normal- (4509),Normal,1
6693,Normal- (3224),Normal,1
6694,Normal- (495),Normal,1
6695,Normal- (2993),Normal,1
6696,Normal- (3211),Normal,1
6697,Normal- (961),Normal,1
6698,Normal- (2424),Normal,1
6699,Normal- (2719),Normal,1
6700,Normal- (2648),Normal,1
6701,Normal- (2814),Normal,1
6702,Normal- (3018),Normal,1
6703,Normal- (88),Normal,1
6704,Normal- (1013),Normal,1
6705,Normal- (2589),Normal,1
6706,Normal- (4399),Normal,1
6707,Normal- (1325),Normal,1
6708,Normal- (254),Normal,1
6709,Normal- (2412),Normal,1
6710,Normal- (3808),Normal,1
6711,Normal- (1881),Normal,1
6712,Normal- (3383),Normal,1
6713,Normal- (2050),Normal,1
6714,Normal- (5016),Normal,1
6715,Normal- (4883),Normal,1
6716,Normal- (1358),Normal,1
6717,Normal- (2198),Normal,1
6718,Normal- (1927),Normal,1
6719,Normal- (1134),Normal,1
6720,Normal- (1575),Normal,1
6721,Normal- (1279),Normal,1
6722,Normal- (1532),Normal,1
6723,Normal- (4340),Normal,1
6724,Normal- (1099),Normal,1
6725,Normal- (2658),Normal,1
6726,Normal- (1728),Normal,1
6727,Normal- (345),Normal,1
6728,Normal- (180),Normal,1
6729,Normal- (211),Normal,1
6730,Normal- (4860),Normal,1
6731,Normal- (41),Normal,1
6732,Normal- (2090),Normal,1
6733,Normal- (3439),Normal,1
6734,Normal- (547),Normal,1
6735,Normal- (4649),Normal,1
6736,Normal- (3342),Normal,1
6737,Normal- (3989),Normal,1
6738,Normal- (440),Normal,1
6739,Normal- (4096),Normal,1
6740,Normal- (4999),Normal,1
6741,Normal- (534),Normal,1
6742,Normal- (1824),Normal,1
6743,Normal- (4209),Normal,1
6744,Normal- (3458),Normal,1
6745,Normal- (290),Normal,1
6746,Normal- (4090),Normal,1
6747,Normal- (817),Normal,1
6748,Normal- (1318),Normal,1
6749,Normal- (922),Normal,1
6750,Normal- (1761),Normal,1
6751,Normal- (722),Normal,1
6752,Normal- (1145),Normal,1
6753,Normal- (4167),Normal,1
6754,Normal- (463),Normal,1
6755,Normal- (4665),Normal,1
6756,Normal- (2753),Normal,1
6757,Normal- (4388),Normal,1
6758,Normal- (4622),Normal,1
6759,Normal- (989),Normal,1
6760,Normal- (918),Normal,1
6761,Normal- (3138),Normal,1
6762,Normal- (860),Normal,1
6763,Normal- (138),Normal,1
6764,Normal- (3752),Normal,1
6765,Normal- (1522),Normal,1
6766,Normal- (1687),Normal,1
6767,Normal- (3214),Normal,1
6768,Normal- (834),Normal,1
6769,Normal- (2959),Normal,1
6770,Normal- (4270),Normal,1
6771,Normal- (2858),Normal,1
6772,Normal- (1356),Normal,1
6773,Normal- (4945),Normal,1
6774,Normal- (3324),Normal,1
6775,Normal- (662),Normal,1
6776,Normal- (232),Normal,1
6777,Normal- (687),Normal,1
6778,Normal- (3476),Normal,1
6779,Normal- (3265),Normal,1
6780,Normal- (5041),Normal,1
6781,Normal- (2632),Normal,1
6782,Normal- (282),Normal,1
6783,Normal- (2901),Normal,1
6784,Normal- (1667),Normal,1
6785,Normal- (2354),Normal,1
6786,Normal- (3837),Normal,1
6787,Normal- (4448),Normal,1
6788,Normal- (962),Normal,1
6789,Normal- (1748),Normal,1
6790,Normal- (3306),Normal,1
6791,Normal- (225),Normal,1
6792,Normal- (4627),Normal,1
6793,Normal- (2880),Normal,1
6794,Normal- (896),Normal,1
6795,Normal- (3120),Normal,1
6796,Normal- (3429),Normal,1
6797,Normal- (5023),Normal,1
6798,Normal- (179),Normal,1
6799,Normal- (436),Normal,1
6800,Normal- (2066),Normal,1
6801,Normal- (2735),Normal,1
6802,Normal- (4133),Normal,1
6803,Normal- (79),Normal,1
6804,Normal- (242),Normal,1
6805,Normal- (602),Normal,1
6806,Normal- (4679),Normal,1
6807,Normal- (2226),Normal,1
6808,Normal- (3035),Normal,1
6809,Normal- (2478),Normal,1
6810,Normal- (2058),Normal,1
6811,Normal- (2807),Normal,1
6812,Normal- (1630),Normal,1
6813,Normal- (915),Normal,1
6814,Normal- (4921),Normal,1
6815,Normal- (2709),Normal,1
6816,Normal- (4149),Normal,1
6817,Normal- (2182),Normal,1
6818,Normal- (666),Normal,1
6819,Normal- (1834),Normal,1
6820,Normal- (595),Normal,1
6821,Normal- (2631),Normal,1
6822,Normal- (4269),Normal,1
6823,Normal- (1487),Normal,1
6824,Normal- (2456),Normal,1
6825,Normal- (4419),Normal,1
6826,Normal- (127),Normal,1
6827,Normal- (4056),Normal,1
6828,Normal- (4083),Normal,1
6829,Normal- (157),Normal,1
6830,Normal- (2909),Normal,1
6831,Normal- (2757),Normal,1
6832,Normal- (4131),Normal,1
6833,Normal- (4692),Normal,1
6834,Normal- (1910),Normal,1
6835,Normal- (5006),Normal,1
6836,Normal- (2143),Normal,1
6837,Normal- (3413),Normal,1
6838,Normal- (3894),Normal,1
6839,Normal- (842),Normal,1
6840,Normal- (2379),Normal,1
6841,Normal- (3213),Normal,1
6842,Normal- (2712),Normal,1
6843,Normal- (2788),Normal,1
6844,Normal- (4902),Normal,1
6845,Normal- (4489),Normal,1
6846,Normal- (3431),Normal,1
6847,Normal- (245),Normal,1
6848,Normal- (4685),Normal,1
6849,Normal- (2459),Normal,1
6850,Normal- (3273),Normal,1
6851,Normal- (3077),Normal,1
6852,Normal- (3937),Normal,1
6853,Normal- (48),Normal,1
6854,Normal- (4941),Normal,1
6855,Normal- (3465),Normal,1
6856,Normal- (887),Normal,1
6857,Normal- (2768),Normal,1
6858,Normal- (2572),Normal,1
6859,Normal- (1590),Normal,1
6860,Normal- (2863),Normal,1
6861,Normal- (3861),Normal,1
6862,Normal- (1702),Normal,1
6863,Normal- (339),Normal,1
6864,Normal- (3659),Normal,1
6865,Normal- (1918),Normal,1
6866,Normal- (1313),Normal,1
6867,Normal- (3932),Normal,1
6868,Normal- (2389),Normal,1
6869,Normal- (1290),Normal,1
6870,Normal- (4564),Normal,1
6871,Normal- (2767),Normal,1
6872,Normal- (2162),Normal,1
6873,Normal- (2215),Normal,1
6874,Normal- (3924),Normal,1
6875,Normal- (971),Normal,1
6876,Normal- (3160),Normal,1
6877,Normal- (4996),Normal,1
6878,Normal- (1818),Normal,1
6879,Normal- (902),Normal,1
6880,Normal- (3137),Normal,1
6881,Normal- (3746),Normal,1
6882,Normal- (344),Normal,1
6883,Normal- (1188),Normal,1
6884,Normal- (1858),Normal,1
6885,Normal- (584),Normal,1
6886,Normal- (1146),Normal,1
6887,Normal- (164),Normal,1
6888,Normal- (4535),Normal,1
6889,Normal- (2860),Normal,1
6890,Normal- (674),Normal,1
6891,Normal- (280),Normal,1
6892,Normal- (4611),Normal,1
6893,Normal- (1588),Normal,1
6894,Normal- (1082),Normal,1
6895,Normal- (3159),Normal,1
6896,Normal- (2893),Normal,1
6897,Normal- (3992),Normal,1
6898,Normal- (3542),Normal,1
6899,Normal- (1841),Normal,1
6900,Normal- (2415),Normal,1
6901,Normal- (4035),Normal,1
6902,Normal- (4740),Normal,1
6903,Normal- (97),Normal,1
6904,Normal- (3322),Normal,1
6905,Normal- (4841),Normal,1
6906,Normal- (3154),Normal,1
6907,Normal- (4012),Normal,1
6908,Normal- (1317),Normal,1
6909,Normal- (1285),Normal,1
6910,Normal- (3005),Normal,1
6911,Normal- (1330),Normal,1
6912,Normal- (3783),Normal,1
6913,Normal- (797),Normal,1
6914,Normal- (2616),Normal,1
6915,Normal- (2912),Normal,1
6916,Normal- (3291),Normal,1
6917,Normal- (2245),Normal,1
6918,Normal- (3352),Normal,1
6919,Normal- (2903),Normal,1
6920,Normal- (4287),Normal,1
6921,Normal- (2891),Normal,1
6922,Normal- (3902),Normal,1
6923,Normal- (2630),Normal,1
6924,Normal- (3379),Normal,1
6925,Normal- (4387),Normal,1
6926,Normal- (1393),Normal,1
6927,Normal- (2383),Normal,1
6928,Normal- (335),Normal,1
6929,Normal- (4428),Normal,1
6930,Normal- (63),Normal,1
6931,Normal- (4268),Normal,1
6932,Normal- (3043),Normal,1
6933,Normal- (1409),Normal,1
6934,Normal- (3461),Normal,1
6935,Normal- (4728),Normal,1
6936,Normal- (2103),Normal,1
6937,Normal- (2483),Normal,1
6938,Normal- (420),Normal,1
6939,Normal- (4156),Normal,1
6940,Normal- (1887),Normal,1
6941,Normal- (4079),Normal,1
6942,Normal- (1984),Normal,1
6943,Normal- (2123),Normal,1
6944,Normal- (1750),Normal,1
6945,Normal- (3607),Normal,1
6946,Normal- (4616),Normal,1
6947,Normal- (4512),Normal,1
6948,Normal- (750),Normal,1
6949,Normal- (3787),Normal,1
6950,Normal- (4764),Normal,1
6951,Normal- (701),Normal,1
6952,Normal- (1494),Normal,1
6953,Normal- (4177),Normal,1
6954,Normal- (3681),Normal,1
6955,Normal- (1278),Normal,1
6956,Normal- (2746),Normal,1
6957,Normal- (4455),Normal,1
6958,Normal- (2772),Normal,1
6959,Normal- (3927),Normal,1
6960,Normal- (4558),Normal,1
6961,Normal- (3443),Normal,1
6962,Normal- (3930),Normal,1
6963,Normal- (1742),Normal,1
6964,Normal- (1323),Normal,1
6965,Normal- (1166),Normal,1
6966,Normal- (2278),Normal,1
6967,Normal- (3001),Normal,1
6968,Normal- (3430),Normal,1
6969,Normal- (2374),Normal,1
6970,Normal- (850),Normal,1
6971,Normal- (2587),Normal,1
6972,Normal- (2530),Normal,1
6973,Normal- (1796),Normal,1
6974,Normal- (307),Normal,1
6975,Normal- (892),Normal,1
6976,Normal- (2438),Normal,1
6977,Normal- (2965),Normal,1
6978,Normal- (4072),Normal,1
6979,Normal- (571),Normal,1
6980,Normal- (2126),Normal,1
6981,Normal- (4938),Normal,1
6982,Normal- (4528),Normal,1
6983,Normal- (1418),Normal,1
6984,Normal- (4854),Normal,1
6985,Normal- (4093),Normal,1
6986,Normal- (1038),Normal,1
6987,Normal- (1395),Normal,1
6988,Normal- (2956),Normal,1
6989,Normal- (3343),Normal,1
6990,Normal- (2260),Normal,1
6991,Normal- (4880),Normal,1
6992,Normal- (3880),Normal,1
6993,Normal- (4631),Normal,1
6994,Normal- (67),Normal,1
6995,Normal- (564),Normal,1
6996,Normal- (4570),Normal,1
6997,Normal- (1396),Normal,1
6998,Normal- (4081),Normal,1
6999,Normal- (2499),Normal,1
7000,Normal- (728),Normal,1
7001,Normal- (4001),Normal,1
7002,Normal- (3712),Normal,1
7003,Normal- (4782),Normal,1
7004,Normal- (2580),Normal,1
7005,Normal- (4454),Normal,1
7006,Normal- (2740),Normal,1
7007,Normal- (3759),Normal,1
7008,Normal- (3109),Normal,1
7009,Normal- (3260),Normal,1
7010,Normal- (1222),Normal,1
7011,Normal- (3178),Normal,1
7012,Normal- (3097),Normal,1
7013,Normal- (508),Normal,1
7014,Normal- (3174),Normal,1
7015,Normal- (655),Normal,1
7016,Normal- (1973),Normal,1
7017,Normal- (3240),Normal,1
7018,Normal- (4747),Normal,1
7019,Normal- (2015),Normal,1
7020,Normal- (3311),Normal,1
7021,Normal- (1347),Normal,1
7022,Normal- (3428),Normal,1
7023,Normal- (4382),Normal,1
7024,Normal- (2852),Normal,1
7025,Normal- (2778),Normal,1
7026,Normal- (130),Normal,1
7027,Normal- (1539),Normal,1
7028,Normal- (3845),Normal,1
7029,Normal- (3984),Normal,1
7030,Normal- (1992),Normal,1
7031,Normal- (731),Normal,1
7032,Normal- (4549),Normal,1
7033,Normal- (856),Normal,1
7034,Normal- (4353),Normal,1
7035,Normal- (876),Normal,1
7036,Normal- (871),Normal,1
7037,Normal- (403),Normal,1
7038,Normal- (2897),Normal,1
7039,Normal- (2187),Normal,1
7040,Normal- (1745),Normal,1
7041,Normal- (3668),Normal,1
7042,Normal- (3833),Normal,1
7043,Normal- (4718),Normal,1
7044,Normal- (2548),Normal,1
7045,Normal- (1181),Normal,1
7046,Normal- (3945),Normal,1
7047,Normal- (2562),Normal,1
7048,Normal- (4890),Normal,1
7049,Normal- (2391),Normal,1
7050,Normal- (1024),Normal,1
7051,Normal- (4741),Normal,1
7052,Normal- (349),Normal,1
7053,Normal- (2992),Normal,1
7054,Normal- (2665),Normal,1
7055,Normal- (854),Normal,1
7056,Normal- (1690),Normal,1
7057,Normal- (3477),Normal,1
7058,Normal- (2421),Normal,1
7059,Normal- (610),Normal,1
7060,Normal- (3778),Normal,1
7061,Normal- (143),Normal,1
7062,Normal- (555),Normal,1
7063,Normal- (3158),Normal,1
7064,Normal- (3385),Normal,1
7065,Normal- (1814),Normal,1
7066,Normal- (2876),Normal,1
7067,Normal- (2556),Normal,1
7068,Normal- (2172),Normal,1
7069,Normal- (5039),Normal,1
7070,Normal- (333),Normal,1
7071,Normal- (207),Normal,1
7072,Normal- (3042),Normal,1
7073,Normal- (3457),Normal,1
7074,Normal- (3929),Normal,1
7075,Normal- (979),Normal,1
7076,Normal- (1),Normal,1
7077,Normal- (4050),Normal,1
7078,Normal- (1131),Normal,1
7079,Normal- (4707),Normal,1
7080,Normal- (4465),Normal,1
7081,Normal- (3169),Normal,1
7082,Normal- (2186),Normal,1
7083,Normal- (1389),Normal,1
7084,Normal- (1515),Normal,1
7085,Normal- (970),Normal,1
7086,Normal- (321),Normal,1
7087,Normal- (1431),Normal,1
7088,Normal- (947),Normal,1
7089,Normal- (4790),Normal,1
7090,Normal- (71),Normal,1
7091,Normal- (3006),Normal,1
7092,Normal- (2098),Normal,1
7093,Normal- (1160),Normal,1
7094,Normal- (4345),Normal,1
7095,Normal- (4120),Normal,1
7096,Normal- (2253),Normal,1
7097,Normal- (3165),Normal,1
7098,Normal- (1103),Normal,1
7099,Normal- (1557),Normal,1
7100,Normal- (491),Normal,1
7101,Normal- (4313),Normal,1
7102,Normal- (1480),Normal,1
7103,Normal- (2419),Normal,1
7104,Normal- (3121),Normal,1
7105,Normal- (3587),Normal,1
7106,Normal- (3965),Normal,1
7107,Normal- (1326),Normal,1
7108,Normal- (1484),Normal,1
7109,Normal- (3862),Normal,1
7110,Normal- (3955),Normal,1
7111,Normal- (1197),Normal,1
7112,Normal- (289),Normal,1
7113,Normal- (122),Normal,1
7114,Normal- (3287),Normal,1
7115,Normal- (3519),Normal,1
7116,Normal- (1109),Normal,1
7117,Normal- (2937),Normal,1
7118,Normal- (3986),Normal,1
7119,Normal- (3146),Normal,1
7120,Normal- (935),Normal,1
7121,Normal- (4384),Normal,1
7122,Normal- (1164),Normal,1
7123,Normal- (4803),Normal,1
7124,Normal- (1718),Normal,1
7125,Normal- (4463),Normal,1
7126,Normal- (428),Normal,1
7127,Normal- (1248),Normal,1
7128,Normal- (4995),Normal,1
7129,Normal- (57),Normal,1
7130,Normal- (1256),Normal,1
7131,Normal- (4842),Normal,1
7132,Normal- (1205),Normal,1
7133,Normal- (3373),Normal,1
7134,Normal- (3636),Normal,1
7135,Normal- (3964),Normal,1
7136,Normal- (2200),Normal,1
7137,Normal- (3526),Normal,1
7138,Normal- (3157),Normal,1
7139,Normal- (3327),Normal,1
7140,Normal- (389),Normal,1
7141,Normal- (2244),Normal,1
7142,Normal- (1097),Normal,1
7143,Normal- (1376),Normal,1
7144,Normal- (3717),Normal,1
7145,Normal- (4917),Normal,1
7146,Normal- (3914),Normal,1
7147,Normal- (3841),Normal,1
7148,Normal- (471),Normal,1
7149,Normal- (808),Normal,1
7150,Normal- (1402),Normal,1
7151,Normal- (1116),Normal,1
7152,Normal- (1953),Normal,1
7153,Normal- (3147),Normal,1
7154,Normal- (874),Normal,1
7155,Normal- (1406),Normal,1
7156,Normal- (2324),Normal,1
7157,Normal- (2927),Normal,1
7158,Normal- (1526),Normal,1
7159,Normal- (3350),Normal,1
7160,Normal- (4432),Normal,1
7161,Normal- (4607),Normal,1
7162,Normal- (212),Normal,1
7163,Normal- (205),Normal,1
7164,Normal- (1608),Normal,1
7165,Normal- (1645),Normal,1
7166,Normal- (286),Normal,1
7167,Normal- (3336),Normal,1
7168,Normal- (1697),Normal,1
7169,Normal- (2477),Normal,1
7170,Normal- (4324),Normal,1
7171,Normal- (2908),Normal,1
7172,Normal- (378),Normal,1
7173,Normal- (1598),Normal,1
7174,Normal- (158),Normal,1
7175,Normal- (672),Normal,1
7176,Normal- (4052),Normal,1
7177,Normal- (3247),Normal,1
7178,Normal- (1833),Normal,1
7179,Normal- (4805),Normal,1
7180,Normal- (3547),Normal,1
7181,Normal- (1444),Normal,1
7182,Normal- (570),Normal,1
7183,Normal- (1877),Normal,1
7184,Normal- (770),Normal,1
7185,Normal- (2837),Normal,1
7186,Normal- (4212),Normal,1
7187,Normal- (3127),Normal,1
7188,Normal- (695),Normal,1
7189,Normal- (140),Normal,1
7190,Normal- (4784),Normal,1
7191,Normal- (72),Normal,1
7192,Normal- (3710),Normal,1
7193,Normal- (505),Normal,1
7194,Normal- (769),Normal,1
7195,Normal- (2116),Normal,1
7196,Normal- (4978),Normal,1
7197,Normal- (4678),Normal,1
7198,Normal- (4499),Normal,1
7199,Normal- (3594),Normal,1
7200,Normal- (2744),Normal,1
7201,Normal- (1573),Normal,1
7202,Normal- (3017),Normal,1
7203,Normal- (608),Normal,1
7204,Normal- (3552),Normal,1
7205,Normal- (4550),Normal,1
7206,Normal- (2981),Normal,1
7207,Normal- (3614),Normal,1
7208,Normal- (761),Normal,1
7209,Normal- (3790),Normal,1
7210,Normal- (346),Normal,1
7211,Normal- (2371),Normal,1
7212,Normal- (3907),Normal,1
7213,Normal- (3981),Normal,1
7214,Normal- (1261),Normal,1
7215,Normal- (882),Normal,1
7216,Normal- (2120),Normal,1
7217,Normal- (4401),Normal,1
7218,Normal- (3624),Normal,1
7219,Normal- (2246),Normal,1
7220,Normal- (413),Normal,1
7221,Normal- (1723),Normal,1
7222,Normal- (3230),Normal,1
7223,Normal- (569),Normal,1
7224,Normal- (1556),Normal,1
7225,Normal- (923),Normal,1
7226,Normal- (1669),Normal,1
7227,Normal- (2793),Normal,1
7228,Normal- (909),Normal,1
7229,Normal- (52),Normal,1
7230,Normal- (3182),Normal,1
7231,Normal- (4701),Normal,1
7232,Normal- (2705),Normal,1
7233,Normal- (4660),Normal,1
7234,Normal- (3678),Normal,1
7235,Normal- (4615),Normal,1
7236,Normal- (1401),Normal,1
7237,Normal- (2004),Normal,1
7238,Normal- (3999),Normal,1
7239,Normal- (1736),Normal,1
7240,Normal- (4474),Normal,1
7241,Normal- (852),Normal,1
7242,Normal- (2529),Normal,1
7243,Normal- (5010),Normal,1
7244,Normal- (284),Normal,1
7245,Normal- (1086),Normal,1
7246,Normal- (4789),Normal,1
7247,Normal- (3593),Normal,1
7248,Normal- (4956),Normal,1
7249,Normal- (3217),Normal,1
7250,Normal- (1049),Normal,1
7251,Normal- (3168),Normal,1
7252,Normal- (3770),Normal,1
7253,Normal- (2163),Normal,1
7254,Normal- (1757),Normal,1
7255,Normal- (4933),Normal,1
7256,Normal- (1641),Normal,1
7257,Normal- (3346),Normal,1
7258,Normal- (4983),Normal,1
7259,Normal- (740),Normal,1
7260,Normal- (4913),Normal,1
7261,Normal- (3785),Normal,1
7262,Normal- (3750),Normal,1
7263,Normal- (2444),Normal,1
7264,Normal- (1564),Normal,1
7265,Normal- (4144),Normal,1
7266,Normal- (3676),Normal,1
7267,Normal- (1274),Normal,1
7268,Normal- (173),Normal,1
7269,Normal- (4067),Normal,1
7270,Normal- (3649),Normal,1
7271,Normal- (2232),Normal,1
7272,Normal- (780),Normal,1
7273,Normal- (2382),Normal,1
7274,Normal- (542),Normal,1
7275,Normal- (3279),Normal,1
7276,Normal- (2099),Normal,1
7277,Normal- (4991),Normal,1
7278,Normal- (1507),Normal,1
7279,Normal- (1338),Normal,1
7280,Normal- (2916),Normal,1
7281,Normal- (4859),Normal,1
7282,Normal- (814),Normal,1
7283,Normal- (725),Normal,1
7284,Normal- (3882),Normal,1
7285,Normal- (4151),Normal,1
7286,Normal- (2387),Normal,1
7287,Normal- (2524),Normal,1
7288,Normal- (3511),Normal,1
7289,Normal- (1214),Normal,1
7290,Normal- (1607),Normal,1
7291,Normal- (4253),Normal,1
7292,Normal- (4457),Normal,1
7293,Normal- (828),Normal,1
7294,Normal- (2729),Normal,1
7295,Normal- (4849),Normal,1
7296,Normal- (1282),Normal,1
7297,Normal- (3317),Normal,1
7298,Normal- (5062),Normal,1
7299,Normal- (3216),Normal,1
7300,Normal- (4828),Normal,1
7301,Normal- (4726),Normal,1
7302,Normal- (3221),Normal,1
7303,Normal- (1749),Normal,1
7304,Normal- (189),Normal,1
7305,Normal- (4730),Normal,1
7306,Normal- (2643),Normal,1
7307,Normal- (1236),Normal,1
7308,Normal- (3258),Normal,1
7309,Normal- (3899),Normal,1
7310,Normal- (4091),Normal,1
7311,Normal- (535),Normal,1
7312,Normal- (4061),Normal,1
7313,Normal- (4453),Normal,1
7314,Normal- (4431),Normal,1
7315,Normal- (2036),Normal,1
7316,Normal- (2054),Normal,1
7317,Normal- (4299),Normal,1
7318,Normal- (3161),Normal,1
7319,Normal- (174),Normal,1
7320,Normal- (4689),Normal,1
7321,Normal- (1448),Normal,1
7322,Normal- (2272),Normal,1
7323,Normal- (1223),Normal,1
7324,Normal- (638),Normal,1
7325,Normal- (1519),Normal,1
7326,Normal- (5011),Normal,1
7327,Normal- (2592),Normal,1
7328,Normal- (2140),Normal,1
7329,Normal- (1795),Normal,1
7330,Normal- (4442),Normal,1
7331,Normal- (764),Normal,1
7332,Normal- (754),Normal,1
7333,Normal- (3559),Normal,1
7334,Normal- (4923),Normal,1
7335,Normal- (3452),Normal,1
7336,Normal- (417),Normal,1
7337,Normal- (932),Normal,1
7338,Normal- (4928),Normal,1
7339,Normal- (4197),Normal,1
7340,Normal- (3561),Normal,1
7341,Normal- (4316),Normal,1
7342,Normal- (967),Normal,1
7343,Normal- (2436),Normal,1
7344,Normal- (3735),Normal,1
7345,Normal- (646),Normal,1
7346,Normal- (367),Normal,1
7347,Normal- (1171),Normal,1
7348,Normal- (4588),Normal,1
7349,Normal- (1729),Normal,1
7350,Normal- (4759),Normal,1
7351,Normal- (5020),Normal,1
7352,Normal- (3087),Normal,1
7353,Normal- (3728),Normal,1
7354,Normal- (4260),Normal,1
7355,Normal- (4346),Normal,1
7356,Normal- (734),Normal,1
7357,Normal- (4019),Normal,1
7358,Normal- (4827),Normal,1
7359,Normal- (15),Normal,1
7360,Stone- (1206),Stone,2
7361,Stone- (181),Stone,2
7362,Stone- (1252),Stone,2
7363,Stone- (285),Stone,2
7364,Stone- (655),Stone,2
7365,Stone- (772),Stone,2
7366,Stone- (951),Stone,2
7367,Stone- (582),Stone,2
7368,Stone- (743),Stone,2
7369,Stone- (89),Stone,2
7370,Stone- (632),Stone,2
7371,Stone- (1194),Stone,2
7372,Stone- (455),Stone,2
7373,Stone- (1268),Stone,2
7374,Stone- (132),Stone,2
7375,Stone- (1256),Stone,2
7376,Stone- (1329),Stone,2
7377,Stone- (620),Stone,2
7378,Stone- (53),Stone,2
7379,Stone- (433),Stone,2
7380,Stone- (1327),Stone,2
7381,Stone- (250),Stone,2
7382,Stone- (397),Stone,2
7383,Stone- (810),Stone,2
7384,Stone- (325),Stone,2
7385,Stone- (686),Stone,2
7386,Stone- (44),Stone,2
7387,Stone- (169),Stone,2
7388,Stone- (975),Stone,2
7389,Stone- (405),Stone,2
7390,Stone- (421),Stone,2
7391,Stone- (1111),Stone,2
7392,Stone- (177),Stone,2
7393,Stone- (1107),Stone,2
7394,Stone- (1215),Stone,2
7395,Stone- (300),Stone,2
7396,Stone- (547),Stone,2
7397,Stone- (273),Stone,2
7398,Stone- (1248),Stone,2
7399,Stone- (1058),Stone,2
7400,Stone- (243),Stone,2
7401,Stone- (52),Stone,2
7402,Stone- (470),Stone,2
7403,Stone- (1319),Stone,2
7404,Stone- (400),Stone,2
7405,Stone- (70),Stone,2
7406,Stone- (1015),Stone,2
7407,Stone- (1218),Stone,2
7408,Stone- (324),Stone,2
7409,Stone- (599),Stone,2
7410,Stone- (238),Stone,2
7411,Stone- (1027),Stone,2
7412,Stone- (1023),Stone,2
7413,Stone- (1212),Stone,2
7414,Stone- (168),Stone,2
7415,Stone- (916),Stone,2
7416,Stone- (279),Stone,2
7417,Stone- (91),Stone,2
7418,Stone- (247),Stone,2
7419,Stone- (513),Stone,2
7420,Stone- (863),Stone,2
7421,Stone- (1034),Stone,2
7422,Stone- (1288),Stone,2
7423,Stone- (586),Stone,2
7424,Stone- (338),Stone,2
7425,Stone- (651),Stone,2
7426,Stone- (1021),Stone,2
7427,Stone- (471),Stone,2
7428,Stone- (443),Stone,2
7429,Stone- (137),Stone,2
7430,Stone- (925),Stone,2
7431,Stone- (904),Stone,2
7432,Stone- (999),Stone,2
7433,Stone- (967),Stone,2
7434,Stone- (1364),Stone,2
7435,Stone- (146),Stone,2
7436,Stone- (406),Stone,2
7437,Stone- (423),Stone,2
7438,Stone- (189),Stone,2
7439,Stone- (944),Stone,2
7440,Stone- (554),Stone,2
7441,Stone- (1355),Stone,2
7442,Stone- (657),Stone,2
7443,Stone- (518),Stone,2
7444,Stone- (1195),Stone,2
7445,Stone- (520),Stone,2
7446,Stone- (674),Stone,2
7447,Stone- (413),Stone,2
7448,Stone- (1331),Stone,2
7449,Stone- (1289),Stone,2
7450,Stone- (1176),Stone,2
7451,Stone- (170),Stone,2
7452,Stone- (203),Stone,2
7453,Stone- (463),Stone,2
7454,Stone- (1129),Stone,2
7455,Stone- (1137),Stone,2
7456,Stone- (1182),Stone,2
7457,Stone- (414),Stone,2
7458,Stone- (150),Stone,2
7459,Stone- (775),Stone,2
7460,Stone- (362),Stone,2
7461,Stone- (539),Stone,2
7462,Stone- (1201),Stone,2
7463,Stone- (988),Stone,2
7464,Stone- (1341),Stone,2
7465,Stone- (46),Stone,2
7466,Stone- (594),Stone,2
7467,Stone- (30),Stone,2
7468,Stone- (420),Stone,2
7469,Stone- (488),Stone,2
7470,Stone- (1365),Stone,2
7471,Stone- (479),Stone,2
7472,Stone- (884),Stone,2
7473,Stone- (491),Stone,2
7474,Stone- (1284),Stone,2
7475,Stone- (998),Stone,2
7476,Stone- (968),Stone,2
7477,Stone- (417),Stone,2
7478,Stone- (800),Stone,2
7479,Stone- (911),Stone,2
7480,Stone- (101),Stone,2
7481,Stone- (840),Stone,2
7482,Stone- (309),Stone,2
7483,Stone- (166),Stone,2
7484,Stone- (356),Stone,2
7485,Stone- (319),Stone,2
7486,Stone- (1089),Stone,2
7487,Stone- (487),Stone,2
7488,Stone- (544),Stone,2
7489,Stone- (1123),Stone,2
7490,Stone- (139),Stone,2
7491,Stone- (844),Stone,2
7492,Stone- (1254),Stone,2
7493,Stone- (1036),Stone,2
7494,Stone- (866),Stone,2
7495,Stone- (41),Stone,2
7496,Stone- (838),Stone,2
7497,Stone- (602),Stone,2
7498,Stone- (1285),Stone,2
7499,Stone- (577),Stone,2
7500,Stone- (259),Stone,2
7501,Stone- (11),Stone,2
7502,Stone- (1257),Stone,2
7503,Stone- (1247),Stone,2
7504,Stone- (419),Stone,2
7505,Stone- (202),Stone,2
7506,Stone- (481),Stone,2
7507,Stone- (1297),Stone,2
7508,Stone- (939),Stone,2
7509,Stone- (649),Stone,2
7510,Stone- (1235),Stone,2
7511,Stone- (1064),Stone,2
7512,Stone- (452),Stone,2
7513,Stone- (510),Stone,2
7514,Stone- (388),Stone,2
7515,Stone- (14),Stone,2
7516,Stone- (795),Stone,2
7517,Stone- (592),Stone,2
7518,Stone- (16),Stone,2
7519,Stone- (771),Stone,2
7520,Stone- (212),Stone,2
7521,Stone- (669),Stone,2
7522,Stone- (1117),Stone,2
7523,Stone- (1010),Stone,2
7524,Stone- (314),Stone,2
7525,Stone- (371),Stone,2
7526,Stone- (512),Stone,2
7527,Stone- (1260),Stone,2
7528,Stone- (913),Stone,2
7529,Stone- (1018),Stone,2
7530,Stone- (826),Stone,2
7531,Stone- (175),Stone,2
7532,Stone- (66),Stone,2
7533,Stone- (56),Stone,2
7534,Stone- (959),Stone,2
7535,Stone- (67),Stone,2
7536,Stone- (235),Stone,2
7537,Stone- (618),Stone,2
7538,Stone- (308),Stone,2
7539,Stone- (1220),Stone,2
7540,Stone- (780),Stone,2
7541,Stone- (742),Stone,2
7542,Stone- (341),Stone,2
7543,Stone- (1038),Stone,2
7544,Stone- (484),Stone,2
7545,Stone- (434),Stone,2
7546,Stone- (648),Stone,2
7547,Stone- (978),Stone,2
7548,Stone- (806),Stone,2
7549,Stone- (997),Stone,2
7550,Stone- (802),Stone,2
7551,Stone- (845),Stone,2
7552,Stone- (140),Stone,2
7553,Stone- (583),Stone,2
7554,Stone- (380),Stone,2
7555,Stone- (152),Stone,2
7556,Stone- (528),Stone,2
7557,Stone- (395),Stone,2
7558,Stone- (261),Stone,2
7559,Stone- (783),Stone,2
7560,Stone- (1335),Stone,2
7561,Stone- (794),Stone,2
7562,Stone- (918),Stone,2
7563,Stone- (621),Stone,2
7564,Stone- (636),Stone,2
7565,Stone- (1033),Stone,2
7566,Stone- (358),Stone,2
7567,Stone- (962),Stone,2
7568,Stone- (1031),Stone,2
7569,Stone- (714),Stone,2
7570,Stone- (266),Stone,2
7571,Stone- (1282),Stone,2
7572,Stone- (1065),Stone,2
7573,Stone- (1048),Stone,2
7574,Stone- (1214),Stone,2
7575,Stone- (370),Stone,2
7576,Stone- (656),Stone,2
7577,Stone- (1068),Stone,2
7578,Stone- (1183),Stone,2
7579,Stone- (1351),Stone,2
7580,Stone- (333),Stone,2
7581,Stone- (143),Stone,2
7582,Stone- (796),Stone,2
7583,Stone- (593),Stone,2
7584,Stone- (1170),Stone,2
7585,Stone- (1269),Stone,2
7586,Stone- (462),Stone,2
7587,Stone- (543),Stone,2
7588,Stone- (385),Stone,2
7589,Stone- (416),Stone,2
7590,Stone- (366),Stone,2
7591,Stone- (1272),Stone,2
7592,Stone- (868),Stone,2
7593,Stone- (477),Stone,2
7594,Stone- (8),Stone,2
7595,Stone- (1008),Stone,2
7596,Stone- (10),Stone,2
7597,Stone- (808),Stone,2
7598,Stone- (1074),Stone,2
7599,Stone- (98),Stone,2
7600,Stone- (930),Stone,2
7601,Stone- (411),Stone,2
7602,Stone- (209),Stone,2
7603,Stone- (591),Stone,2
7604,Stone- (1280),Stone,2
7605,Stone- (1310),Stone,2
7606,Stone- (201),Stone,2
7607,Stone- (435),Stone,2
7608,Stone- (495),Stone,2
7609,Stone- (834),Stone,2
7610,Stone- (1165),Stone,2
7611,Stone- (1311),Stone,2
7612,Stone- (1076),Stone,2
7613,Stone- (263),Stone,2
7614,Stone- (365),Stone,2
7615,Stone- (859),Stone,2
7616,Stone- (339),Stone,2
7617,Stone- (410),Stone,2
7618,Stone- (1326),Stone,2
7619,Stone- (1312),Stone,2
7620,Stone- (207),Stone,2
7621,Stone- (1059),Stone,2
7622,Stone- (355),Stone,2
7623,Stone- (1231),Stone,2
7624,Stone- (459),Stone,2
7625,Stone- (738),Stone,2
7626,Stone- (596),Stone,2
7627,Stone- (6),Stone,2
7628,Stone- (438),Stone,2
7629,Stone- (271),Stone,2
7630,Stone- (537),Stone,2
7631,Stone- (1354),Stone,2
7632,Stone- (1362),Stone,2
7633,Stone- (819),Stone,2
7634,Stone- (1237),Stone,2
7635,Stone- (1128),Stone,2
7636,Stone- (427),Stone,2
7637,Stone- (43),Stone,2
7638,Stone- (880),Stone,2
7639,Stone- (1180),Stone,2
7640,Stone- (1070),Stone,2
7641,Stone- (581),Stone,2
7642,Stone- (171),Stone,2
7643,Stone- (933),Stone,2
7644,Stone- (735),Stone,2
7645,Stone- (1250),Stone,2
7646,Stone- (500),Stone,2
7647,Stone- (429),Stone,2
7648,Stone- (548),Stone,2
7649,Stone- (781),Stone,2
7650,Stone- (619),Stone,2
7651,Stone- (680),Stone,2
7652,Stone- (891),Stone,2
7653,Stone- (954),Stone,2
7654,Stone- (1344),Stone,2
7655,Stone- (255),Stone,2
7656,Stone- (728),Stone,2
7657,Stone- (1146),Stone,2
7658,Stone- (19),Stone,2
7659,Stone- (1042),Stone,2
7660,Stone- (85),Stone,2
7661,Stone- (240),Stone,2
7662,Stone- (610),Stone,2
7663,Stone- (269),Stone,2
7664,Stone- (570),Stone,2
7665,Stone- (912),Stone,2
7666,Stone- (100),Stone,2
7667,Stone- (1127),Stone,2
7668,Stone- (1315),Stone,2
7669,Stone- (879),Stone,2
7670,Stone- (647),Stone,2
7671,Stone- (963),Stone,2
7672,Stone- (829),Stone,2
7673,Stone- (749),Stone,2
7674,Stone- (1322),Stone,2
7675,Stone- (35),Stone,2
7676,Stone- (517),Stone,2
7677,Stone- (1346),Stone,2
7678,Stone- (224),Stone,2
7679,Stone- (1293),Stone,2
7680,Stone- (254),Stone,2
7681,Stone- (1024),Stone,2
7682,Stone- (253),Stone,2
7683,Stone- (1187),Stone,2
7684,Stone- (553),Stone,2
7685,Stone- (1166),Stone,2
7686,Stone- (1236),Stone,2
7687,Stone- (964),Stone,2
7688,Stone- (724),Stone,2
7689,Stone- (315),Stone,2
7690,Stone- (1324),Stone,2
7691,Stone- (606),Stone,2
7692,Stone- (1197),Stone,2
7693,Stone- (1161),Stone,2
7694,Stone- (457),Stone,2
7695,Stone- (373),Stone,2
7696,Stone- (696),Stone,2
7697,Stone- (1291),Stone,2
7698,Stone- (210),Stone,2
7699,Stone- (227),Stone,2
7700,Stone- (1325),Stone,2
7701,Stone- (729),Stone,2
7702,Stone- (1342),Stone,2
7703,Stone- (221),Stone,2
7704,Stone- (1100),Stone,2
7705,Stone- (378),Stone,2
7706,Stone- (1175),Stone,2
7707,Stone- (542),Stone,2
7708,Stone- (426),Stone,2
7709,Stone- (1172),Stone,2
7710,Stone- (1054),Stone,2
7711,Stone- (634),Stone,2
7712,Stone- (693),Stone,2
7713,Stone- (751),Stone,2
7714,Stone- (1105),Stone,2
7715,Stone- (451),Stone,2
7716,Stone- (95),Stone,2
7717,Stone- (1186),Stone,2
7718,Stone- (1120),Stone,2
7719,Stone- (1149),Stone,2
7720,Stone- (748),Stone,2
7721,Stone- (813),Stone,2
7722,Stone- (1377),Stone,2
7723,Stone- (60),Stone,2
7724,Stone- (3),Stone,2
7725,Stone- (626),Stone,2
7726,Stone- (1338),Stone,2
7727,Stone- (1363),Stone,2
7728,Stone- (558),Stone,2
7729,Stone- (415),Stone,2
7730,Stone- (391),Stone,2
7731,Stone- (807),Stone,2
7732,Stone- (556),Stone,2
7733,Stone- (191),Stone,2
7734,Stone- (1062),Stone,2
7735,Stone- (310),Stone,2
7736,Stone- (1163),Stone,2
7737,Stone- (258),Stone,2
7738,Stone- (1011),Stone,2
7739,Stone- (317),Stone,2
7740,Stone- (821),Stone,2
7741,Stone- (453),Stone,2
7742,Stone- (1118),Stone,2
7743,Stone- (897),Stone,2
7744,Stone- (76),Stone,2
7745,Stone- (216),Stone,2
7746,Stone- (13),Stone,2
7747,Stone- (1196),Stone,2
7748,Stone- (222),Stone,2
7749,Stone- (1142),Stone,2
7750,Stone- (217),Stone,2
7751,Stone- (1160),Stone,2
7752,Stone- (980),Stone,2
7753,Stone- (672),Stone,2
7754,Stone- (603),Stone,2
7755,Stone- (1103),Stone,2
7756,Stone- (764),Stone,2
7757,Stone- (359),Stone,2
7758,Stone- (689),Stone,2
7759,Stone- (882),Stone,2
7760,Stone- (1205),Stone,2
7761,Stone- (387),Stone,2
7762,Stone- (1258),Stone,2
7763,Stone- (1318),Stone,2
7764,Stone- (412),Stone,2
7765,Stone- (200),Stone,2
7766,Stone- (631),Stone,2
7767,Stone- (392),Stone,2
7768,Stone- (654),Stone,2
7769,Stone- (1226),Stone,2
7770,Stone- (1332),Stone,2
7771,Stone- (842),Stone,2
7772,Stone- (511),Stone,2
7773,Stone- (219),Stone,2
7774,Stone- (234),Stone,2
7775,Stone- (1188),Stone,2
7776,Stone- (1030),Stone,2
7777,Stone- (264),Stone,2
7778,Stone- (290),Stone,2
7779,Stone- (733),Stone,2
7780,Stone- (803),Stone,2
7781,Stone- (1060),Stone,2
7782,Stone- (293),Stone,2
7783,Stone- (710),Stone,2
7784,Stone- (1088),Stone,2
7785,Stone- (1136),Stone,2
7786,Stone- (640),Stone,2
7787,Stone- (529),Stone,2
7788,Stone- (129),Stone,2
7789,Stone- (64),Stone,2
7790,Stone- (1223),Stone,2
7791,Stone- (369),Stone,2
7792,Stone- (721),Stone,2
7793,Stone- (1071),Stone,2
7794,Stone- (1147),Stone,2
7795,Stone- (643),Stone,2
7796,Stone- (612),Stone,2
7797,Stone- (1073),Stone,2
7798,Stone- (172),Stone,2
7799,Stone- (955),Stone,2
7800,Stone- (560),Stone,2
7801,Stone- (47),Stone,2
7802,Stone- (506),Stone,2
7803,Stone- (1077),Stone,2
7804,Stone- (276),Stone,2
7805,Stone- (303),Stone,2
7806,Stone- (1084),Stone,2
7807,Stone- (363),Stone,2
7808,Stone- (165),Stone,2
7809,Stone- (909),Stone,2
7810,Stone- (61),Stone,2
7811,Stone- (287),Stone,2
7812,Stone- (607),Stone,2
7813,Stone- (289),Stone,2
7814,Stone- (818),Stone,2
7815,Stone- (432),Stone,2
7816,Stone- (563),Stone,2
7817,Stone- (761),Stone,2
7818,Stone- (509),Stone,2
7819,Stone- (627),Stone,2
7820,Stone- (1050),Stone,2
7821,Stone- (1278),Stone,2
7822,Stone- (527),Stone,2
7823,Stone- (167),Stone,2
7824,Stone- (694),Stone,2
7825,Stone- (2),Stone,2
7826,Stone- (342),Stone,2
7827,Stone- (532),Stone,2
7828,Stone- (867),Stone,2
7829,Stone- (797),Stone,2
7830,Stone- (562),Stone,2
7831,Stone- (450),Stone,2
7832,Stone- (843),Stone,2
7833,Stone- (516),Stone,2
7834,Stone- (1072),Stone,2
7835,Stone- (1049),Stone,2
7836,Stone- (823),Stone,2
7837,Stone- (699),Stone,2
7838,Stone- (1277),Stone,2
7839,Stone- (1053),Stone,2
7840,Stone- (910),Stone,2
7841,Stone- (765),Stone,2
7842,Stone- (348),Stone,2
7843,Stone- (836),Stone,2
7844,Stone- (1298),Stone,2
7845,Stone- (947),Stone,2
7846,Stone- (353),Stone,2
7847,Stone- (614),Stone,2
7848,Stone- (1345),Stone,2
7849,Stone- (1314),Stone,2
7850,Stone- (1330),Stone,2
7851,Stone- (280),Stone,2
7852,Stone- (784),Stone,2
7853,Stone- (337),Stone,2
7854,Stone- (683),Stone,2
7855,Stone- (740),Stone,2
7856,Stone- (379),Stone,2
7857,Stone- (637),Stone,2
7858,Stone- (601),Stone,2
7859,Stone- (330),Stone,2
7860,Stone- (541),Stone,2
7861,Stone- (985),Stone,2
7862,Stone- (1358),Stone,2
7863,Stone- (646),Stone,2
7864,Stone- (55),Stone,2
7865,Stone- (1153),Stone,2
7866,Stone- (1061),Stone,2
7867,Stone- (448),Stone,2
7868,Stone- (307),Stone,2
7869,Stone- (730),Stone,2
7870,Stone- (218),Stone,2
7871,Stone- (767),Stone,2
7872,Stone- (305),Stone,2
7873,Stone- (684),Stone,2
7874,Stone- (108),Stone,2
7875,Stone- (302),Stone,2
7876,Stone- (855),Stone,2
7877,Stone- (1135),Stone,2
7878,Stone- (550),Stone,2
7879,Stone- (609),Stone,2
7880,Stone- (134),Stone,2
7881,Stone- (1224),Stone,2
7882,Stone- (809),Stone,2
7883,Stone- (848),Stone,2
7884,Stone- (847),Stone,2
7885,Stone- (24),Stone,2
7886,Stone- (304),Stone,2
7887,Stone- (32),Stone,2
7888,Stone- (1032),Stone,2
7889,Stone- (197),Stone,2
7890,Stone- (27),Stone,2
7891,Stone- (793),Stone,2
7892,Stone- (1369),Stone,2
7893,Stone- (713),Stone,2
7894,Stone- (945),Stone,2
7895,Stone- (1039),Stone,2
7896,Stone- (658),Stone,2
7897,Stone- (937),Stone,2
7898,Stone- (851),Stone,2
7899,Stone- (895),Stone,2
7900,Stone- (948),Stone,2
7901,Stone- (830),Stone,2
7902,Stone- (1095),Stone,2
7903,Stone- (613),Stone,2
7904,Stone- (360),Stone,2
7905,Stone- (1213),Stone,2
7906,Stone- (428),Stone,2
7907,Stone- (837),Stone,2
7908,Stone- (496),Stone,2
7909,Stone- (644),Stone,2
7910,Stone- (23),Stone,2
7911,Stone- (1333),Stone,2
7912,Stone- (228),Stone,2
7913,Stone- (888),Stone,2
7914,Stone- (798),Stone,2
7915,Stone- (1275),Stone,2
7916,Stone- (812),Stone,2
7917,Stone- (943),Stone,2
7918,Stone- (328),Stone,2
7919,Stone- (74),Stone,2
7920,Stone- (504),Stone,2
7921,Stone- (63),Stone,2
7922,Stone- (425),Stone,2
7923,Stone- (80),Stone,2
7924,Stone- (902),Stone,2
7925,Stone- (377),Stone,2
7926,Stone- (639),Stone,2
7927,Stone- (372),Stone,2
7928,Stone- (731),Stone,2
7929,Stone- (977),Stone,2
7930,Stone- (877),Stone,2
7931,Stone- (638),Stone,2
7932,Stone- (1232),Stone,2
7933,Stone- (1099),Stone,2
7934,Stone- (835),Stone,2
7935,Stone- (861),Stone,2
7936,Stone- (927),Stone,2
7937,Stone- (972),Stone,2
7938,Stone- (239),Stone,2
7939,Stone- (1295),Stone,2
7940,Stone- (79),Stone,2
7941,Stone- (690),Stone,2
7942,Stone- (297),Stone,2
7943,Stone- (697),Stone,2
7944,Stone- (117),Stone,2
7945,Stone- (535),Stone,2
7946,Stone- (225),Stone,2
7947,Stone- (1156),Stone,2
7948,Stone- (1370),Stone,2
7949,Stone- (130),Stone,2
7950,Stone- (750),Stone,2
7951,Stone- (110),Stone,2
7952,Stone- (230),Stone,2
7953,Stone- (704),Stone,2
7954,Stone- (952),Stone,2
7955,Stone- (94),Stone,2
7956,Stone- (34),Stone,2
7957,Stone- (190),Stone,2
7958,Stone- (1347),Stone,2
7959,Stone- (572),Stone,2
7960,Stone- (28),Stone,2
7961,Stone- (1207),Stone,2
7962,Stone- (1263),Stone,2
7963,Stone- (1097),Stone,2
7964,Stone- (196),Stone,2
7965,Stone- (949),Stone,2
7966,Stone- (249),Stone,2
7967,Stone- (769),Stone,2
7968,Stone- (705),Stone,2
7969,Stone- (792),Stone,2
7970,Stone- (236),Stone,2
7971,Stone- (5),Stone,2
7972,Stone- (850),Stone,2
7973,Stone- (149),Stone,2
7974,Stone- (1069),Stone,2
7975,Stone- (869),Stone,2
7976,Stone- (515),Stone,2
7977,Stone- (958),Stone,2
7978,Stone- (971),Stone,2
7979,Stone- (688),Stone,2
7980,Stone- (1003),Stone,2
7981,Stone- (1240),Stone,2
7982,Stone- (1168),Stone,2
7983,Stone- (1217),Stone,2
7984,Stone- (706),Stone,2
7985,Stone- (718),Stone,2
7986,Stone- (71),Stone,2
7987,Stone- (252),Stone,2
7988,Stone- (1204),Stone,2
7989,Stone- (522),Stone,2
7990,Stone- (1115),Stone,2
7991,Stone- (629),Stone,2
7992,Stone- (1177),Stone,2
7993,Stone- (493),Stone,2
7994,Stone- (915),Stone,2
7995,Stone- (72),Stone,2
7996,Stone- (113),Stone,2
7997,Stone- (568),Stone,2
7998,Stone- (926),Stone,2
7999,Stone- (232),Stone,2
8000,Stone- (430),Stone,2
8001,Stone- (1253),Stone,2
8002,Stone- (39),Stone,2
8003,Stone- (883),Stone,2
8004,Stone- (176),Stone,2
8005,Stone- (622),Stone,2
8006,Stone- (1360),Stone,2
8007,Stone- (1227),Stone,2
8008,Stone- (1373),Stone,2
8009,Stone- (827),Stone,2
8010,Stone- (727),Stone,2
8011,Stone- (444),Stone,2
8012,Stone- (1098),Stone,2
8013,Stone- (1159),Stone,2
8014,Stone- (1336),Stone,2
8015,Stone- (1343),Stone,2
8016,Stone- (437),Stone,2
8017,Stone- (1246),Stone,2
8018,Stone- (1151),Stone,2
8019,Stone- (1055),Stone,2
8020,Stone- (58),Stone,2
8021,Stone- (1141),Stone,2
8022,Stone- (1292),Stone,2
8023,Stone- (458),Stone,2
8024,Stone- (286),Stone,2
8025,Stone- (786),Stone,2
8026,Stone- (442),Stone,2
8027,Stone- (1239),Stone,2
8028,Stone- (153),Stone,2
8029,Stone- (1181),Stone,2
8030,Stone- (31),Stone,2
8031,Stone- (229),Stone,2
8032,Stone- (454),Stone,2
8033,Stone- (551),Stone,2
8034,Stone- (1221),Stone,2
8035,Stone- (805),Stone,2
8036,Stone- (1357),Stone,2
8037,Stone- (890),Stone,2
8038,Stone- (283),Stone,2
8039,Stone- (935),Stone,2
8040,Stone- (1219),Stone,2
8041,Stone- (102),Stone,2
8042,Stone- (1140),Stone,2
8043,Stone- (1283),Stone,2
8044,Stone- (1125),Stone,2
8045,Stone- (1013),Stone,2
8046,Stone- (973),Stone,2
8047,Stone- (1019),Stone,2
8048,Stone- (321),Stone,2
8049,Stone- (865),Stone,2
8050,Stone- (1270),Stone,2
8051,Stone- (441),Stone,2
8052,Stone- (1328),Stone,2
8053,Stone- (1009),Stone,2
8054,Stone- (1334),Stone,2
8055,Stone- (272),Stone,2
8056,Stone- (120),Stone,2
8057,Stone- (625),Stone,2
8058,Stone- (659),Stone,2
8059,Stone- (288),Stone,2
8060,Stone- (213),Stone,2
8061,Stone- (920),Stone,2
8062,Stone- (141),Stone,2
8063,Stone- (106),Stone,2
8064,Stone- (331),Stone,2
8065,Stone- (608),Stone,2
8066,Stone- (645),Stone,2
8067,Stone- (691),Stone,2
8068,Stone- (571),Stone,2
8069,Stone- (284),Stone,2
8070,Stone- (1029),Stone,2
8071,Stone- (347),Stone,2
8072,Stone- (489),Stone,2
8073,Stone- (903),Stone,2
8074,Stone- (9),Stone,2
8075,Stone- (277),Stone,2
8076,Stone- (1234),Stone,2
8077,Stone- (214),Stone,2
8078,Stone- (88),Stone,2
8079,Stone- (349),Stone,2
8080,Stone- (124),Stone,2
8081,Stone- (969),Stone,2
8082,Stone- (753),Stone,2
8083,Stone- (685),Stone,2
8084,Stone- (294),Stone,2
8085,Stone- (54),Stone,2
8086,Stone- (524),Stone,2
8087,Stone- (469),Stone,2
8088,Stone- (291),Stone,2
8089,Stone- (722),Stone,2
8090,Stone- (1367),Stone,2
8091,Stone- (531),Stone,2
8092,Stone- (1026),Stone,2
8093,Stone- (1174),Stone,2
8094,Stone- (256),Stone,2
8095,Stone- (352),Stone,2
8096,Stone- (921),Stone,2
8097,Stone- (623),Stone,2
8098,Stone- (873),Stone,2
8099,Stone- (746),Stone,2
8100,Stone- (1017),Stone,2
8101,Stone- (1012),Stone,2
8102,Stone- (901),Stone,2
8103,Stone- (401),Stone,2
8104,Stone- (982),Stone,2
8105,Stone- (133),Stone,2
8106,Stone- (474),Stone,2
8107,Stone- (1006),Stone,2
8108,Stone- (641),Stone,2
8109,Stone- (530),Stone,2
8110,Stone- (1299),Stone,2
8111,Stone- (188),Stone,2
8112,Stone- (368),Stone,2
8113,Stone- (187),Stone,2
8114,Stone- (744),Stone,2
8115,Stone- (1138),Stone,2
8116,Stone- (664),Stone,2
8117,Stone- (788),Stone,2
8118,Stone- (707),Stone,2
8119,Stone- (1245),Stone,2
8120,Stone- (979),Stone,2
8121,Stone- (732),Stone,2
8122,Stone- (816),Stone,2
8123,Stone- (734),Stone,2
8124,Stone- (994),Stone,2
8125,Stone- (540),Stone,2
8126,Stone- (340),Stone,2
8127,Stone- (1296),Stone,2
8128,Stone- (756),Stone,2
8129,Stone- (1016),Stone,2
8130,Stone- (1279),Stone,2
8131,Stone- (1202),Stone,2
8132,Stone- (1040),Stone,2
8133,Stone- (492),Stone,2
8134,Stone- (179),Stone,2
8135,Stone- (932),Stone,2
8136,Stone- (298),Stone,2
8137,Stone- (661),Stone,2
8138,Stone- (118),Stone,2
8139,Stone- (1294),Stone,2
8140,Stone- (832),Stone,2
8141,Stone- (1037),Stone,2
8142,Stone- (92),Stone,2
8143,Stone- (557),Stone,2
8144,Stone- (854),Stone,2
8145,Stone- (268),Stone,2
8146,Stone- (361),Stone,2
8147,Stone- (976),Stone,2
8148,Stone- (351),Stone,2
8149,Stone- (521),Stone,2
8150,Stone- (1286),Stone,2
8151,Stone- (1366),Stone,2
8152,Stone- (1372),Stone,2
8153,Stone- (260),Stone,2
8154,Stone- (1271),Stone,2
8155,Stone- (205),Stone,2
8156,Stone- (494),Stone,2
8157,Stone- (389),Stone,2
8158,Stone- (45),Stone,2
8159,Stone- (241),Stone,2
8160,Stone- (1208),Stone,2
8161,Stone- (754),Stone,2
8162,Stone- (991),Stone,2
8163,Stone- (876),Stone,2
8164,Stone- (762),Stone,2
8165,Stone- (974),Stone,2
8166,Stone- (752),Stone,2
8167,Stone- (127),Stone,2
8168,Stone- (1000),Stone,2
8169,Stone- (126),Stone,2
8170,Stone- (160),Stone,2
8171,Stone- (174),Stone,2
8172,Stone- (1041),Stone,2
8173,Stone- (93),Stone,2
8174,Stone- (36),Stone,2
8175,Stone- (894),Stone,2
8176,Stone- (384),Stone,2
8177,Stone- (306),Stone,2
8178,Stone- (1203),Stone,2
8179,Stone- (1276),Stone,2
8180,Stone- (585),Stone,2
8181,Stone- (698),Stone,2
8182,Stone- (15),Stone,2
8183,Stone- (799),Stone,2
8184,Stone- (580),Stone,2
8185,Stone- (257),Stone,2
8186,Stone- (465),Stone,2
8187,Stone- (673),Stone,2
8188,Stone- (857),Stone,2
8189,Stone- (931),Stone,2
8190,Stone- (206),Stone,2
8191,Stone- (1306),Stone,2
8192,Stone- (1130),Stone,2
8193,Stone- (747),Stone,2
8194,Stone- (1085),Stone,2
8195,Stone- (1192),Stone,2
8196,Stone- (375),Stone,2
8197,Stone- (736),Stone,2
8198,Stone- (642),Stone,2
8199,Stone- (790),Stone,2
8200,Stone- (871),Stone,2
8201,Stone- (1113),Stone,2
8202,Stone- (1004),Stone,2
8203,Stone- (248),Stone,2
8204,Stone- (1179),Stone,2
8205,Stone- (1356),Stone,2
8206,Stone- (1043),Stone,2
8207,Stone- (1106),Stone,2
8208,Stone- (383),Stone,2
8209,Stone- (84),Stone,2
8210,Stone- (1376),Stone,2
8211,Stone- (1131),Stone,2
8212,Stone- (700),Stone,2
8213,Stone- (1066),Stone,2
8214,Stone- (708),Stone,2
8215,Stone- (1152),Stone,2
8216,Stone- (73),Stone,2
8217,Stone- (193),Stone,2
8218,Stone- (961),Stone,2
8219,Stone- (804),Stone,2
8220,Stone- (1259),Stone,2
8221,Stone- (1020),Stone,2
8222,Stone- (1353),Stone,2
8223,Stone- (33),Stone,2
8224,Stone- (345),Stone,2
8225,Stone- (1145),Stone,2
8226,Stone- (555),Stone,2
8227,Stone- (382),Stone,2
8228,Stone- (68),Stone,2
8229,Stone- (198),Stone,2
8230,Stone- (364),Stone,2
8231,Stone- (1092),Stone,2
8232,Stone- (87),Stone,2
8233,Stone- (717),Stone,2
8234,Stone- (1349),Stone,2
8235,Stone- (57),Stone,2
8236,Stone- (497),Stone,2
8237,Stone- (677),Stone,2
8238,Stone- (758),Stone,2
8239,Stone- (157),Stone,2
8240,Stone- (561),Stone,2
8241,Stone- (574),Stone,2
8242,Stone- (334),Stone,2
8243,Stone- (687),Stone,2
8244,Stone- (1302),Stone,2
8245,Stone- (1287),Stone,2
8246,Stone- (745),Stone,2
8247,Stone- (185),Stone,2
8248,Stone- (617),Stone,2
8249,Stone- (965),Stone,2
8250,Stone- (885),Stone,2
8251,Stone- (715),Stone,2
8252,Stone- (1101),Stone,2
8253,Stone- (1007),Stone,2
8254,Stone- (1133),Stone,2
8255,Stone- (587),Stone,2
8256,Stone- (665),Stone,2
8257,Stone- (42),Stone,2
8258,Stone- (831),Stone,2
8259,Stone- (966),Stone,2
8260,Stone- (163),Stone,2
8261,Stone- (1305),Stone,2
8262,Stone- (508),Stone,2
8263,Stone- (773),Stone,2
8264,Stone- (320),Stone,2
8265,Stone- (666),Stone,2
8266,Stone- (564),Stone,2
8267,Stone- (115),Stone,2
8268,Stone- (399),Stone,2
8269,Stone- (1002),Stone,2
8270,Stone- (505),Stone,2
8271,Stone- (204),Stone,2
8272,Stone- (136),Stone,2
8273,Stone- (725),Stone,2
8274,Stone- (483),Stone,2
8275,Stone- (178),Stone,2
8276,Stone- (652),Stone,2
8277,Stone- (893),Stone,2
8278,Stone- (311),Stone,2
8279,Stone- (65),Stone,2
8280,Stone- (678),Stone,2
8281,Stone- (1301),Stone,2
8282,Stone- (676),Stone,2
8283,Stone- (226),Stone,2
8284,Stone- (716),Stone,2
8285,Stone- (578),Stone,2
8286,Stone- (1307),Stone,2
8287,Stone- (633),Stone,2
8288,Stone- (1340),Stone,2
8289,Stone- (853),Stone,2
8290,Stone- (1144),Stone,2
8291,Stone- (1022),Stone,2
8292,Stone- (777),Stone,2
8293,Stone- (122),Stone,2
8294,Stone- (878),Stone,2
8295,Stone- (107),Stone,2
8296,Stone- (1230),Stone,2
8297,Stone- (1255),Stone,2
8298,Stone- (1265),Stone,2
8299,Stone- (184),Stone,2
8300,Stone- (739),Stone,2
8301,Stone- (1139),Stone,2
8302,Stone- (924),Stone,2
8303,Stone- (1155),Stone,2
8304,Stone- (653),Stone,2
8305,Stone- (892),Stone,2
8306,Stone- (439),Stone,2
8307,Stone- (624),Stone,2
8308,Stone- (147),Stone,2
8309,Stone- (1096),Stone,2
8310,Stone- (142),Stone,2
8311,Stone- (1266),Stone,2
8312,Stone- (755),Stone,2
8313,Stone- (1209),Stone,2
8314,Stone- (1090),Stone,2
8315,Stone- (1281),Stone,2
8316,Stone- (1233),Stone,2
8317,Stone- (1178),Stone,2
8318,Stone- (1316),Stone,2
8319,Stone- (1190),Stone,2
8320,Stone- (244),Stone,2
8321,Stone- (815),Stone,2
8322,Stone- (864),Stone,2
8323,Stone- (856),Stone,2
8324,Stone- (103),Stone,2
8325,Stone- (498),Stone,2
8326,Stone- (313),Stone,2
8327,Stone- (1251),Stone,2
8328,Stone- (941),Stone,2
8329,Stone- (131),Stone,2
8330,Stone- (1290),Stone,2
8331,Stone- (270),Stone,2
8332,Stone- (473),Stone,2
8333,Stone- (449),Stone,2
8334,Stone- (679),Stone,2
8335,Stone- (675),Stone,2
8336,Stone- (960),Stone,2
8337,Stone- (1044),Stone,2
8338,Stone- (398),Stone,2
8339,Stone- (858),Stone,2
8340,Stone- (889),Stone,2
8341,Stone- (1063),Stone,2
8342,Stone- (59),Stone,2
8343,Stone- (1261),Stone,2
8344,Stone- (1173),Stone,2
8345,Stone- (393),Stone,2
8346,Stone- (301),Stone,2
8347,Stone- (970),Stone,2
8348,Stone- (759),Stone,2
8349,Stone- (475),Stone,2
8350,Stone- (220),Stone,2
8351,Stone- (329),Stone,2
8352,Stone- (161),Stone,2
8353,Stone- (741),Stone,2
8354,Stone- (422),Stone,2
8355,Stone- (898),Stone,2
8356,Stone- (1079),Stone,2
8357,Stone- (514),Stone,2
8358,Stone- (376),Stone,2
8359,Stone- (1317),Stone,2
8360,Stone- (408),Stone,2
8361,Stone- (394),Stone,2
8362,Stone- (604),Stone,2
8363,Stone- (407),Stone,2
8364,Stone- (1124),Stone,2
8365,Stone- (990),Stone,2
8366,Stone- (533),Stone,2
8367,Stone- (660),Stone,2
8368,Stone- (77),Stone,2
8369,Stone- (1109),Stone,2
8370,Stone- (590),Stone,2
8371,Stone- (1323),Stone,2
8372,Stone- (4),Stone,2
8373,Stone- (766),Stone,2
8374,Stone- (186),Stone,2
8375,Stone- (1225),Stone,2
8376,Stone- (466),Stone,2
8377,Stone- (1350),Stone,2
8378,Stone- (1046),Stone,2
8379,Stone- (192),Stone,2
8380,Stone- (1080),Stone,2
8381,Stone- (18),Stone,2
8382,Stone- (552),Stone,2
8383,Stone- (38),Stone,2
8384,Stone- (846),Stone,2
8385,Stone- (1057),Stone,2
8386,Stone- (1210),Stone,2
8387,Stone- (1216),Stone,2
8388,Stone- (1014),Stone,2
8389,Stone- (519),Stone,2
8390,Stone- (374),Stone,2
8391,Stone- (1169),Stone,2
8392,Stone- (896),Stone,2
8393,Stone- (1035),Stone,2
8394,Stone- (154),Stone,2
8395,Stone- (1185),Stone,2
8396,Stone- (860),Stone,2
8397,Stone- (464),Stone,2
8398,Stone- (957),Stone,2
8399,Stone- (942),Stone,2
8400,Stone- (409),Stone,2
8401,Stone- (779),Stone,2
8402,Stone- (125),Stone,2
8403,Stone- (1200),Stone,2
8404,Stone- (702),Stone,2
8405,Stone- (83),Stone,2
8406,Stone- (274),Stone,2
8407,Stone- (589),Stone,2
8408,Stone- (1262),Stone,2
8409,Stone- (485),Stone,2
8410,Stone- (332),Stone,2
8411,Stone- (431),Stone,2
8412,Stone- (292),Stone,2
8413,Stone- (1167),Stone,2
8414,Stone- (1222),Stone,2
8415,Stone- (534),Stone,2
8416,Stone- (940),Stone,2
8417,Stone- (905),Stone,2
8418,Stone- (628),Stone,2
8419,Stone- (1056),Stone,2
8420,Stone- (723),Stone,2
8421,Stone- (703),Stone,2
8422,Stone- (354),Stone,2
8423,Stone- (322),Stone,2
8424,Stone- (726),Stone,2
8425,Stone- (1104),Stone,2
8426,Stone- (1164),Stone,2
8427,Stone- (344),Stone,2
8428,Stone- (523),Stone,2
8429,Stone- (246),Stone,2
8430,Stone- (447),Stone,2
8431,Stone- (121),Stone,2
8432,Stone- (701),Stone,2
8433,Stone- (1119),Stone,2
8434,Stone- (482),Stone,2
8435,Stone- (1158),Stone,2
8436,Stone- (480),Stone,2
8437,Stone- (872),Stone,2
8438,Stone- (296),Stone,2
8439,Stone- (763),Stone,2
8440,Stone- (1157),Stone,2
8441,Stone- (1),Stone,2
8442,Stone- (472),Stone,2
8443,Stone- (460),Stone,2
8444,Stone- (817),Stone,2
8445,Stone- (1025),Stone,2
8446,Stone- (1242),Stone,2
8447,Stone- (900),Stone,2
8448,Stone- (1339),Stone,2
8449,Stone- (1148),Stone,2
8450,Stone- (1121),Stone,2
8451,Stone- (760),Stone,2
8452,Stone- (1193),Stone,2
8453,Stone- (575),Stone,2
8454,Stone- (29),Stone,2
8455,Stone- (1005),Stone,2
8456,Stone- (499),Stone,2
8457,Stone- (600),Stone,2
8458,Stone- (82),Stone,2
8459,Stone- (929),Stone,2
8460,Stone- (1337),Stone,2
8461,Stone- (670),Stone,2
8462,Stone- (211),Stone,2
8463,Stone- (1052),Stone,2
8464,Stone- (576),Stone,2
8465,Stone- (245),Stone,2
8466,Stone- (986),Stone,2
8467,Stone- (559),Stone,2
8468,Stone- (538),Stone,2
8469,Stone- (162),Stone,2
8470,Stone- (833),Stone,2
8471,Stone- (456),Stone,2
8472,Stone- (770),Stone,2
8473,Stone- (1094),Stone,2
8474,Stone- (242),Stone,2
8475,Stone- (335),Stone,2
8476,Stone- (86),Stone,2
8477,Stone- (440),Stone,2
8478,Stone- (478),Stone,2
8479,Stone- (635),Stone,2
8480,Stone- (281),Stone,2
8481,Stone- (111),Stone,2
8482,Stone- (445),Stone,2
8483,Stone- (668),Stone,2
8484,Stone- (692),Stone,2
8485,Stone- (20),Stone,2
8486,Stone- (403),Stone,2
8487,Stone- (78),Stone,2
8488,Stone- (461),Stone,2
8489,Stone- (1368),Stone,2
8490,Stone- (1086),Stone,2
8491,Stone- (1320),Stone,2
8492,Stone- (1273),Stone,2
8493,Stone- (1313),Stone,2
8494,Stone- (1359),Stone,2
8495,Stone- (899),Stone,2
8496,Stone- (486),Stone,2
8497,Stone- (820),Stone,2
8498,Stone- (396),Stone,2
8499,Stone- (81),Stone,2
8500,Stone- (151),Stone,2
8501,Stone- (7),Stone,2
8502,Stone- (719),Stone,2
8503,Stone- (503),Stone,2
8504,Stone- (671),Stone,2
8505,Stone- (145),Stone,2
8506,Stone- (1304),Stone,2
8507,Stone- (1083),Stone,2
8508,Stone- (995),Stone,2
8509,Stone- (37),Stone,2
8510,Stone- (490),Stone,2
8511,Stone- (326),Stone,2
8512,Stone- (1189),Stone,2
8513,Stone- (50),Stone,2
8514,Stone- (164),Stone,2
8515,Stone- (51),Stone,2
8516,Stone- (981),Stone,2
8517,Stone- (987),Stone,2
8518,Stone- (402),Stone,2
8519,Stone- (825),Stone,2
8520,Stone- (993),Stone,2
8521,Stone- (386),Stone,2
8522,Stone- (436),Stone,2
8523,Stone- (99),Stone,2
8524,Stone- (1082),Stone,2
8525,Stone- (545),Stone,2
8526,Stone- (381),Stone,2
8527,Stone- (737),Stone,2
8528,Stone- (828),Stone,2
8529,Stone- (870),Stone,2
8530,Stone- (1154),Stone,2
8531,Stone- (1267),Stone,2
8532,Stone- (824),Stone,2
8533,Stone- (565),Stone,2
8534,Stone- (262),Stone,2
8535,Stone- (144),Stone,2
8536,Stone- (62),Stone,2
8537,Stone- (681),Stone,2
8538,Stone- (502),Stone,2
8539,Stone- (579),Stone,2
8540,Stone- (811),Stone,2
8541,Stone- (468),Stone,2
8542,Stone- (919),Stone,2
8543,Stone- (105),Stone,2
8544,Stone- (390),Stone,2
8545,Stone- (567),Stone,2
8546,Stone- (1108),Stone,2
8547,Stone- (182),Stone,2
8548,Stone- (346),Stone,2
8549,Stone- (1078),Stone,2
8550,Stone- (862),Stone,2
8551,Stone- (1244),Stone,2
8552,Stone- (566),Stone,2
8553,Stone- (1126),Stone,2
8554,Stone- (525),Stone,2
8555,Stone- (663),Stone,2
8556,Stone- (48),Stone,2
8557,Stone- (295),Stone,2
8558,Stone- (336),Stone,2
8559,Stone- (237),Stone,2
8560,Stone- (1228),Stone,2
8561,Stone- (327),Stone,2
8562,Stone- (667),Stone,2
8563,Stone- (1300),Stone,2
8564,Stone- (1091),Stone,2
8565,Stone- (22),Stone,2
8566,Stone- (584),Stone,2
8567,Stone- (536),Stone,2
8568,Stone- (597),Stone,2
8569,Stone- (615),Stone,2
8570,Stone- (839),Stone,2
8571,Stone- (467),Stone,2
8572,Stone- (946),Stone,2
8573,Stone- (791),Stone,2
8574,Stone- (1102),Stone,2
8575,Stone- (852),Stone,2
8576,Stone- (424),Stone,2
8577,Stone- (874),Stone,2
8578,Stone- (1375),Stone,2
8579,Stone- (404),Stone,2
8580,Stone- (1045),Stone,2
8581,Stone- (1274),Stone,2
8582,Stone- (936),Stone,2
8583,Stone- (215),Stone,2
8584,Stone- (526),Stone,2
8585,Stone- (928),Stone,2
8586,Stone- (922),Stone,2
8587,Stone- (123),Stone,2
8588,Stone- (1122),Stone,2
8589,Stone- (1199),Stone,2
8590,Stone- (917),Stone,2
8591,Stone- (1321),Stone,2
8592,Stone- (996),Stone,2
8593,Stone- (116),Stone,2
8594,Stone- (195),Stone,2
8595,Stone- (1081),Stone,2
8596,Stone- (720),Stone,2
8597,Stone- (40),Stone,2
8598,Stone- (605),Stone,2
8599,Stone- (21),Stone,2
8600,Stone- (507),Stone,2
8601,Stone- (1112),Stone,2
8602,Stone- (1348),Stone,2
8603,Stone- (265),Stone,2
8604,Stone- (318),Stone,2
8605,Stone- (841),Stone,2
8606,Stone- (1171),Stone,2
8607,Stone- (119),Stone,2
8608,Stone- (983),Stone,2
8609,Stone- (1075),Stone,2
8610,Stone- (1361),Stone,2
8611,Stone- (183),Stone,2
8612,Stone- (814),Stone,2
8613,Stone- (104),Stone,2
8614,Stone- (1309),Stone,2
8615,Stone- (1110),Stone,2
8616,Stone- (923),Stone,2
8617,Stone- (25),Stone,2
8618,Stone- (1001),Stone,2
8619,Stone- (138),Stone,2
8620,Stone- (938),Stone,2
8621,Stone- (1241),Stone,2
8622,Stone- (278),Stone,2
8623,Stone- (789),Stone,2
8624,Stone- (569),Stone,2
8625,Stone- (316),Stone,2
8626,Stone- (1028),Stone,2
8627,Stone- (984),Stone,2
8628,Stone- (875),Stone,2
8629,Stone- (682),Stone,2
8630,Stone- (989),Stone,2
8631,Stone- (96),Stone,2
8632,Stone- (1191),Stone,2
8633,Stone- (1150),Stone,2
8634,Stone- (135),Stone,2
8635,Stone- (1143),Stone,2
8636,Stone- (908),Stone,2
8637,Stone- (549),Stone,2
8638,Stone- (1198),Stone,2
8639,Stone- (231),Stone,2
8640,Stone- (757),Stone,2
8641,Stone- (782),Stone,2
8642,Stone- (778),Stone,2
8643,Stone- (158),Stone,2
8644,Stone- (1264),Stone,2
8645,Stone- (1047),Stone,2
8646,Stone- (630),Stone,2
8647,Stone- (323),Stone,2
8648,Stone- (128),Stone,2
8649,Stone- (233),Stone,2
8650,Stone- (1249),Stone,2
8651,Stone- (1352),Stone,2
8652,Stone- (1374),Stone,2
8653,Stone- (367),Stone,2
8654,Stone- (90),Stone,2
8655,Stone- (712),Stone,2
8656,Stone- (768),Stone,2
8657,Stone- (1116),Stone,2
8658,Stone- (418),Stone,2
8659,Stone- (1371),Stone,2
8660,Stone- (711),Stone,2
8661,Stone- (476),Stone,2
8662,Stone- (1229),Stone,2
8663,Stone- (350),Stone,2
8664,Stone- (1238),Stone,2
8665,Stone- (886),Stone,2
8666,Stone- (114),Stone,2
8667,Stone- (1211),Stone,2
8668,Stone- (112),Stone,2
8669,Stone- (1184),Stone,2
8670,Stone- (251),Stone,2
8671,Stone- (1087),Stone,2
8672,Stone- (299),Stone,2
8673,Stone- (595),Stone,2
8674,Stone- (1303),Stone,2
8675,Stone- (1243),Stone,2
8676,Stone- (822),Stone,2
8677,Stone- (155),Stone,2
8678,Stone- (881),Stone,2
8679,Stone- (109),Stone,2
8680,Stone- (1067),Stone,2
8681,Stone- (12),Stone,2
8682,Stone- (887),Stone,2
8683,Stone- (17),Stone,2
8684,Stone- (907),Stone,2
8685,Stone- (267),Stone,2
8686,Stone- (1093),Stone,2
8687,Stone- (953),Stone,2
8688,Stone- (199),Stone,2
8689,Stone- (598),Stone,2
8690,Stone- (616),Stone,2
8691,Stone- (194),Stone,2
8692,Stone- (709),Stone,2
8693,Stone- (156),Stone,2
8694,Stone- (446),Stone,2
8695,Stone- (1114),Stone,2
8696,Stone- (343),Stone,2
8697,Stone- (148),Stone,2
8698,Stone- (776),Stone,2
8699,Stone- (588),Stone,2
8700,Stone- (208),Stone,2
8701,Stone- (180),Stone,2
8702,Stone- (1051),Stone,2
8703,Stone- (26),Stone,2
8704,Stone- (934),Stone,2
8705,Stone- (173),Stone,2
8706,Stone- (275),Stone,2
8707,Stone- (662),Stone,2
8708,Stone- (223),Stone,2
8709,Stone- (97),Stone,2
8710,Stone- (1162),Stone,2
8711,Stone- (69),Stone,2
8712,Stone- (950),Stone,2
8713,Stone- (785),Stone,2
8714,Stone- (849),Stone,2
8715,Stone- (1132),Stone,2
8716,Stone- (956),Stone,2
8717,Stone- (906),Stone,2
8718,Stone- (774),Stone,2
8719,Stone- (1134),Stone,2
8720,Stone- (650),Stone,2
8721,Stone- (312),Stone,2
8722,Stone- (1308),Stone,2
8723,Stone- (75),Stone,2
8724,Stone- (787),Stone,2
8725,Stone- (159),Stone,2
8726,Stone- (914),Stone,2
8727,Stone- (611),Stone,2
8728,Stone- (357),Stone,2
8729,Stone- (573),Stone,2
8730,Stone- (695),Stone,2
8731,Stone- (49),Stone,2
8732,Stone- (282),Stone,2
8733,Stone- (992),Stone,2
8734,Stone- (546),Stone,2
8735,Stone- (801),Stone,2
8736,Stone- (501),Stone,2
8737,Cyst- (3646),Cyst,0
8738,Cyst- (954),Cyst,0
8739,Cyst- (3511),Cyst,0
8740,Cyst- (703),Cyst,0
8741,Cyst- (1025),Cyst,0
8742,Cyst- (236),Cyst,0
8743,Cyst- (2668),Cyst,0
8744,Cyst- (3037),Cyst,0
8745,Cyst- (3209),Cyst,0
8746,Cyst- (1429),Cyst,0
8747,Cyst- (942),Cyst,0
8748,Cyst- (1042),Cyst,0
8749,Cyst- (1905),Cyst,0
8750,Cyst- (1359),Cyst,0
8751,Cyst- (2536),Cyst,0
8752,Cyst- (3044),Cyst,0
8753,Cyst- (1979),Cyst,0
8754,Cyst- (1902),Cyst,0
8755,Cyst- (1914),Cyst,0
8756,Cyst- (1863),Cyst,0
8757,Cyst- (3264),Cyst,0
8758,Cyst- (2294),Cyst,0
8759,Cyst- (1823),Cyst,0
8760,Cyst- (3489),Cyst,0
8761,Cyst- (1313),Cyst,0
8762,Cyst- (1066),Cyst,0
8763,Cyst- (194),Cyst,0
8764,Cyst- (2617),Cyst,0
8765,Cyst- (1194),Cyst,0
8766,Cyst- (506),Cyst,0
8767,Cyst- (3633),Cyst,0
8768,Cyst- (919),Cyst,0
8769,Cyst- (289),Cyst,0
8770,Cyst- (2361),Cyst,0
8771,Cyst- (1824),Cyst,0
8772,Cyst- (2972),Cyst,0
8773,Cyst- (3465),Cyst,0
8774,Cyst- (3407),Cyst,0
8775,Cyst- (3325),Cyst,0
8776,Cyst- (2234),Cyst,0
8777,Cyst- (2096),Cyst,0
8778,Cyst- (1077),Cyst,0
8779,Cyst- (227),Cyst,0
8780,Cyst- (2220),Cyst,0
8781,Cyst- (3378),Cyst,0
8782,Cyst- (3567),Cyst,0
8783,Cyst- (1326),Cyst,0
8784,Cyst- (1997),Cyst,0
8785,Cyst- (1442),Cyst,0
8786,Cyst- (1668),Cyst,0
8787,Cyst- (2807),Cyst,0
8788,Cyst- (3068),Cyst,0
8789,Cyst- (3631),Cyst,0
8790,Cyst- (2335),Cyst,0
8791,Cyst- (522),Cyst,0
8792,Cyst- (3326),Cyst,0
8793,Cyst- (325),Cyst,0
8794,Cyst- (2820),Cyst,0
8795,Cyst- (430),Cyst,0
8796,Cyst- (83),Cyst,0
8797,Cyst- (2648),Cyst,0
8798,Cyst- (3098),Cyst,0
8799,Cyst- (1229),Cyst,0
8800,Cyst- (223),Cyst,0
8801,Cyst- (3245),Cyst,0
8802,Cyst- (3669),Cyst,0
8803,Cyst- (863),Cyst,0
8804,Cyst- (3027),Cyst,0
8805,Cyst- (2219),Cyst,0
8806,Cyst- (2039),Cyst,0
8807,Cyst- (1984),Cyst,0
8808,Cyst- (634),Cyst,0
8809,Cyst- (2657),Cyst,0
8810,Cyst- (766),Cyst,0
8811,Cyst- (1857),Cyst,0
8812,Cyst- (558),Cyst,0
8813,Cyst- (2248),Cyst,0
8814,Cyst- (3513),Cyst,0
8815,Cyst- (1710),Cyst,0
8816,Cyst- (3474),Cyst,0
8817,Cyst- (202),Cyst,0
8818,Cyst- (1175),Cyst,0
8819,Cyst- (1747),Cyst,0
8820,Cyst- (3261),Cyst,0
8821,Cyst- (1858),Cyst,0
8822,Cyst- (484),Cyst,0
8823,Cyst- (431),Cyst,0
8824,Cyst- (2050),Cyst,0
8825,Cyst- (1106),Cyst,0
8826,Cyst- (3144),Cyst,0
8827,Cyst- (435),Cyst,0
8828,Cyst- (888),Cyst,0
8829,Cyst- (2621),Cyst,0
8830,Cyst- (1629),Cyst,0
8831,Cyst- (2447),Cyst,0
8832,Cyst- (3290),Cyst,0
8833,Cyst- (1696),Cyst,0
8834,Cyst- (2480),Cyst,0
8835,Cyst- (296),Cyst,0
8836,Cyst- (1214),Cyst,0
8837,Cyst- (2613),Cyst,0
8838,Cyst- (707),Cyst,0
8839,Cyst- (2207),Cyst,0
8840,Cyst- (369),Cyst,0
8841,Cyst- (294),Cyst,0
8842,Cyst- (1853),Cyst,0
8843,Cyst- (2523),Cyst,0
8844,Cyst- (822),Cyst,0
8845,Cyst- (797),Cyst,0
8846,Cyst- (2091),Cyst,0
8847,Cyst- (2042),Cyst,0
8848,Cyst- (2560),Cyst,0
8849,Cyst- (2119),Cyst,0
8850,Cyst- (2028),Cyst,0
8851,Cyst- (1795),Cyst,0
8852,Cyst- (2309),Cyst,0
8853,Cyst- (405),Cyst,0
8854,Cyst- (3286),Cyst,0
8855,Cyst- (3002),Cyst,0
8856,Cyst- (2963),Cyst,0
8857,Cyst- (664),Cyst,0
8858,Cyst- (898),Cyst,0
8859,Cyst- (1379),Cyst,0
8860,Cyst- (2088),Cyst,0
8861,Cyst- (3020),Cyst,0
8862,Cyst- (1248),Cyst,0
8863,Cyst- (2869),Cyst,0
8864,Cyst- (979),Cyst,0
8865,Cyst- (3475),Cyst,0
8866,Cyst- (2073),Cyst,0
8867,Cyst- (3376),Cyst,0
8868,Cyst- (447),Cyst,0
8869,Cyst- (1109),Cyst,0
8870,Cyst- (2092),Cyst,0
8871,Cyst- (1722),Cyst,0
8872,Cyst- (1201),Cyst,0
8873,Cyst- (1158),Cyst,0
8874,Cyst- (633),Cyst,0
8875,Cyst- (3311),Cyst,0
8876,Cyst- (3213),Cyst,0
8877,Cyst- (245),Cyst,0
8878,Cyst- (1220),Cyst,0
8879,Cyst- (2241),Cyst,0
8880,Cyst- (2808),Cyst,0
8881,Cyst- (695),Cyst,0
8882,Cyst- (3371),Cyst,0
8883,Cyst- (3215),Cyst,0
8884,Cyst- (3056),Cyst,0
8885,Cyst- (482),Cyst,0
8886,Cyst- (1848),Cyst,0
8887,Cyst- (2705),Cyst,0
8888,Cyst- (1079),Cyst,0
8889,Cyst- (2608),Cyst,0
8890,Cyst- (789),Cyst,0
8891,Cyst- (330),Cyst,0
8892,Cyst- (370),Cyst,0
8893,Cyst- (3078),Cyst,0
8894,Cyst- (966),Cyst,0
8895,Cyst- (3593),Cyst,0
8896,Cyst- (583),Cyst,0
8897,Cyst- (172),Cyst,0
8898,Cyst- (1305),Cyst,0
8899,Cyst- (2609),Cyst,0
8900,Cyst- (2488),Cyst,0
8901,Cyst- (2105),Cyst,0
8902,Cyst- (2551),Cyst,0
8903,Cyst- (1273),Cyst,0
8904,Cyst- (1239),Cyst,0
8905,Cyst- (987),Cyst,0
8906,Cyst- (3138),Cyst,0
8907,Cyst- (2942),Cyst,0
8908,Cyst- (3421),Cyst,0
8909,Cyst- (1205),Cyst,0
8910,Cyst- (2588),Cyst,0
8911,Cyst- (209),Cyst,0
8912,Cyst- (387),Cyst,0
8913,Cyst- (1264),Cyst,0
8914,Cyst- (339),Cyst,0
8915,Cyst- (3137),Cyst,0
8916,Cyst- (1766),Cyst,0
8917,Cyst- (2799),Cyst,0
8918,Cyst- (3624),Cyst,0
8919,Cyst- (1181),Cyst,0
8920,Cyst- (3159),Cyst,0
8921,Cyst- (1164),Cyst,0
8922,Cyst- (2484),Cyst,0
8923,Cyst- (3316),Cyst,0
8924,Cyst- (1819),Cyst,0
8925,Cyst- (1595),Cyst,0
8926,Cyst- (912),Cyst,0
8927,Cyst- (3292),Cyst,0
8928,Cyst- (142),Cyst,0
8929,Cyst- (2924),Cyst,0
8930,Cyst- (158),Cyst,0
8931,Cyst- (1791),Cyst,0
8932,Cyst- (1943),Cyst,0
8933,Cyst- (2619),Cyst,0
8934,Cyst- (970),Cyst,0
8935,Cyst- (3238),Cyst,0
8936,Cyst- (1481),Cyst,0
8937,Cyst- (2334),Cyst,0
8938,Cyst- (3340),Cyst,0
8939,Cyst- (1242),Cyst,0
8940,Cyst- (1213),Cyst,0
8941,Cyst- (1829),Cyst,0
8942,Cyst- (2432),Cyst,0
8943,Cyst- (1987),Cyst,0
8944,Cyst- (1519),Cyst,0
8945,Cyst- (821),Cyst,0
8946,Cyst- (3327),Cyst,0
8947,Cyst- (1582),Cyst,0
8948,Cyst- (2597),Cyst,0
8949,Cyst- (750),Cyst,0
8950,Cyst- (3471),Cyst,0
8951,Cyst- (770),Cyst,0
8952,Cyst- (3084),Cyst,0
8953,Cyst- (1339),Cyst,0
8954,Cyst- (3431),Cyst,0
8955,Cyst- (2699),Cyst,0
8956,Cyst- (1626),Cyst,0
8957,Cyst- (644),Cyst,0
8958,Cyst- (784),Cyst,0
8959,Cyst- (3123),Cyst,0
8960,Cyst- (2502),Cyst,0
8961,Cyst- (1357),Cyst,0
8962,Cyst- (3505),Cyst,0
8963,Cyst- (3526),Cyst,0
8964,Cyst- (1084),Cyst,0
8965,Cyst- (860),Cyst,0
8966,Cyst- (2558),Cyst,0
8967,Cyst- (473),Cyst,0
8968,Cyst- (790),Cyst,0
8969,Cyst- (2470),Cyst,0
8970,Cyst- (3429),Cyst,0
8971,Cyst- (2100),Cyst,0
8972,Cyst- (440),Cyst,0
8973,Cyst- (3216),Cyst,0
8974,Cyst- (1211),Cyst,0
8975,Cyst- (3508),Cyst,0
8976,Cyst- (1840),Cyst,0
8977,Cyst- (807),Cyst,0
8978,Cyst- (2325),Cyst,0
8979,Cyst- (1130),Cyst,0
8980,Cyst- (3398),Cyst,0
8981,Cyst- (3523),Cyst,0
8982,Cyst- (315),Cyst,0
8983,Cyst- (1482),Cyst,0
8984,Cyst- (2381),Cyst,0
8985,Cyst- (1794),Cyst,0
8986,Cyst- (1507),Cyst,0
8987,Cyst- (2678),Cyst,0
8988,Cyst- (182),Cyst,0
8989,Cyst- (1314),Cyst,0
8990,Cyst- (97),Cyst,0
8991,Cyst- (98),Cyst,0
8992,Cyst- (1367),Cyst,0
8993,Cyst- (614),Cyst,0
8994,Cyst- (536),Cyst,0
8995,Cyst- (35),Cyst,0
8996,Cyst- (3630),Cyst,0
8997,Cyst- (115),Cyst,0
8998,Cyst- (3188),Cyst,0
8999,Cyst- (2250),Cyst,0
9000,Cyst- (3418),Cyst,0
9001,Cyst- (1120),Cyst,0
9002,Cyst- (3018),Cyst,0
9003,Cyst- (3539),Cyst,0
9004,Cyst- (1034),Cyst,0
9005,Cyst- (2260),Cyst,0
9006,Cyst- (761),Cyst,0
9007,Cyst- (1584),Cyst,0
9008,Cyst- (2462),Cyst,0
9009,Cyst- (2141),Cyst,0
9010,Cyst- (2943),Cyst,0
9011,Cyst- (2043),Cyst,0
9012,Cyst- (2866),Cyst,0
9013,Cyst- (2666),Cyst,0
9014,Cyst- (329),Cyst,0
9015,Cyst- (2949),Cyst,0
9016,Cyst- (3064),Cyst,0
9017,Cyst- (2634),Cyst,0
9018,Cyst- (3396),Cyst,0
9019,Cyst- (2152),Cyst,0
9020,Cyst- (2020),Cyst,0
9021,Cyst- (2199),Cyst,0
9022,Cyst- (1199),Cyst,0
9023,Cyst- (1697),Cyst,0
9024,Cyst- (1495),Cyst,0
9025,Cyst- (2213),Cyst,0
9026,Cyst- (2647),Cyst,0
9027,Cyst- (795),Cyst,0
9028,Cyst- (3534),Cyst,0
9029,Cyst- (1666),Cyst,0
9030,Cyst- (710),Cyst,0
9031,Cyst- (794),Cyst,0
9032,Cyst- (521),Cyst,0
9033,Cyst- (913),Cyst,0
9034,Cyst- (607),Cyst,0
9035,Cyst- (2244),Cyst,0
9036,Cyst- (1605),Cyst,0
9037,Cyst- (327),Cyst,0
9038,Cyst- (531),Cyst,0
9039,Cyst- (959),Cyst,0
9040,Cyst- (793),Cyst,0
9041,Cyst- (1789),Cyst,0
9042,Cyst- (1043),Cyst,0
9043,Cyst- (532),Cyst,0
9044,Cyst- (3268),Cyst,0
9045,Cyst- (489),Cyst,0
9046,Cyst- (3640),Cyst,0
9047,Cyst- (1732),Cyst,0
9048,Cyst- (2549),Cyst,0
9049,Cyst- (993),Cyst,0
9050,Cyst- (3625),Cyst,0
9051,Cyst- (2116),Cyst,0
9052,Cyst- (1133),Cyst,0
9053,Cyst- (973),Cyst,0
9054,Cyst- (292),Cyst,0
9055,Cyst- (3170),Cyst,0
9056,Cyst- (1567),Cyst,0
9057,Cyst- (1013),Cyst,0
9058,Cyst- (1894),Cyst,0
9059,Cyst- (1659),Cyst,0
9060,Cyst- (3075),Cyst,0
9061,Cyst- (2007),Cyst,0
9062,Cyst- (1999),Cyst,0
9063,Cyst- (180),Cyst,0
9064,Cyst- (2631),Cyst,0
9065,Cyst- (412),Cyst,0
9066,Cyst- (3696),Cyst,0
9067,Cyst- (3611),Cyst,0
9068,Cyst- (2676),Cyst,0
9069,Cyst- (2196),Cyst,0
9070,Cyst- (321),Cyst,0
9071,Cyst- (3118),Cyst,0
9072,Cyst- (2063),Cyst,0
9073,Cyst- (462),Cyst,0
9074,Cyst- (1266),Cyst,0
9075,Cyst- (2281),Cyst,0
9076,Cyst- (119),Cyst,0
9077,Cyst- (1944),Cyst,0
9078,Cyst- (1521),Cyst,0
9079,Cyst- (3467),Cyst,0
9080,Cyst- (2584),Cyst,0
9081,Cyst- (38),Cyst,0
9082,Cyst- (1463),Cyst,0
9083,Cyst- (3470),Cyst,0
9084,Cyst- (1278),Cyst,0
9085,Cyst- (3676),Cyst,0
9086,Cyst- (3239),Cyst,0
9087,Cyst- (1090),Cyst,0
9088,Cyst- (2094),Cyst,0
9089,Cyst- (3461),Cyst,0
9090,Cyst- (2966),Cyst,0
9091,Cyst- (2777),Cyst,0
9092,Cyst- (804),Cyst,0
9093,Cyst- (1366),Cyst,0
9094,Cyst- (1510),Cyst,0
9095,Cyst- (102),Cyst,0
9096,Cyst- (2900),Cyst,0
9097,Cyst- (3364),Cyst,0
9098,Cyst- (591),Cyst,0
9099,Cyst- (425),Cyst,0
9100,Cyst- (3400),Cyst,0
9101,Cyst- (1392),Cyst,0
9102,Cyst- (2879),Cyst,0
9103,Cyst- (985),Cyst,0
9104,Cyst- (2481),Cyst,0
9105,Cyst- (3472),Cyst,0
9106,Cyst- (733),Cyst,0
9107,Cyst- (331),Cyst,0
9108,Cyst- (3653),Cyst,0
9109,Cyst- (1734),Cyst,0
9110,Cyst- (2463),Cyst,0
9111,Cyst- (567),Cyst,0
9112,Cyst- (939),Cyst,0
9113,Cyst- (1663),Cyst,0
9114,Cyst- (1417),Cyst,0
9115,Cyst- (3336),Cyst,0
9116,Cyst- (569),Cyst,0
9117,Cyst- (231),Cyst,0
9118,Cyst- (2596),Cyst,0
9119,Cyst- (2417),Cyst,0
9120,Cyst- (106),Cyst,0
9121,Cyst- (1578),Cyst,0
9122,Cyst- (780),Cyst,0
9123,Cyst- (2171),Cyst,0
9124,Cyst- (2083),Cyst,0
9125,Cyst- (2006),Cyst,0
9126,Cyst- (3437),Cyst,0
9127,Cyst- (2778),Cyst,0
9128,Cyst- (1952),Cyst,0
9129,Cyst- (3538),Cyst,0
9130,Cyst- (2507),Cyst,0
9131,Cyst- (1817),Cyst,0
9132,Cyst- (1577),Cyst,0
9133,Cyst- (2763),Cyst,0
9134,Cyst- (2206),Cyst,0
9135,Cyst- (1886),Cyst,0
9136,Cyst- (3034),Cyst,0
9137,Cyst- (1618),Cyst,0
9138,Cyst- (1787),Cyst,0
9139,Cyst- (295),Cyst,0
9140,Cyst- (2708),Cyst,0
9141,Cyst- (1633),Cyst,0
9142,Cyst- (2015),Cyst,0
9143,Cyst- (260),Cyst,0
9144,Cyst- (890),Cyst,0
9145,Cyst- (1500),Cyst,0
9146,Cyst- (2546),Cyst,0
9147,Cyst- (1542),Cyst,0
9148,Cyst- (2045),Cyst,0
9149,Cyst- (1243),Cyst,0
9150,Cyst- (1845),Cyst,0
9151,Cyst- (2174),Cyst,0
9152,Cyst- (3280),Cyst,0
9153,Cyst- (118),Cyst,0
9154,Cyst- (823),Cyst,0
9155,Cyst- (379),Cyst,0
9156,Cyst- (2400),Cyst,0
9157,Cyst- (1975),Cyst,0
9158,Cyst- (1646),Cyst,0
9159,Cyst- (901),Cyst,0
9160,Cyst- (3269),Cyst,0
9161,Cyst- (705),Cyst,0
9162,Cyst- (2566),Cyst,0
9163,Cyst- (796),Cyst,0
9164,Cyst- (2812),Cyst,0
9165,Cyst- (2135),Cyst,0
9166,Cyst- (1216),Cyst,0
9167,Cyst- (1522),Cyst,0
9168,Cyst- (2344),Cyst,0
9169,Cyst- (3035),Cyst,0
9170,Cyst- (2834),Cyst,0
9171,Cyst- (2251),Cyst,0
9172,Cyst- (735),Cyst,0
9173,Cyst- (1395),Cyst,0
9174,Cyst- (2521),Cyst,0
9175,Cyst- (2075),Cyst,0
9176,Cyst- (3655),Cyst,0
9177,Cyst- (3679),Cyst,0
9178,Cyst- (1896),Cyst,0
9179,Cyst- (3338),Cyst,0
9180,Cyst- (534),Cyst,0
9181,Cyst- (1474),Cyst,0
9182,Cyst- (1527),Cyst,0
9183,Cyst- (1033),Cyst,0
9184,Cyst- (2991),Cyst,0
9185,Cyst- (639),Cyst,0
9186,Cyst- (2694),Cyst,0
9187,Cyst- (1839),Cyst,0
9188,Cyst- (3021),Cyst,0
9189,Cyst- (2782),Cyst,0
9190,Cyst- (679),Cyst,0
9191,Cyst- (287),Cyst,0
9192,Cyst- (2693),Cyst,0
9193,Cyst- (668),Cyst,0
9194,Cyst- (3536),Cyst,0
9195,Cyst- (3638),Cyst,0
9196,Cyst- (1792),Cyst,0
9197,Cyst- (867),Cyst,0
9198,Cyst- (2832),Cyst,0
9199,Cyst- (599),Cyst,0
9200,Cyst- (2198),Cyst,0
9201,Cyst- (649),Cyst,0
9202,Cyst- (96),Cyst,0
9203,Cyst- (458),Cyst,0
9204,Cyst- (3296),Cyst,0
9205,Cyst- (1961),Cyst,0
9206,Cyst- (3702),Cyst,0
9207,Cyst- (2191),Cyst,0
9208,Cyst- (687),Cyst,0
9209,Cyst- (3314),Cyst,0
9210,Cyst- (2586),Cyst,0
9211,Cyst- (2490),Cyst,0
9212,Cyst- (899),Cyst,0
9213,Cyst- (2940),Cyst,0
9214,Cyst- (2728),Cyst,0
9215,Cyst- (537),Cyst,0
9216,Cyst- (2403),Cyst,0
9217,Cyst- (1854),Cyst,0
9218,Cyst- (415),Cyst,0
9219,Cyst- (3373),Cyst,0
9220,Cyst- (2652),Cyst,0
9221,Cyst- (3433),Cyst,0
9222,Cyst- (1397),Cyst,0
9223,Cyst- (3358),Cyst,0
9224,Cyst- (1955),Cyst,0
9225,Cyst- (1739),Cyst,0
9226,Cyst- (2346),Cyst,0
9227,Cyst- (2128),Cyst,0
9228,Cyst- (685),Cyst,0
9229,Cyst- (2731),Cyst,0
9230,Cyst- (1341),Cyst,0
9231,Cyst- (2659),Cyst,0
9232,Cyst- (2640),Cyst,0
9233,Cyst- (3577),Cyst,0
9234,Cyst- (214),Cyst,0
9235,Cyst- (515),Cyst,0
9236,Cyst- (3656),Cyst,0
9237,Cyst- (3234),Cyst,0
9238,Cyst- (2270),Cyst,0
9239,Cyst- (3198),Cyst,0
9240,Cyst- (1283),Cyst,0
9241,Cyst- (3498),Cyst,0
9242,Cyst- (20),Cyst,0
9243,Cyst- (147),Cyst,0
9244,Cyst- (2775),Cyst,0
9245,Cyst- (1233),Cyst,0
9246,Cyst- (2064),Cyst,0
9247,Cyst- (3279),Cyst,0
9248,Cyst- (166),Cyst,0
9249,Cyst- (1756),Cyst,0
9250,Cyst- (1457),Cyst,0
9251,Cyst- (3321),Cyst,0
9252,Cyst- (2442),Cyst,0
9253,Cyst- (3514),Cyst,0
9254,Cyst- (1596),Cyst,0
9255,Cyst- (2103),Cyst,0
9256,Cyst- (2467),Cyst,0
9257,Cyst- (2994),Cyst,0
9258,Cyst- (2372),Cyst,0
9259,Cyst- (199),Cyst,0
9260,Cyst- (504),Cyst,0
9261,Cyst- (839),Cyst,0
9262,Cyst- (1635),Cyst,0
9263,Cyst- (2117),Cyst,0
9264,Cyst- (2990),Cyst,0
9265,Cyst- (2734),Cyst,0
9266,Cyst- (2632),Cyst,0
9267,Cyst- (847),Cyst,0
9268,Cyst- (646),Cyst,0
9269,Cyst- (711),Cyst,0
9270,Cyst- (2035),Cyst,0
9271,Cyst- (1865),Cyst,0
9272,Cyst- (42),Cyst,0
9273,Cyst- (363),Cyst,0
9274,Cyst- (672),Cyst,0
9275,Cyst- (2178),Cyst,0
9276,Cyst- (1141),Cyst,0
9277,Cyst- (1606),Cyst,0
9278,Cyst- (937),Cyst,0
9279,Cyst- (2495),Cyst,0
9280,Cyst- (2493),Cyst,0
9281,Cyst- (121),Cyst,0
9282,Cyst- (2491),Cyst,0
9283,Cyst- (2110),Cyst,0
9284,Cyst- (2255),Cyst,0
9285,Cyst- (3586),Cyst,0
9286,Cyst- (948),Cyst,0
9287,Cyst- (490),Cyst,0
9288,Cyst- (1810),Cyst,0
9289,Cyst- (3680),Cyst,0
9290,Cyst- (3585),Cyst,0
9291,Cyst- (2961),Cyst,0
9292,Cyst- (1667),Cyst,0
9293,Cyst- (32),Cyst,0
9294,Cyst- (3109),Cyst,0
9295,Cyst- (2967),Cyst,0
9296,Cyst- (3046),Cyst,0
9297,Cyst- (1642),Cyst,0
9298,Cyst- (1420),Cyst,0
9299,Cyst- (1918),Cyst,0
9300,Cyst- (3487),Cyst,0
9301,Cyst- (3146),Cyst,0
9302,Cyst- (1029),Cyst,0
9303,Cyst- (858),Cyst,0
9304,Cyst- (1866),Cyst,0
9305,Cyst- (3013),Cyst,0
9306,Cyst- (1929),Cyst,0
9307,Cyst- (3203),Cyst,0
9308,Cyst- (1671),Cyst,0
9309,Cyst- (560),Cyst,0
9310,Cyst- (650),Cyst,0
9311,Cyst- (1665),Cyst,0
9312,Cyst- (3524),Cyst,0
9313,Cyst- (2578),Cyst,0
9314,Cyst- (3210),Cyst,0
9315,Cyst- (1925),Cyst,0
9316,Cyst- (455),Cyst,0
9317,Cyst- (518),Cyst,0
9318,Cyst- (3236),Cyst,0
9319,Cyst- (3167),Cyst,0
9320,Cyst- (3115),Cyst,0
9321,Cyst- (1536),Cyst,0
9322,Cyst- (2543),Cyst,0
9323,Cyst- (2380),Cyst,0
9324,Cyst- (1327),Cyst,0
9325,Cyst- (1010),Cyst,0
9326,Cyst- (3315),Cyst,0
9327,Cyst- (1074),Cyst,0
9328,Cyst- (279),Cyst,0
9329,Cyst- (779),Cyst,0
9330,Cyst- (3168),Cyst,0
9331,Cyst- (474),Cyst,0
9332,Cyst- (299),Cyst,0
9333,Cyst- (3307),Cyst,0
9334,Cyst- (2638),Cyst,0
9335,Cyst- (1904),Cyst,0
9336,Cyst- (1731),Cyst,0
9337,Cyst- (1720),Cyst,0
9338,Cyst- (335),Cyst,0
9339,Cyst- (3344),Cyst,0
9340,Cyst- (2029),Cyst,0
9341,Cyst- (785),Cyst,0
9342,Cyst- (3329),Cyst,0
9343,Cyst- (2725),Cyst,0
9344,Cyst- (1838),Cyst,0
9345,Cyst- (2058),Cyst,0
9346,Cyst- (3482),Cyst,0
9347,Cyst- (204),Cyst,0
9348,Cyst- (2311),Cyst,0
9349,Cyst- (3214),Cyst,0
9350,Cyst- (3413),Cyst,0
9351,Cyst- (3134),Cyst,0
9352,Cyst- (3162),Cyst,0
9353,Cyst- (3181),Cyst,0
9354,Cyst- (677),Cyst,0
9355,Cyst- (2983),Cyst,0
9356,Cyst- (2111),Cyst,0
9357,Cyst- (831),Cyst,0
9358,Cyst- (3476),Cyst,0
9359,Cyst- (2247),Cyst,0
9360,Cyst- (1670),Cyst,0
9361,Cyst- (2748),Cyst,0
9362,Cyst- (3028),Cyst,0
9363,Cyst- (772),Cyst,0
9364,Cyst- (1552),Cyst,0
9365,Cyst- (1012),Cyst,0
9366,Cyst- (406),Cyst,0
9367,Cyst- (1879),Cyst,0
9368,Cyst- (233),Cyst,0
9369,Cyst- (2985),Cyst,0
9370,Cyst- (1094),Cyst,0
9371,Cyst- (2938),Cyst,0
9372,Cyst- (2402),Cyst,0
9373,Cyst- (1465),Cyst,0
9374,Cyst- (427),Cyst,0
9375,Cyst- (3050),Cyst,0
9376,Cyst- (3673),Cyst,0
9377,Cyst- (1294),Cyst,0
9378,Cyst- (1769),Cyst,0
9379,Cyst- (3687),Cyst,0
9380,Cyst- (2710),Cyst,0
9381,Cyst- (833),Cyst,0
9382,Cyst- (756),Cyst,0
9383,Cyst- (3462),Cyst,0
9384,Cyst- (3445),Cyst,0
9385,Cyst- (2918),Cyst,0
9386,Cyst- (2868),Cyst,0
9387,Cyst- (1760),Cyst,0
9388,Cyst- (2026),Cyst,0
9389,Cyst- (1268),Cyst,0
9390,Cyst- (1180),Cyst,0
9391,Cyst- (2175),Cyst,0
9392,Cyst- (3148),Cyst,0
9393,Cyst- (376),Cyst,0
9394,Cyst- (3110),Cyst,0
9395,Cyst- (1969),Cyst,0
9396,Cyst- (815),Cyst,0
9397,Cyst- (1798),Cyst,0
9398,Cyst- (2054),Cyst,0
9399,Cyst- (2791),Cyst,0
9400,Cyst- (1275),Cyst,0
9401,Cyst- (1962),Cyst,0
9402,Cyst- (2979),Cyst,0
9403,Cyst- (1884),Cyst,0
9404,Cyst- (2133),Cyst,0
9405,Cyst- (1822),Cyst,0
9406,Cyst- (1005),Cyst,0
9407,Cyst- (2905),Cyst,0
9408,Cyst- (915),Cyst,0
9409,Cyst- (3339),Cyst,0
9410,Cyst- (2984),Cyst,0
9411,Cyst- (1691),Cyst,0
9412,Cyst- (50),Cyst,0
9413,Cyst- (136),Cyst,0
9414,Cyst- (148),Cyst,0
9415,Cyst- (818),Cyst,0
9416,Cyst- (290),Cyst,0
9417,Cyst- (3592),Cyst,0
9418,Cyst- (3258),Cyst,0
9419,Cyst- (8),Cyst,0
9420,Cyst- (3411),Cyst,0
9421,Cyst- (3525),Cyst,0
9422,Cyst- (2355),Cyst,0
9423,Cyst- (2894),Cyst,0
9424,Cyst- (190),Cyst,0
9425,Cyst- (372),Cyst,0
9426,Cyst- (1007),Cyst,0
9427,Cyst- (1814),Cyst,0
9428,Cyst- (881),Cyst,0
9429,Cyst- (1816),Cyst,0
9430,Cyst- (832),Cyst,0
9431,Cyst- (1494),Cyst,0
9432,Cyst- (2350),Cyst,0
9433,Cyst- (2843),Cyst,0
9434,Cyst- (1730),Cyst,0
9435,Cyst- (9),Cyst,0
9436,Cyst- (2187),Cyst,0
9437,Cyst- (2663),Cyst,0
9438,Cyst- (2801),Cyst,0
9439,Cyst- (74),Cyst,0
9440,Cyst- (1837),Cyst,0
9441,Cyst- (2684),Cyst,0
9442,Cyst- (1529),Cyst,0
9443,Cyst- (2223),Cyst,0
9444,Cyst- (699),Cyst,0
9445,Cyst- (1808),Cyst,0
9446,Cyst- (66),Cyst,0
9447,Cyst- (3584),Cyst,0
9448,Cyst- (1989),Cyst,0
9449,Cyst- (3568),Cyst,0
9450,Cyst- (3537),Cyst,0
9451,Cyst- (2317),Cyst,0
9452,Cyst- (1617),Cyst,0
9453,Cyst- (2306),Cyst,0
9454,Cyst- (3641),Cyst,0
9455,Cyst- (476),Cyst,0
9456,Cyst- (969),Cyst,0
9457,Cyst- (2897),Cyst,0
9458,Cyst- (1976),Cyst,0
9459,Cyst- (1040),Cyst,0
9460,Cyst- (3477),Cyst,0
9461,Cyst- (3223),Cyst,0
9462,Cyst- (3319),Cyst,0
9463,Cyst- (58),Cyst,0
9464,Cyst- (2767),Cyst,0
9465,Cyst- (132),Cyst,0
9466,Cyst- (2169),Cyst,0
9467,Cyst- (2794),Cyst,0
9468,Cyst- (135),Cyst,0
9469,Cyst- (947),Cyst,0
9470,Cyst- (316),Cyst,0
9471,Cyst- (3544),Cyst,0
9472,Cyst- (399),Cyst,0
9473,Cyst- (3074),Cyst,0
9474,Cyst- (300),Cyst,0
9475,Cyst- (1438),Cyst,0
9476,Cyst- (632),Cyst,0
9477,Cyst- (698),Cyst,0
9478,Cyst- (893),Cyst,0
9479,Cyst- (1750),Cyst,0
9480,Cyst- (1004),Cyst,0
9481,Cyst- (3500),Cyst,0
9482,Cyst- (3036),Cyst,0
9483,Cyst- (2078),Cyst,0
9484,Cyst- (1998),Cyst,0
9485,Cyst- (1881),Cyst,0
9486,Cyst- (1271),Cyst,0
9487,Cyst- (2959),Cyst,0
9488,Cyst- (1702),Cyst,0
9489,Cyst- (1990),Cyst,0
9490,Cyst- (1856),Cyst,0
9491,Cyst- (3129),Cyst,0
9492,Cyst- (189),Cyst,0
9493,Cyst- (1306),Cyst,0
9494,Cyst- (1648),Cyst,0
9495,Cyst- (1528),Cyst,0
9496,Cyst- (3332),Cyst,0
9497,Cyst- (125),Cyst,0
9498,Cyst- (3204),Cyst,0
9499,Cyst- (2692),Cyst,0
9500,Cyst- (2349),Cyst,0
9501,Cyst- (3257),Cyst,0
9502,Cyst- (3306),Cyst,0
9503,Cyst- (448),Cyst,0
9504,Cyst- (3622),Cyst,0
9505,Cyst- (1591),Cyst,0
9506,Cyst- (3357),Cyst,0
9507,Cyst- (1489),Cyst,0
9508,Cyst- (1458),Cyst,0
9509,Cyst- (3095),Cyst,0
9510,Cyst- (2479),Cyst,0
9511,Cyst- (1269),Cyst,0
9512,Cyst- (1289),Cyst,0
9513,Cyst- (346),Cyst,0
9514,Cyst- (1081),Cyst,0
9515,Cyst- (2607),Cyst,0
9516,Cyst- (143),Cyst,0
9517,Cyst- (543),Cyst,0
9518,Cyst- (826),Cyst,0
9519,Cyst- (2003),Cyst,0
9520,Cyst- (3100),Cyst,0
9521,Cyst- (1889),Cyst,0
9522,Cyst- (219),Cyst,0
9523,Cyst- (1509),Cyst,0
9524,Cyst- (984),Cyst,0
9525,Cyst- (636),Cyst,0
9526,Cyst- (3434),Cyst,0
9527,Cyst- (1600),Cyst,0
9528,Cyst- (2913),Cyst,0
9529,Cyst- (576),Cyst,0
9530,Cyst- (2978),Cyst,0
9531,Cyst- (313),Cyst,0
9532,Cyst- (130),Cyst,0
9533,Cyst- (2302),Cyst,0
9534,Cyst- (1573),Cyst,0
9535,Cyst- (1219),Cyst,0
9536,Cyst- (247),Cyst,0
9537,Cyst- (2567),Cyst,0
9538,Cyst- (139),Cyst,0
9539,Cyst- (311),Cyst,0
9540,Cyst- (2575),Cyst,0
9541,Cyst- (2936),Cyst,0
9542,Cyst- (3581),Cyst,0
9543,Cyst- (602),Cyst,0
9544,Cyst- (322),Cyst,0
9545,Cyst- (3073),Cyst,0
9546,Cyst- (353),Cyst,0
9547,Cyst- (1516),Cyst,0
9548,Cyst- (2709),Cyst,0
9549,Cyst- (2561),Cyst,0
9550,Cyst- (3497),Cyst,0
9551,Cyst- (3527),Cyst,0
9552,Cyst- (1715),Cyst,0
9553,Cyst- (1532),Cyst,0
9554,Cyst- (2732),Cyst,0
9555,Cyst- (24),Cyst,0
9556,Cyst- (3058),Cyst,0
9557,Cyst- (737),Cyst,0
9558,Cyst- (1451),Cyst,0
9559,Cyst- (3589),Cyst,0
9560,Cyst- (2776),Cyst,0
9561,Cyst- (421),Cyst,0
9562,Cyst- (475),Cyst,0
9563,Cyst- (952),Cyst,0
9564,Cyst- (566),Cyst,0
9565,Cyst- (1589),Cyst,0
9566,Cyst- (738),Cyst,0
9567,Cyst- (1797),Cyst,0
9568,Cyst- (3420),Cyst,0
9569,Cyst- (3572),Cyst,0
9570,Cyst- (1960),Cyst,0
9571,Cyst- (323),Cyst,0
9572,Cyst- (1490),Cyst,0
9573,Cyst- (3620),Cyst,0
9574,Cyst- (1115),Cyst,0
9575,Cyst- (1328),Cyst,0
9576,Cyst- (1137),Cyst,0
9577,Cyst- (374),Cyst,0
9578,Cyst- (3590),Cyst,0
9579,Cyst- (1748),Cyst,0
9580,Cyst- (3015),Cyst,0
9581,Cyst- (2202),Cyst,0
9582,Cyst- (1462),Cyst,0
9583,Cyst- (1393),Cyst,0
9584,Cyst- (2383),Cyst,0
9585,Cyst- (877),Cyst,0
9586,Cyst- (958),Cyst,0
9587,Cyst- (964),Cyst,0
9588,Cyst- (1680),Cyst,0
9589,Cyst- (619),Cyst,0
9590,Cyst- (243),Cyst,0
9591,Cyst- (3649),Cyst,0
9592,Cyst- (2104),Cyst,0
9593,Cyst- (2401),Cyst,0
9594,Cyst- (767),Cyst,0
9595,Cyst- (1299),Cyst,0
9596,Cyst- (2046),Cyst,0
9597,Cyst- (1513),Cyst,0
9598,Cyst- (2824),Cyst,0
9599,Cyst- (1611),Cyst,0
9600,Cyst- (2208),Cyst,0
9601,Cyst- (2867),Cyst,0
9602,Cyst- (1843),Cyst,0
9603,Cyst- (2194),Cyst,0
9604,Cyst- (1000),Cyst,0
9605,Cyst- (1154),Cyst,0
9606,Cyst- (1770),Cyst,0
9607,Cyst- (3135),Cyst,0
9608,Cyst- (232),Cyst,0
9609,Cyst- (3699),Cyst,0
9610,Cyst- (1080),Cyst,0
9611,Cyst- (1008),Cyst,0
9612,Cyst- (2997),Cyst,0
9613,Cyst- (1650),Cyst,0
9614,Cyst- (3059),Cyst,0
9615,Cyst- (1476),Cyst,0
9616,Cyst- (1131),Cyst,0
9617,Cyst- (2212),Cyst,0
9618,Cyst- (1846),Cyst,0
9619,Cyst- (1378),Cyst,0
9620,Cyst- (19),Cyst,0
9621,Cyst- (2262),Cyst,0
9622,Cyst- (3091),Cyst,0
9623,Cyst- (2854),Cyst,0
9624,Cyst- (1613),Cyst,0
9625,Cyst- (1349),Cyst,0
9626,Cyst- (408),Cyst,0
9627,Cyst- (3106),Cyst,0
9628,Cyst- (676),Cyst,0
9629,Cyst- (2587),Cyst,0
9630,Cyst- (742),Cyst,0
9631,Cyst- (3350),Cyst,0
9632,Cyst- (813),Cyst,0
9633,Cyst- (554),Cyst,0
9634,Cyst- (720),Cyst,0
9635,Cyst- (1370),Cyst,0
9636,Cyst- (2718),Cyst,0
9637,Cyst- (1988),Cyst,0
9638,Cyst- (498),Cyst,0
9639,Cyst- (3060),Cyst,0
9640,Cyst- (1460),Cyst,0
9641,Cyst- (173),Cyst,0
9642,Cyst- (1505),Cyst,0
9643,Cyst- (953),Cyst,0
9644,Cyst- (1717),Cyst,0
9645,Cyst- (3226),Cyst,0
9646,Cyst- (49),Cyst,0
9647,Cyst- (3061),Cyst,0
9648,Cyst- (3301),Cyst,0
9649,Cyst- (3121),Cyst,0
9650,Cyst- (896),Cyst,0
9651,Cyst- (3415),Cyst,0
9652,Cyst- (270),Cyst,0
9653,Cyst- (2570),Cyst,0
9654,Cyst- (63),Cyst,0
9655,Cyst- (3512),Cyst,0
9656,Cyst- (1561),Cyst,0
9657,Cyst- (2723),Cyst,0
9658,Cyst- (2411),Cyst,0
9659,Cyst- (3480),Cyst,0
9660,Cyst- (3664),Cyst,0
9661,Cyst- (1168),Cyst,0
9662,Cyst- (657),Cyst,0
9663,Cyst- (2849),Cyst,0
9664,Cyst- (1011),Cyst,0
9665,Cyst- (1628),Cyst,0
9666,Cyst- (2685),Cyst,0
9667,Cyst- (3143),Cyst,0
9668,Cyst- (2701),Cyst,0
9669,Cyst- (2486),Cyst,0
9670,Cyst- (1883),Cyst,0
9671,Cyst- (30),Cyst,0
9672,Cyst- (1947),Cyst,0
9673,Cyst- (2630),Cyst,0
9674,Cyst- (2554),Cyst,0
9675,Cyst- (145),Cyst,0
9676,Cyst- (2498),Cyst,0
9677,Cyst- (3150),Cyst,0
9678,Cyst- (144),Cyst,0
9679,Cyst- (2204),Cyst,0
9680,Cyst- (1300),Cyst,0
9681,Cyst- (782),Cyst,0
9682,Cyst- (1956),Cyst,0
9683,Cyst- (2954),Cyst,0
9684,Cyst- (2690),Cyst,0
9685,Cyst- (2714),Cyst,0
9686,Cyst- (3616),Cyst,0
9687,Cyst- (3359),Cyst,0
9688,Cyst- (2289),Cyst,0
9689,Cyst- (3293),Cyst,0
9690,Cyst- (3117),Cyst,0
9691,Cyst- (3491),Cyst,0
9692,Cyst- (1485),Cyst,0
9693,Cyst- (1725),Cyst,0
9694,Cyst- (2520),Cyst,0
9695,Cyst- (2941),Cyst,0
9696,Cyst- (2958),Cyst,0
9697,Cyst- (1440),Cyst,0
9698,Cyst- (3660),Cyst,0
9699,Cyst- (1548),Cyst,0
9700,Cyst- (3666),Cyst,0
9701,Cyst- (1968),Cyst,0
9702,Cyst- (1647),Cyst,0
9703,Cyst- (1716),Cyst,0
9704,Cyst- (3267),Cyst,0
9705,Cyst- (1557),Cyst,0
9706,Cyst- (1733),Cyst,0
9707,Cyst- (1910),Cyst,0
9708,Cyst- (3191),Cyst,0
9709,Cyst- (1116),Cyst,0
9710,Cyst- (3594),Cyst,0
9711,Cyst- (2436),Cyst,0
9712,Cyst- (1083),Cyst,0
9713,Cyst- (3244),Cyst,0
9714,Cyst- (2531),Cyst,0
9715,Cyst- (1575),Cyst,0
9716,Cyst- (866),Cyst,0
9717,Cyst- (1149),Cyst,0
9718,Cyst- (89),Cyst,0
9719,Cyst- (2077),Cyst,0
9720,Cyst- (653),Cyst,0
9721,Cyst- (621),Cyst,0
9722,Cyst- (2912),Cyst,0
9723,Cyst- (80),Cyst,0
9724,Cyst- (1399),Cyst,0
9725,Cyst- (2013),Cyst,0
9726,Cyst- (754),Cyst,0
9727,Cyst- (1139),Cyst,0
9728,Cyst- (1657),Cyst,0
9729,Cyst- (75),Cyst,0
9730,Cyst- (2473),Cyst,0
9731,Cyst- (2771),Cyst,0
9732,Cyst- (1371),Cyst,0
9733,Cyst- (2086),Cyst,0
9734,Cyst- (3231),Cyst,0
9735,Cyst- (2101),Cyst,0
9736,Cyst- (1415),Cyst,0
9737,Cyst- (816),Cyst,0
9738,Cyst- (2792),Cyst,0
9739,Cyst- (1174),Cyst,0
9740,Cyst- (1147),Cyst,0
9741,Cyst- (563),Cyst,0
9742,Cyst- (1511),Cyst,0
9743,Cyst- (2225),Cyst,0
9744,Cyst- (2080),Cyst,0
9745,Cyst- (2727),Cyst,0
9746,Cyst- (1870),Cyst,0
9747,Cyst- (334),Cyst,0
9748,Cyst- (2902),Cyst,0
9749,Cyst- (1821),Cyst,0
9750,Cyst- (3199),Cyst,0
9751,Cyst- (918),Cyst,0
9752,Cyst- (3160),Cyst,0
9753,Cyst- (1741),Cyst,0
9754,Cyst- (3674),Cyst,0
9755,Cyst- (1319),Cyst,0
9756,Cyst- (3161),Cyst,0
9757,Cyst- (2062),Cyst,0
9758,Cyst- (3453),Cyst,0
9759,Cyst- (2870),Cyst,0
9760,Cyst- (2601),Cyst,0
9761,Cyst- (2518),Cyst,0
9762,Cyst- (1706),Cyst,0
9763,Cyst- (1344),Cyst,0
9764,Cyst- (388),Cyst,0
9765,Cyst- (3186),Cyst,0
9766,Cyst- (171),Cyst,0
9767,Cyst- (1453),Cyst,0
9768,Cyst- (1887),Cyst,0
9769,Cyst- (551),Cyst,0
9770,Cyst- (2288),Cyst,0
9771,Cyst- (1970),Cyst,0
9772,Cyst- (409),Cyst,0
9773,Cyst- (499),Cyst,0
9774,Cyst- (3486),Cyst,0
9775,Cyst- (1196),Cyst,0
9776,Cyst- (1063),Cyst,0
9777,Cyst- (1694),Cyst,0
9778,Cyst- (2746),Cyst,0
9779,Cyst- (1236),Cyst,0
9780,Cyst- (2081),Cyst,0
9781,Cyst- (1609),Cyst,0
9782,Cyst- (2114),Cyst,0
9783,Cyst- (3608),Cyst,0
9784,Cyst- (2305),Cyst,0
9785,Cyst- (1630),Cyst,0
9786,Cyst- (2275),Cyst,0
9787,Cyst- (2269),Cyst,0
9788,Cyst- (309),Cyst,0
9789,Cyst- (2134),Cyst,0
9790,Cyst- (951),Cyst,0
9791,Cyst- (2027),Cyst,0
9792,Cyst- (2428),Cyst,0
9793,Cyst- (3698),Cyst,0
9794,Cyst- (3228),Cyst,0
9795,Cyst- (129),Cyst,0
9796,Cyst- (2865),Cyst,0
9797,Cyst- (382),Cyst,0
9798,Cyst- (2977),Cyst,0
9799,Cyst- (1882),Cyst,0
9800,Cyst- (1103),Cyst,0
9801,Cyst- (3532),Cyst,0
9802,Cyst- (90),Cyst,0
9803,Cyst- (2388),Cyst,0
9804,Cyst- (3517),Cyst,0
9805,Cyst- (2915),Cyst,0
9806,Cyst- (3175),Cyst,0
9807,Cyst- (1641),Cyst,0
9808,Cyst- (3157),Cyst,0
9809,Cyst- (1354),Cyst,0
9810,Cyst- (2319),Cyst,0
9811,Cyst- (2005),Cyst,0
9812,Cyst- (149),Cyst,0
9813,Cyst- (2460),Cyst,0
9814,Cyst- (2510),Cyst,0
9815,Cyst- (3394),Cyst,0
9816,Cyst- (1335),Cyst,0
9817,Cyst- (2780),Cyst,0
9818,Cyst- (3158),Cyst,0
9819,Cyst- (138),Cyst,0
9820,Cyst- (3071),Cyst,0
9821,Cyst- (2),Cyst,0
9822,Cyst- (3132),Cyst,0
9823,Cyst- (3481),Cyst,0
9824,Cyst- (2095),Cyst,0
9825,Cyst- (365),Cyst,0
9826,Cyst- (3065),Cyst,0
9827,Cyst- (3298),Cyst,0
9828,Cyst- (2591),Cyst,0
9829,Cyst- (658),Cyst,0
9830,Cyst- (2577),Cyst,0
9831,Cyst- (1703),Cyst,0
9832,Cyst- (123),Cyst,0
9833,Cyst- (2125),Cyst,0
9834,Cyst- (373),Cyst,0
9835,Cyst- (1309),Cyst,0
9836,Cyst- (1225),Cyst,0
9837,Cyst- (3597),Cyst,0
9838,Cyst- (1406),Cyst,0
9839,Cyst- (1830),Cyst,0
9840,Cyst- (438),Cyst,0
9841,Cyst- (992),Cyst,0
9842,Cyst- (1971),Cyst,0
9843,Cyst- (3375),Cyst,0
9844,Cyst- (1916),Cyst,0
9845,Cyst- (3506),Cyst,0
9846,Cyst- (642),Cyst,0
9847,Cyst- (3570),Cyst,0
9848,Cyst- (3545),Cyst,0
9849,Cyst- (2326),Cyst,0
9850,Cyst- (3496),Cyst,0
9851,Cyst- (3049),Cyst,0
9852,Cyst- (1675),Cyst,0
9853,Cyst- (2681),Cyst,0
9854,Cyst- (1282),Cyst,0
9855,Cyst- (307),Cyst,0
9856,Cyst- (3342),Cyst,0
9857,Cyst- (72),Cyst,0
9858,Cyst- (1515),Cyst,0
9859,Cyst- (1200),Cyst,0
9860,Cyst- (1426),Cyst,0
9861,Cyst- (333),Cyst,0
9862,Cyst- (864),Cyst,0
9863,Cyst- (2347),Cyst,0
9864,Cyst- (2037),Cyst,0
9865,Cyst- (47),Cyst,0
9866,Cyst- (2864),Cyst,0
9867,Cyst- (1270),Cyst,0
9868,Cyst- (420),Cyst,0
9869,Cyst- (1890),Cyst,0
9870,Cyst- (385),Cyst,0
9871,Cyst- (1364),Cyst,0
9872,Cyst- (1612),Cyst,0
9873,Cyst- (2672),Cyst,0
9874,Cyst- (1768),Cyst,0
9875,Cyst- (3399),Cyst,0
9876,Cyst- (1504),Cyst,0
9877,Cyst- (3114),Cyst,0
9878,Cyst- (3519),Cyst,0
9879,Cyst- (224),Cyst,0
9880,Cyst- (530),Cyst,0
9881,Cyst- (3255),Cyst,0
9882,Cyst- (825),Cyst,0
9883,Cyst- (94),Cyst,0
9884,Cyst- (3099),Cyst,0
9885,Cyst- (2932),Cyst,0
9886,Cyst- (2772),Cyst,0
9887,Cyst- (2150),Cyst,0
9888,Cyst- (2679),Cyst,0
9889,Cyst- (269),Cyst,0
9890,Cyst- (2910),Cyst,0
9891,Cyst- (2625),Cyst,0
9892,Cyst- (3149),Cyst,0
9893,Cyst- (1323),Cyst,0
9894,Cyst- (2074),Cyst,0
9895,Cyst- (1223),Cyst,0
9896,Cyst- (3113),Cyst,0
9897,Cyst- (2987),Cyst,0
9898,Cyst- (3473),Cyst,0
9899,Cyst- (2602),Cyst,0
9900,Cyst- (364),Cyst,0
9901,Cyst- (1811),Cyst,0
9902,Cyst- (162),Cyst,0
9903,Cyst- (169),Cyst,0
9904,Cyst- (749),Cyst,0
9905,Cyst- (2976),Cyst,0
9906,Cyst- (2654),Cyst,0
9907,Cyst- (716),Cyst,0
9908,Cyst- (2139),Cyst,0
9909,Cyst- (1738),Cyst,0
9910,Cyst- (3122),Cyst,0
9911,Cyst- (2645),Cyst,0
9912,Cyst- (776),Cyst,0
9913,Cyst- (302),Cyst,0
9914,Cyst- (545),Cyst,0
9915,Cyst- (445),Cyst,0
9916,Cyst- (1331),Cyst,0
9917,Cyst- (1403),Cyst,0
9918,Cyst- (1683),Cyst,0
9919,Cyst- (3274),Cyst,0
9920,Cyst- (1631),Cyst,0
9921,Cyst- (2829),Cyst,0
9922,Cyst- (2363),Cyst,0
9923,Cyst- (396),Cyst,0
9924,Cyst- (2478),Cyst,0
9925,Cyst- (1695),Cyst,0
9926,Cyst- (3030),Cyst,0
9927,Cyst- (3093),Cyst,0
9928,Cyst- (1431),Cyst,0
9929,Cyst- (1018),Cyst,0
9930,Cyst- (2366),Cyst,0
9931,Cyst- (426),Cyst,0
9932,Cyst- (2720),Cyst,0
9933,Cyst- (2320),Cyst,0
9934,Cyst- (1402),Cyst,0
9935,Cyst- (2504),Cyst,0
9936,Cyst- (5),Cyst,0
9937,Cyst- (2148),Cyst,0
9938,Cyst- (2181),Cyst,0
9939,Cyst- (1104),Cyst,0
9940,Cyst- (86),Cyst,0
9941,Cyst- (1089),Cyst,0
9942,Cyst- (2813),Cyst,0
9943,Cyst- (3227),Cyst,0
9944,Cyst- (2471),Cyst,0
9945,Cyst- (1834),Cyst,0
9946,Cyst- (3362),Cyst,0
9947,Cyst- (3644),Cyst,0
9948,Cyst- (817),Cyst,0
9949,Cyst- (3014),Cyst,0
9950,Cyst- (262),Cyst,0
9951,Cyst- (2981),Cyst,0
9952,Cyst- (1820),Cyst,0
9953,Cyst- (783),Cyst,0
9954,Cyst- (154),Cyst,0
9955,Cyst- (3460),Cyst,0
9956,Cyst- (1156),Cyst,0
9957,Cyst- (2258),Cyst,0
9958,Cyst- (2934),Cyst,0
9959,Cyst- (2707),Cyst,0
9960,Cyst- (2293),Cyst,0
9961,Cyst- (1758),Cyst,0
9962,Cyst- (2768),Cyst,0
9963,Cyst- (205),Cyst,0
9964,Cyst- (3444),Cyst,0
9965,Cyst- (2888),Cyst,0
9966,Cyst- (513),Cyst,0
9967,Cyst- (1360),Cyst,0
9968,Cyst- (2097),Cyst,0
9969,Cyst- (3626),Cyst,0
9970,Cyst- (1468),Cyst,0
9971,Cyst- (2766),Cyst,0
9972,Cyst- (580),Cyst,0
9973,Cyst- (2276),Cyst,0
9974,Cyst- (884),Cyst,0
9975,Cyst- (3337),Cyst,0
9976,Cyst- (2850),Cyst,0
9977,Cyst- (764),Cyst,0
9978,Cyst- (3320),Cyst,0
9979,Cyst- (562),Cyst,0
9980,Cyst- (1701),Cyst,0
9981,Cyst- (3328),Cyst,0
9982,Cyst- (234),Cyst,0
9983,Cyst- (2332),Cyst,0
9984,Cyst- (1771),Cyst,0
9985,Cyst- (3427),Cyst,0
9986,Cyst- (1580),Cyst,0
9987,Cyst- (3659),Cyst,0
9988,Cyst- (3652),Cyst,0
9989,Cyst- (3080),Cyst,0
9990,Cyst- (2542),Cyst,0
9991,Cyst- (318),Cyst,0
9992,Cyst- (411),Cyst,0
9993,Cyst- (368),Cyst,0
9994,Cyst- (271),Cyst,0
9995,Cyst- (7),Cyst,0
9996,Cyst- (819),Cyst,0
9997,Cyst- (3691),Cyst,0
9998,Cyst- (1161),Cyst,0
9999,Cyst- (2427),Cyst,0
10000,Cyst- (2618),Cyst,0
10001,Cyst- (3318),Cyst,0
10002,Cyst- (3618),Cyst,0
10003,Cyst- (803),Cyst,0
10004,Cyst- (1019),Cyst,0
10005,Cyst- (2599),Cyst,0
10006,Cyst- (910),Cyst,0
10007,Cyst- (3284),Cyst,0
10008,Cyst- (1337),Cyst,0
10009,Cyst- (675),Cyst,0
10010,Cyst- (1037),Cyst,0
10011,Cyst- (450),Cyst,0
10012,Cyst- (436),Cyst,0
10013,Cyst- (2537),Cyst,0
10014,Cyst- (1385),Cyst,0
10015,Cyst- (1024),Cyst,0
10016,Cyst- (2192),Cyst,0
10017,Cyst- (3401),Cyst,0
10018,Cyst- (1523),Cyst,0
10019,Cyst- (1942),Cyst,0
10020,Cyst- (2279),Cyst,0
10021,Cyst- (503),Cyst,0
10022,Cyst- (814),Cyst,0
10023,Cyst- (2798),Cyst,0
10024,Cyst- (2268),Cyst,0
10025,Cyst- (10),Cyst,0
10026,Cyst- (3455),Cyst,0
10027,Cyst- (2176),Cyst,0
10028,Cyst- (1535),Cyst,0
10029,Cyst- (3305),Cyst,0
10030,Cyst- (694),Cyst,0
10031,Cyst- (3678),Cyst,0
10032,Cyst- (2448),Cyst,0
10033,Cyst- (3374),Cyst,0
10034,Cyst- (1993),Cyst,0
10035,Cyst- (755),Cyst,0
10036,Cyst- (3082),Cyst,0
10037,Cyst- (2420),Cyst,0
10038,Cyst- (108),Cyst,0
10039,Cyst- (1807),Cyst,0
10040,Cyst- (2254),Cyst,0
10041,Cyst- (1352),Cyst,0
10042,Cyst- (1150),Cyst,0
10043,Cyst- (2369),Cyst,0
10044,Cyst- (2328),Cyst,0
10045,Cyst- (244),Cyst,0
10046,Cyst- (3648),Cyst,0
10047,Cyst- (3558),Cyst,0
10048,Cyst- (2300),Cyst,0
10049,Cyst- (2998),Cyst,0
10050,Cyst- (2738),Cyst,0
10051,Cyst- (1705),Cyst,0
10052,Cyst- (3658),Cyst,0
10053,Cyst- (2415),Cyst,0
10054,Cyst- (1098),Cyst,0
10055,Cyst- (3317),Cyst,0
10056,Cyst- (2416),Cyst,0
10057,Cyst- (3598),Cyst,0
10058,Cyst- (995),Cyst,0
10059,Cyst- (2253),Cyst,0
10060,Cyst- (2146),Cyst,0
10061,Cyst- (3627),Cyst,0
10062,Cyst- (210),Cyst,0
10063,Cyst- (1292),Cyst,0
10064,Cyst- (2828),Cyst,0
10065,Cyst- (1538),Cyst,0
10066,Cyst- (932),Cyst,0
10067,Cyst- (593),Cyst,0
10068,Cyst- (652),Cyst,0
10069,Cyst- (3546),Cyst,0
10070,Cyst- (2805),Cyst,0
10071,Cyst- (2827),Cyst,0
10072,Cyst- (251),Cyst,0
10073,Cyst- (453),Cyst,0
10074,Cyst- (3448),Cyst,0
10075,Cyst- (341),Cyst,0
10076,Cyst- (765),Cyst,0
10077,Cyst- (1044),Cyst,0
10078,Cyst- (897),Cyst,0
10079,Cyst- (2021),Cyst,0
10080,Cyst- (1985),Cyst,0
10081,Cyst- (2329),Cyst,0
10082,Cyst- (3613),Cyst,0
10083,Cyst- (3695),Cyst,0
10084,Cyst- (1430),Cyst,0
10085,Cyst- (3388),Cyst,0
10086,Cyst- (3686),Cyst,0
10087,Cyst- (1348),Cyst,0
10088,Cyst- (3377),Cyst,0
10089,Cyst- (974),Cyst,0
10090,Cyst- (2564),Cyst,0
10091,Cyst- (384),Cyst,0
10092,Cyst- (2446),Cyst,0
10093,Cyst- (241),Cyst,0
10094,Cyst- (3456),Cyst,0
10095,Cyst- (2472),Cyst,0
10096,Cyst- (95),Cyst,0
10097,Cyst- (161),Cyst,0
10098,Cyst- (1690),Cyst,0
10099,Cyst- (1512),Cyst,0
10100,Cyst- (2023),Cyst,0
10101,Cyst- (935),Cyst,0
10102,Cyst- (502),Cyst,0
10103,Cyst- (2806),Cyst,0
10104,Cyst- (2715),Cyst,0
10105,Cyst- (684),Cyst,0
10106,Cyst- (718),Cyst,0
10107,Cyst- (1422),Cyst,0
10108,Cyst- (2352),Cyst,0
10109,Cyst- (3628),Cyst,0
10110,Cyst- (160),Cyst,0
10111,Cyst- (965),Cyst,0
10112,Cyst- (2277),Cyst,0
10113,Cyst- (285),Cyst,0
10114,Cyst- (2373),Cyst,0
10115,Cyst- (3003),Cyst,0
10116,Cyst- (3112),Cyst,0
10117,Cyst- (1545),Cyst,0
10118,Cyst- (310),Cyst,0
10119,Cyst- (2898),Cyst,0
10120,Cyst- (2056),Cyst,0
10121,Cyst- (1322),Cyst,0
10122,Cyst- (2410),Cyst,0
10123,Cyst- (3629),Cyst,0
10124,Cyst- (3220),Cyst,0
10125,Cyst- (1124),Cyst,0
10126,Cyst- (317),Cyst,0
10127,Cyst- (669),Cyst,0
10128,Cyst- (2024),Cyst,0
10129,Cyst- (1473),Cyst,0
10130,Cyst- (894),Cyst,0
10131,Cyst- (908),Cyst,0
10132,Cyst- (1441),Cyst,0
10133,Cyst- (724),Cyst,0
10134,Cyst- (2899),Cyst,0
10135,Cyst- (1932),Cyst,0
10136,Cyst- (1972),Cyst,0
10137,Cyst- (3348),Cyst,0
10138,Cyst- (3672),Cyst,0
10139,Cyst- (925),Cyst,0
10140,Cyst- (2246),Cyst,0
10141,Cyst- (1566),Cyst,0
10142,Cyst- (1324),Cyst,0
10143,Cyst- (637),Cyst,0
10144,Cyst- (2935),Cyst,0
10145,Cyst- (2736),Cyst,0
10146,Cyst- (3145),Cyst,0
10147,Cyst- (3700),Cyst,0
10148,Cyst- (1986),Cyst,0
10149,Cyst- (1425),Cyst,0
10150,Cyst- (2688),Cyst,0
10151,Cyst- (1786),Cyst,0
10152,Cyst- (3103),Cyst,0
10153,Cyst- (3684),Cyst,0
10154,Cyst- (1134),Cyst,0
10155,Cyst- (3207),Cyst,0
10156,Cyst- (2964),Cyst,0
10157,Cyst- (1051),Cyst,0
10158,Cyst- (659),Cyst,0
10159,Cyst- (1288),Cyst,0
10160,Cyst- (3661),Cyst,0
10161,Cyst- (2885),Cyst,0
10162,Cyst- (2951),Cyst,0
10163,Cyst- (740),Cyst,0
10164,Cyst- (326),Cyst,0
10165,Cyst- (1761),Cyst,0
10166,Cyst- (55),Cyst,0
10167,Cyst- (2674),Cyst,0
10168,Cyst- (2753),Cyst,0
10169,Cyst- (3591),Cyst,0
10170,Cyst- (590),Cyst,0
10171,Cyst- (253),Cyst,0
10172,Cyst- (1454),Cyst,0
10173,Cyst- (1711),Cyst,0
10174,Cyst- (944),Cyst,0
10175,Cyst- (222),Cyst,0
10176,Cyst- (1316),Cyst,0
10177,Cyst- (3179),Cyst,0
10178,Cyst- (2562),Cyst,0
10179,Cyst- (3520),Cyst,0
10180,Cyst- (3004),Cyst,0
10181,Cyst- (1608),Cyst,0
10182,Cyst- (303),Cyst,0
10183,Cyst- (1954),Cyst,0
10184,Cyst- (2931),Cyst,0
10185,Cyst- (2556),Cyst,0
10186,Cyst- (3609),Cyst,0
10187,Cyst- (2314),Cyst,0
10188,Cyst- (2158),Cyst,0
10189,Cyst- (1616),Cyst,0
10190,Cyst- (3381),Cyst,0
10191,Cyst- (3647),Cyst,0
10192,Cyst- (1704),Cyst,0
10193,Cyst- (2214),Cyst,0
10194,Cyst- (3251),Cyst,0
10195,Cyst- (2371),Cyst,0
10196,Cyst- (3601),Cyst,0
10197,Cyst- (961),Cyst,0
10198,Cyst- (433),Cyst,0
10199,Cyst- (1517),Cyst,0
10200,Cyst- (1835),Cyst,0
10201,Cyst- (1878),Cyst,0
10202,Cyst- (3173),Cyst,0
10203,Cyst- (1514),Cyst,0
10204,Cyst- (1110),Cyst,0
10205,Cyst- (1241),Cyst,0
10206,Cyst- (1452),Cyst,0
10207,Cyst- (1802),Cyst,0
10208,Cyst- (2726),Cyst,0
10209,Cyst- (914),Cyst,0
10210,Cyst- (1924),Cyst,0
10211,Cyst- (91),Cyst,0
10212,Cyst- (2172),Cyst,0
10213,Cyst- (2754),Cyst,0
10214,Cyst- (1953),Cyst,0
10215,Cyst- (1280),Cyst,0
10216,Cyst- (715),Cyst,0
10217,Cyst- (308),Cyst,0
10218,Cyst- (1014),Cyst,0
10219,Cyst- (395),Cyst,0
10220,Cyst- (3119),Cyst,0
10221,Cyst- (3087),Cyst,0
10222,Cyst- (2459),Cyst,0
10223,Cyst- (1256),Cyst,0
10224,Cyst- (2224),Cyst,0
10225,Cyst- (2165),Cyst,0
10226,Cyst- (1096),Cyst,0
10227,Cyst- (131),Cyst,0
10228,Cyst- (3479),Cyst,0
10229,Cyst- (2439),Cyst,0
10230,Cyst- (1488),Cyst,0
10231,Cyst- (806),Cyst,0
10232,Cyst- (2649),Cyst,0
10233,Cyst- (2930),Cyst,0
10234,Cyst- (1501),Cyst,0
10235,Cyst- (3709),Cyst,0
10236,Cyst- (3057),Cyst,0
10237,Cyst- (2393),Cyst,0
10238,Cyst- (1533),Cyst,0
10239,Cyst- (1054),Cyst,0
10240,Cyst- (2496),Cyst,0
10241,Cyst- (3092),Cyst,0
10242,Cyst- (2620),Cyst,0
10243,Cyst- (2124),Cyst,0
10244,Cyst- (466),Cyst,0
10245,Cyst- (727),Cyst,0
10246,Cyst- (226),Cyst,0
10247,Cyst- (568),Cyst,0
10248,Cyst- (878),Cyst,0
10249,Cyst- (3668),Cyst,0
10250,Cyst- (552),Cyst,0
10251,Cyst- (2851),Cyst,0
10252,Cyst- (3447),Cyst,0
10253,Cyst- (1408),Cyst,0
10254,Cyst- (1983),Cyst,0
10255,Cyst- (2789),Cyst,0
10256,Cyst- (1334),Cyst,0
10257,Cyst- (3436),Cyst,0
10258,Cyst- (3671),Cyst,0
10259,Cyst- (1911),Cyst,0
10260,Cyst- (1763),Cyst,0
10261,Cyst- (3055),Cyst,0
10262,Cyst- (3304),Cyst,0
10263,Cyst- (3464),Cyst,0
10264,Cyst- (1277),Cyst,0
10265,Cyst- (3509),Cyst,0
10266,Cyst- (1729),Cyst,0
10267,Cyst- (667),Cyst,0
10268,Cyst- (3443),Cyst,0
10269,Cyst- (981),Cyst,0
10270,Cyst- (3131),Cyst,0
10271,Cyst- (2886),Cyst,0
10272,Cyst- (873),Cyst,0
10273,Cyst- (1228),Cyst,0
10274,Cyst- (594),Cyst,0
10275,Cyst- (1477),Cyst,0
10276,Cyst- (3405),Cyst,0
10277,Cyst- (3386),Cyst,0
10278,Cyst- (2956),Cyst,0
10279,Cyst- (3555),Cyst,0
10280,Cyst- (2901),Cyst,0
10281,Cyst- (2392),Cyst,0
10282,Cyst- (511),Cyst,0
10283,Cyst- (2855),Cyst,0
10284,Cyst- (1479),Cyst,0
10285,Cyst- (3051),Cyst,0
10286,Cyst- (1382),Cyst,0
10287,Cyst- (3352),Cyst,0
10288,Cyst- (3205),Cyst,0
10289,Cyst- (2295),Cyst,0
10290,Cyst- (2508),Cyst,0
10291,Cyst- (598),Cyst,0
10292,Cyst- (2760),Cyst,0
10293,Cyst- (3639),Cyst,0
10294,Cyst- (828),Cyst,0
10295,Cyst- (544),Cyst,0
10296,Cyst- (2164),Cyst,0
10297,Cyst- (1148),Cyst,0
10298,Cyst- (1949),Cyst,0
10299,Cyst- (2186),Cyst,0
10300,Cyst- (3441),Cyst,0
10301,Cyst- (3265),Cyst,0
10302,Cyst- (3176),Cyst,0
10303,Cyst- (1368),Cyst,0
10304,Cyst- (1765),Cyst,0
10305,Cyst- (1592),Cyst,0
10306,Cyst- (3312),Cyst,0
10307,Cyst- (3063),Cyst,0
10308,Cyst- (3275),Cyst,0
10309,Cyst- (1086),Cyst,0
10310,Cyst- (274),Cyst,0
10311,Cyst- (452),Cyst,0
10312,Cyst- (2545),Cyst,0
10313,Cyst- (1638),Cyst,0
10314,Cyst- (870),Cyst,0
10315,Cyst- (1055),Cyst,0
10316,Cyst- (3651),Cyst,0
10317,Cyst- (771),Cyst,0
10318,Cyst- (1593),Cyst,0
10319,Cyst- (3229),Cyst,0
10320,Cyst- (1825),Cyst,0
10321,Cyst- (2414),Cyst,0
10322,Cyst- (1073),Cyst,0
10323,Cyst- (2360),Cyst,0
10324,Cyst- (1948),Cyst,0
10325,Cyst- (2557),Cyst,0
10326,Cyst- (1400),Cyst,0
10327,Cyst- (1163),Cyst,0
10328,Cyst- (1372),Cyst,0
10329,Cyst- (2530),Cyst,0
10330,Cyst- (2660),Cyst,0
10331,Cyst- (282),Cyst,0
10332,Cyst- (1222),Cyst,0
10333,Cyst- (3521),Cyst,0
10334,Cyst- (2740),Cyst,0
10335,Cyst- (886),Cyst,0
10336,Cyst- (1284),Cyst,0
10337,Cyst- (2127),Cyst,0
10338,Cyst- (1190),Cyst,0
10339,Cyst- (319),Cyst,0
10340,Cyst- (2138),Cyst,0
10341,Cyst- (2572),Cyst,0
10342,Cyst- (1912),Cyst,0
10343,Cyst- (1088),Cyst,0
10344,Cyst- (141),Cyst,0
10345,Cyst- (751),Cyst,0
10346,Cyst- (3688),Cyst,0
10347,Cyst- (2226),Cyst,0
10348,Cyst- (2203),Cyst,0
10349,Cyst- (1281),Cyst,0
10350,Cyst- (812),Cyst,0
10351,Cyst- (3278),Cyst,0
10352,Cyst- (217),Cyst,0
10353,Cyst- (184),Cyst,0
10354,Cyst- (3302),Cyst,0
10355,Cyst- (2468),Cyst,0
10356,Cyst- (1304),Cyst,0
10357,Cyst- (1708),Cyst,0
10358,Cyst- (1020),Cyst,0
10359,Cyst- (394),Cyst,0
10360,Cyst- (1550),Cyst,0
10361,Cyst- (306),Cyst,0
10362,Cyst- (3273),Cyst,0
10363,Cyst- (494),Cyst,0
10364,Cyst- (2399),Cyst,0
10365,Cyst- (164),Cyst,0
10366,Cyst- (1503),Cyst,0
10367,Cyst- (581),Cyst,0
10368,Cyst- (2610),Cyst,0
10369,Cyst- (1698),Cyst,0
10370,Cyst- (1736),Cyst,0
10371,Cyst- (1057),Cyst,0
10372,Cyst- (33),Cyst,0
10373,Cyst- (2394),Cyst,0
10374,Cyst- (641),Cyst,0
10375,Cyst- (1908),Cyst,0
10376,Cyst- (1588),Cyst,0
10377,Cyst- (2576),Cyst,0
10378,Cyst- (3349),Cyst,0
10379,Cyst- (1827),Cyst,0
10380,Cyst- (1938),Cyst,0
10381,Cyst- (2126),Cyst,0
10382,Cyst- (350),Cyst,0
10383,Cyst- (798),Cyst,0
10384,Cyst- (1940),Cyst,0
10385,Cyst- (2461),Cyst,0
10386,Cyst- (3201),Cyst,0
10387,Cyst- (410),Cyst,0
10388,Cyst- (3124),Cyst,0
10389,Cyst- (1872),Cyst,0
10390,Cyst- (2384),Cyst,0
10391,Cyst- (419),Cyst,0
10392,Cyst- (2157),Cyst,0
10393,Cyst- (2010),Cyst,0
10394,Cyst- (1803),Cyst,0
10395,Cyst- (854),Cyst,0
10396,Cyst- (2513),Cyst,0
10397,Cyst- (2161),Cyst,0
10398,Cyst- (1903),Cyst,0
10399,Cyst- (1287),Cyst,0
10400,Cyst- (324),Cyst,0
10401,Cyst- (1634),Cyst,0
10402,Cyst- (2755),Cyst,0
10403,Cyst- (956),Cyst,0
10404,Cyst- (868),Cyst,0
10405,Cyst- (2107),Cyst,0
10406,Cyst- (116),Cyst,0
10407,Cyst- (2437),Cyst,0
10408,Cyst- (2353),Cyst,0
10409,Cyst- (690),Cyst,0
10410,Cyst- (1767),Cyst,0
10411,Cyst- (3587),Cyst,0
10412,Cyst- (2988),Cyst,0
10413,Cyst- (174),Cyst,0
10414,Cyst- (1069),Cyst,0
10415,Cyst- (2585),Cyst,0
10416,Cyst- (1009),Cyst,0
10417,Cyst- (3404),Cyst,0
10418,Cyst- (856),Cyst,0
10419,Cyst- (2264),Cyst,0
10420,Cyst- (1162),Cyst,0
10421,Cyst- (2287),Cyst,0
10422,Cyst- (2770),Cyst,0
10423,Cyst- (1026),Cyst,0
10424,Cyst- (1562),Cyst,0
10425,Cyst- (3187),Cyst,0
10426,Cyst- (229),Cyst,0
10427,Cyst- (17),Cyst,0
10428,Cyst- (1332),Cyst,0
10429,Cyst- (1336),Cyst,0
10430,Cyst- (2506),Cyst,0
10431,Cyst- (2286),Cyst,0
10432,Cyst- (3367),Cyst,0
10433,Cyst- (3542),Cyst,0
10434,Cyst- (1253),Cyst,0
10435,Cyst- (3254),Cyst,0
10436,Cyst- (1224),Cyst,0
10437,Cyst- (3128),Cyst,0
10438,Cyst- (2252),Cyst,0
10439,Cyst- (2534),Cyst,0
10440,Cyst- (259),Cyst,0
10441,Cyst- (2957),Cyst,0
10442,Cyst- (1290),Cyst,0
10443,Cyst- (3),Cyst,0
10444,Cyst- (1459),Cyst,0
10445,Cyst- (3105),Cyst,0
10446,Cyst- (1173),Cyst,0
10447,Cyst- (3276),Cyst,0
10448,Cyst- (1095),Cyst,0
10449,Cyst- (3366),Cyst,0
10450,Cyst- (2155),Cyst,0
10451,Cyst- (220),Cyst,0
10452,Cyst- (1261),Cyst,0
10453,Cyst- (500),Cyst,0
10454,Cyst- (696),Cyst,0
10455,Cyst- (2517),Cyst,0
10456,Cyst- (2891),Cyst,0
10457,Cyst- (2816),Cyst,0
10458,Cyst- (617),Cyst,0
10459,Cyst- (1713),Cyst,0
10460,Cyst- (361),Cyst,0
10461,Cyst- (2547),Cyst,0
10462,Cyst- (113),Cyst,0
10463,Cyst- (2821),Cyst,0
10464,Cyst- (2737),Cyst,0
10465,Cyst- (258),Cyst,0
10466,Cyst- (1785),Cyst,0
10467,Cyst- (2815),Cyst,0
10468,Cyst- (3077),Cyst,0
10469,Cyst- (39),Cyst,0
10470,Cyst- (931),Cyst,0
10471,Cyst- (3155),Cyst,0
10472,Cyst- (1036),Cyst,0
10473,Cyst- (3665),Cyst,0
10474,Cyst- (1255),Cyst,0
10475,Cyst- (3605),Cyst,0
10476,Cyst- (2053),Cyst,0
10477,Cyst- (2236),Cyst,0
10478,Cyst- (2106),Cyst,0
10479,Cyst- (1307),Cyst,0
10480,Cyst- (2240),Cyst,0
10481,Cyst- (2859),Cyst,0
10482,Cyst- (2409),Cyst,0
10483,Cyst- (1389),Cyst,0
10484,Cyst- (1030),Cyst,0
10485,Cyst- (2163),Cyst,0
10486,Cyst- (865),Cyst,0
10487,Cyst- (1980),Cyst,0
10488,Cyst- (929),Cyst,0
10489,Cyst- (3662),Cyst,0
10490,Cyst- (281),Cyst,0
10491,Cyst- (1712),Cyst,0
10492,Cyst- (1959),Cyst,0
10493,Cyst- (2711),Cyst,0
10494,Cyst- (976),Cyst,0
10495,Cyst- (1152),Cyst,0
10496,Cyst- (2071),Cyst,0
10497,Cyst- (1570),Cyst,0
10498,Cyst- (3283),Cyst,0
10499,Cyst- (293),Cyst,0
10500,Cyst- (2795),Cyst,0
10501,Cyst- (1815),Cyst,0
10502,Cyst- (1709),Cyst,0
10503,Cyst- (3361),Cyst,0
10504,Cyst- (2265),Cyst,0
10505,Cyst- (3632),Cyst,0
10506,Cyst- (1936),Cyst,0
10507,Cyst- (2917),Cyst,0
10508,Cyst- (1232),Cyst,0
10509,Cyst- (2205),Cyst,0
10510,Cyst- (3578),Cyst,0
10511,Cyst- (2001),Cyst,0
10512,Cyst- (768),Cyst,0
10513,Cyst- (1673),Cyst,0
10514,Cyst- (682),Cyst,0
10515,Cyst- (3313),Cyst,0
10516,Cyst- (2819),Cyst,0
10517,Cyst- (2016),Cyst,0
10518,Cyst- (883),Cyst,0
10519,Cyst- (2764),Cyst,0
10520,Cyst- (3452),Cyst,0
10521,Cyst- (1374),Cyst,0
10522,Cyst- (1235),Cyst,0
10523,Cyst- (1714),Cyst,0
10524,Cyst- (2743),Cyst,0
10525,Cyst- (3574),Cyst,0
10526,Cyst- (712),Cyst,0
10527,Cyst- (1165),Cyst,0
10528,Cyst- (1260),Cyst,0
10529,Cyst- (666),Cyst,0
10530,Cyst- (2858),Cyst,0
10531,Cyst- (597),Cyst,0
10532,Cyst- (3277),Cyst,0
10533,Cyst- (872),Cyst,0
10534,Cyst- (549),Cyst,0
10535,Cyst- (2514),Cyst,0
10536,Cyst- (1114),Cyst,0
10537,Cyst- (2307),Cyst,0
10538,Cyst- (2579),Cyst,0
10539,Cyst- (92),Cyst,0
10540,Cyst- (2661),Cyst,0
10541,Cyst- (3543),Cyst,0
10542,Cyst- (2960),Cyst,0
10543,Cyst- (1015),Cyst,0
10544,Cyst- (889),Cyst,0
10545,Cyst- (3692),Cyst,0
10546,Cyst- (517),Cyst,0
10547,Cyst- (3241),Cyst,0
10548,Cyst- (1892),Cyst,0
10549,Cyst- (3297),Cyst,0
10550,Cyst- (2611),Cyst,0
10551,Cyst- (1186),Cyst,0
10552,Cyst- (2421),Cyst,0
10553,Cyst- (1576),Cyst,0
10554,Cyst- (880),Cyst,0
10555,Cyst- (163),Cyst,0
10556,Cyst- (1950),Cyst,0
10557,Cyst- (2333),Cyst,0
10558,Cyst- (1719),Cyst,0
10559,Cyst- (2453),Cyst,0
10560,Cyst- (726),Cyst,0
10561,Cyst- (557),Cyst,0
10562,Cyst- (1398),Cyst,0
10563,Cyst- (2183),Cyst,0
10564,Cyst- (573),Cyst,0
10565,Cyst- (2871),Cyst,0
10566,Cyst- (1551),Cyst,0
10567,Cyst- (3414),Cyst,0
10568,Cyst- (352),Cyst,0
10569,Cyst- (681),Cyst,0
10570,Cyst- (757),Cyst,0
10571,Cyst- (673),Cyst,0
10572,Cyst- (225),Cyst,0
10573,Cyst- (957),Cyst,0
10574,Cyst- (540),Cyst,0
10575,Cyst- (2359),Cyst,0
10576,Cyst- (824),Cyst,0
10577,Cyst- (3189),Cyst,0
10578,Cyst- (2343),Cyst,0
10579,Cyst- (3469),Cyst,0
10580,Cyst- (228),Cyst,0
10581,Cyst- (1432),Cyst,0
10582,Cyst- (1623),Cyst,0
10583,Cyst- (1643),Cyst,0
10584,Cyst- (1619),Cyst,0
10585,Cyst- (1274),Cyst,0
10586,Cyst- (2592),Cyst,0
10587,Cyst- (1677),Cyst,0
10588,Cyst- (1172),Cyst,0
10589,Cyst- (1543),Cyst,0
10590,Cyst- (2041),Cyst,0
10591,Cyst- (1384),Cyst,0
10592,Cyst- (3397),Cyst,0
10593,Cyst- (949),Cyst,0
10594,Cyst- (120),Cyst,0
10595,Cyst- (359),Cyst,0
10596,Cyst- (1572),Cyst,0
10597,Cyst- (2787),Cyst,0
10598,Cyst- (655),Cyst,0
10599,Cyst- (1653),Cyst,0
10600,Cyst- (1682),Cyst,0
10601,Cyst- (1520),Cyst,0
10602,Cyst- (3354),Cyst,0
10603,Cyst- (3689),Cyst,0
10604,Cyst- (3330),Cyst,0
10605,Cyst- (3516),Cyst,0
10606,Cyst- (1027),Cyst,0
10607,Cyst- (1351),Cyst,0
10608,Cyst- (485),Cyst,0
10609,Cyst- (461),Cyst,0
10610,Cyst- (2921),Cyst,0
10611,Cyst- (320),Cyst,0
10612,Cyst- (203),Cyst,0
10613,Cyst- (2664),Cyst,0
10614,Cyst- (3180),Cyst,0
10615,Cyst- (1215),Cyst,0
10616,Cyst- (1355),Cyst,0
10617,Cyst- (1325),Cyst,0
10618,Cyst- (2622),Cyst,0
10619,Cyst- (2916),Cyst,0
10620,Cyst- (459),Cyst,0
10621,Cyst- (2391),Cyst,0
10622,Cyst- (273),Cyst,0
10623,Cyst- (1318),Cyst,0
10624,Cyst- (3442),Cyst,0
10625,Cyst- (2322),Cyst,0
10626,Cyst- (1279),Cyst,0
10627,Cyst- (77),Cyst,0
10628,Cyst- (1939),Cyst,0
10629,Cyst- (3556),Cyst,0
10630,Cyst- (2651),Cyst,0
10631,Cyst- (3097),Cyst,0
10632,Cyst- (3533),Cyst,0
10633,Cyst- (1035),Cyst,0
10634,Cyst- (1380),Cyst,0
10635,Cyst- (2929),Cyst,0
10636,Cyst- (1189),Cyst,0
10637,Cyst- (1101),Cyst,0
10638,Cyst- (398),Cyst,0
10639,Cyst- (1934),Cyst,0
10640,Cyst- (2057),Cyst,0
10641,Cyst- (1212),Cyst,0
10642,Cyst- (1686),Cyst,0
10643,Cyst- (922),Cyst,0
10644,Cyst- (2109),Cyst,0
10645,Cyst- (1308),Cyst,0
10646,Cyst- (2757),Cyst,0
10647,Cyst- (2466),Cyst,0
10648,Cyst- (256),Cyst,0
10649,Cyst- (167),Cyst,0
10650,Cyst- (1302),Cyst,0
10651,Cyst- (1833),Cyst,0
10652,Cyst- (2970),Cyst,0
10653,Cyst- (1499),Cyst,0
10654,Cyst- (2242),Cyst,0
10655,Cyst- (862),Cyst,0
10656,Cyst- (845),Cyst,0
10657,Cyst- (542),Cyst,0
10658,Cyst- (1809),Cyst,0
10659,Cyst- (2362),Cyst,0
10660,Cyst- (1470),Cyst,0
10661,Cyst- (2927),Cyst,0
10662,Cyst- (1218),Cyst,0
10663,Cyst- (1994),Cyst,0
10664,Cyst- (3347),Cyst,0
10665,Cyst- (941),Cyst,0
10666,Cyst- (2443),Cyst,0
10667,Cyst- (1127),Cyst,0
10668,Cyst- (791),Cyst,0
10669,Cyst- (1655),Cyst,0
10670,Cyst- (3637),Cyst,0
10671,Cyst- (3439),Cyst,0
10672,Cyst- (1951),Cyst,0
10673,Cyst- (3288),Cyst,0
10674,Cyst- (924),Cyst,0
10675,Cyst- (1718),Cyst,0
10676,Cyst- (2159),Cyst,0
10677,Cyst- (2528),Cyst,0
10678,Cyst- (895),Cyst,0
10679,Cyst- (207),Cyst,0
10680,Cyst- (1192),Cyst,0
10681,Cyst- (2418),Cyst,0
10682,Cyst- (2292),Cyst,0
10683,Cyst- (235),Cyst,0
10684,Cyst- (625),Cyst,0
10685,Cyst- (991),Cyst,0
10686,Cyst- (848),Cyst,0
10687,Cyst- (2137),Cyst,0
10688,Cyst- (3606),Cyst,0
10689,Cyst- (1862),Cyst,0
10690,Cyst- (1920),Cyst,0
10691,Cyst- (701),Cyst,0
10692,Cyst- (1699),Cyst,0
10693,Cyst- (2706),Cyst,0
10694,Cyst- (3174),Cyst,0
10695,Cyst- (2031),Cyst,0
10696,Cyst- (994),Cyst,0
10697,Cyst- (2729),Cyst,0
10698,Cyst- (978),Cyst,0
10699,Cyst- (2852),Cyst,0
10700,Cyst- (1563),Cyst,0
10701,Cyst- (1184),Cyst,0
10702,Cyst- (1230),Cyst,0
10703,Cyst- (2245),Cyst,0
10704,Cyst- (2503),Cyst,0
10705,Cyst- (3346),Cyst,0
10706,Cyst- (2565),Cyst,0
10707,Cyst- (26),Cyst,0
10708,Cyst- (1003),Cyst,0
10709,Cyst- (110),Cyst,0
10710,Cyst- (508),Cyst,0
10711,Cyst- (2906),Cyst,0
10712,Cyst- (2814),Cyst,0
10713,Cyst- (564),Cyst,0
10714,Cyst- (1153),Cyst,0
10715,Cyst- (237),Cyst,0
10716,Cyst- (2695),Cyst,0
10717,Cyst- (2489),Cyst,0
10718,Cyst- (606),Cyst,0
10719,Cyst- (2712),Cyst,0
10720,Cyst- (1251),Cyst,0
10721,Cyst- (630),Cyst,0
10722,Cyst- (1410),Cyst,0
10723,Cyst- (2280),Cyst,0
10724,Cyst- (3104),Cyst,0
10725,Cyst- (680),Cyst,0
10726,Cyst- (1221),Cyst,0
10727,Cyst- (305),Cyst,0
10728,Cyst- (2650),Cyst,0
10729,Cyst- (635),Cyst,0
10730,Cyst- (2365),Cyst,0
10731,Cyst- (3016),Cyst,0
10732,Cyst- (654),Cyst,0
10733,Cyst- (3259),Cyst,0
10734,Cyst- (2032),Cyst,0
10735,Cyst- (1092),Cyst,0
10736,Cyst- (1240),Cyst,0
10737,Cyst- (2476),Cyst,0
10738,Cyst- (2494),Cyst,0
10739,Cyst- (2563),Cyst,0
10740,Cyst- (907),Cyst,0
10741,Cyst- (2995),Cyst,0
10742,Cyst- (3263),Cyst,0
10743,Cyst- (1742),Cyst,0
10744,Cyst- (1350),Cyst,0
10745,Cyst- (3222),Cyst,0
10746,Cyst- (1587),Cyst,0
10747,Cyst- (788),Cyst,0
10748,Cyst- (3289),Cyst,0
10749,Cyst- (3127),Cyst,0
10750,Cyst- (1045),Cyst,0
10751,Cyst- (2989),Cyst,0
10752,Cyst- (3422),Cyst,0
10753,Cyst- (2573),Cyst,0
10754,Cyst- (3053),Cyst,0
10755,Cyst- (3522),Cyst,0
10756,Cyst- (753),Cyst,0
10757,Cyst- (3012),Cyst,0
10758,Cyst- (2336),Cyst,0
10759,Cyst- (1764),Cyst,0
10760,Cyst- (2882),Cyst,0
10761,Cyst- (1497),Cyst,0
10762,Cyst- (3541),Cyst,0
10763,Cyst- (1062),Cyst,0
10764,Cyst- (344),Cyst,0
10765,Cyst- (3237),Cyst,0
10766,Cyst- (492),Cyst,0
10767,Cyst- (51),Cyst,0
10768,Cyst- (2209),Cyst,0
10769,Cyst- (2893),Cyst,0
10770,Cyst- (999),Cyst,0
10771,Cyst- (3351),Cyst,0
10772,Cyst- (3156),Cyst,0
10773,Cyst- (928),Cyst,0
10774,Cyst- (3562),Cyst,0
10775,Cyst- (3005),Cyst,0
10776,Cyst- (3614),Cyst,0
10777,Cyst- (3172),Cyst,0
10778,Cyst- (2390),Cyst,0
10779,Cyst- (2430),Cyst,0
10780,Cyst- (2221),Cyst,0
10781,Cyst- (3335),Cyst,0
10782,Cyst- (615),Cyst,0
10783,Cyst- (1123),Cyst,0
10784,Cyst- (3483),Cyst,0
10785,Cyst- (3281),Cyst,0
10786,Cyst- (2752),Cyst,0
10787,Cyst- (661),Cyst,0
10788,Cyst- (1428),Cyst,0
10789,Cyst- (2683),Cyst,0
10790,Cyst- (2884),Cyst,0
10791,Cyst- (2395),Cyst,0
10792,Cyst- (2656),Cyst,0
10793,Cyst- (3308),Cyst,0
10794,Cyst- (1672),Cyst,0
10795,Cyst- (2082),Cyst,0
10796,Cyst- (988),Cyst,0
10797,Cyst- (1295),Cyst,0
10798,Cyst- (254),Cyst,0
10799,Cyst- (3154),Cyst,0
10800,Cyst- (1679),Cyst,0
10801,Cyst- (934),Cyst,0
10802,Cyst- (2477),Cyst,0
10803,Cyst- (1254),Cyst,0
10804,Cyst- (1880),Cyst,0
10805,Cyst- (3282),Cyst,0
10806,Cyst- (1554),Cyst,0
10807,Cyst- (1151),Cyst,0
10808,Cyst- (1436),Cyst,0
10809,Cyst- (1257),Cyst,0
10810,Cyst- (3602),Cyst,0
10811,Cyst- (589),Cyst,0
10812,Cyst- (879),Cyst,0
10813,Cyst- (312),Cyst,0
10814,Cyst- (3217),Cyst,0
10815,Cyst- (3507),Cyst,0
10816,Cyst- (3515),Cyst,0
10817,Cyst- (561),Cyst,0
10818,Cyst- (763),Cyst,0
10819,Cyst- (60),Cyst,0
10820,Cyst- (3081),Cyst,0
10821,Cyst- (432),Cyst,0
10822,Cyst- (1128),Cyst,0
10823,Cyst- (496),Cyst,0
10824,Cyst- (2201),Cyst,0
10825,Cyst- (1571),Cyst,0
10826,Cyst- (2785),Cyst,0
10827,Cyst- (2642),Cyst,0
10828,Cyst- (1777),Cyst,0
10829,Cyst- (736),Cyst,0
10830,Cyst- (178),Cyst,0
10831,Cyst- (176),Cyst,0
10832,Cyst- (1202),Cyst,0
10833,Cyst- (358),Cyst,0
10834,Cyst- (851),Cyst,0
10835,Cyst- (114),Cyst,0
10836,Cyst- (2327),Cyst,0
10837,Cyst- (2136),Cyst,0
10838,Cyst- (535),Cyst,0
10839,Cyst- (2147),Cyst,0
10840,Cyst- (840),Cyst,0
10841,Cyst- (1674),Cyst,0
10842,Cyst- (660),Cyst,0
10843,Cyst- (1358),Cyst,0
10844,Cyst- (128),Cyst,0
10845,Cyst- (2937),Cyst,0
10846,Cyst- (2308),Cyst,0
10847,Cyst- (2233),Cyst,0
10848,Cyst- (3451),Cyst,0
10849,Cyst- (2841),Cyst,0
10850,Cyst- (3449),Cyst,0
10851,Cyst- (996),Cyst,0
10852,Cyst- (250),Cyst,0
10853,Cyst- (255),Cyst,0
10854,Cyst- (291),Cyst,0
10855,Cyst- (111),Cyst,0
10856,Cyst- (2000),Cyst,0
10857,Cyst- (140),Cyst,0
10858,Cyst- (1296),Cyst,0
10859,Cyst- (2747),Cyst,0
10860,Cyst- (391),Cyst,0
10861,Cyst- (3343),Cyst,0
10862,Cyst- (1539),Cyst,0
10863,Cyst- (871),Cyst,0
10864,Cyst- (2499),Cyst,0
10865,Cyst- (1707),Cyst,0
10866,Cyst- (261),Cyst,0
10867,Cyst- (3503),Cyst,0
10868,Cyst- (3575),Cyst,0
10869,Cyst- (1203),Cyst,0
10870,Cyst- (773),Cyst,0
10871,Cyst- (2724),Cyst,0
10872,Cyst- (2331),Cyst,0
10873,Cyst- (1753),Cyst,0
10874,Cyst- (2853),Cyst,0
10875,Cyst- (1749),Cyst,0
10876,Cyst- (470),Cyst,0
10877,Cyst- (1132),Cyst,0
10878,Cyst- (2773),Cyst,0
10879,Cyst- (3230),Cyst,0
10880,Cyst- (2691),Cyst,0
10881,Cyst- (3528),Cyst,0
10882,Cyst- (714),Cyst,0
10883,Cyst- (3603),Cyst,0
10884,Cyst- (216),Cyst,0
10885,Cyst- (1915),Cyst,0
10886,Cyst- (1118),Cyst,0
10887,Cyst- (3094),Cyst,0
10888,Cyst- (3636),Cyst,0
10889,Cyst- (1603),Cyst,0
10890,Cyst- (905),Cyst,0
10891,Cyst- (2230),Cyst,0
10892,Cyst- (2367),Cyst,0
10893,Cyst- (246),Cyst,0
10894,Cyst- (1678),Cyst,0
10895,Cyst- (1874),Cyst,0
10896,Cyst- (1183),Cyst,0
10897,Cyst- (2412),Cyst,0
10898,Cyst- (2019),Cyst,0
10899,Cyst- (3424),Cyst,0
10900,Cyst- (1757),Cyst,0
10901,Cyst- (2863),Cyst,0
10902,Cyst- (3393),Cyst,0
10903,Cyst- (808),Cyst,0
10904,Cyst- (3566),Cyst,0
10905,Cyst- (3379),Cyst,0
10906,Cyst- (2646),Cyst,0
10907,Cyst- (3151),Cyst,0
10908,Cyst- (588),Cyst,0
10909,Cyst- (2375),Cyst,0
10910,Cyst- (2904),Cyst,0
10911,Cyst- (3299),Cyst,0
10912,Cyst- (402),Cyst,0
10913,Cyst- (1662),Cyst,0
10914,Cyst- (2802),Cyst,0
10915,Cyst- (671),Cyst,0
10916,Cyst- (1762),Cyst,0
10917,Cyst- (340),Cyst,0
10918,Cyst- (792),Cyst,0
10919,Cyst- (487),Cyst,0
10920,Cyst- (1056),Cyst,0
10921,Cyst- (268),Cyst,0
10922,Cyst- (2925),Cyst,0
10923,Cyst- (2739),Cyst,0
10924,Cyst- (1456),Cyst,0
10925,Cyst- (442),Cyst,0
10926,Cyst- (3552),Cyst,0
10927,Cyst- (3054),Cyst,0
10928,Cyst- (533),Cyst,0
10929,Cyst- (99),Cyst,0
10930,Cyst- (2444),Cyst,0
10931,Cyst- (3705),Cyst,0
10932,Cyst- (2229),Cyst,0
10933,Cyst- (3011),Cyst,0
10934,Cyst- (3580),Cyst,0
10935,Cyst- (2639),Cyst,0
10936,Cyst- (1100),Cyst,0
10937,Cyst- (1182),Cyst,0
10938,Cyst- (2154),Cyst,0
10939,Cyst- (488),Cyst,0
10940,Cyst- (859),Cyst,0
10941,Cyst- (1931),Cyst,0
10942,Cyst- (397),Cyst,0
10943,Cyst- (1122),Cyst,0
10944,Cyst- (2465),Cyst,0
10945,Cyst- (2424),Cyst,0
10946,Cyst- (2603),Cyst,0
10947,Cyst- (2914),Cyst,0
10948,Cyst- (2387),Cyst,0
10949,Cyst- (1413),Cyst,0
10950,Cyst- (3416),Cyst,0
10951,Cyst- (1555),Cyst,0
10952,Cyst- (998),Cyst,0
10953,Cyst- (1466),Cyst,0
10954,Cyst- (3360),Cyst,0
10955,Cyst- (1345),Cyst,0
10956,Cyst- (1775),Cyst,0
10957,Cyst- (2553),Cyst,0
10958,Cyst- (3089),Cyst,0
10959,Cyst- (221),Cyst,0
10960,Cyst- (2874),Cyst,0
10961,Cyst- (1258),Cyst,0
10962,Cyst- (2341),Cyst,0
10963,Cyst- (150),Cyst,0
10964,Cyst- (746),Cyst,0
10965,Cyst- (1946),Cyst,0
10966,Cyst- (2025),Cyst,0
10967,Cyst- (1207),Cyst,0
10968,Cyst- (393),Cyst,0
10969,Cyst- (574),Cyst,0
10970,Cyst- (3459),Cyst,0
10971,Cyst- (869),Cyst,0
10972,Cyst- (1111),Cyst,0
10973,Cyst- (200),Cyst,0
10974,Cyst- (850),Cyst,0
10975,Cyst- (1129),Cyst,0
10976,Cyst- (565),Cyst,0
10977,Cyst- (2422),Cyst,0
10978,Cyst- (950),Cyst,0
10979,Cyst- (3355),Cyst,0
10980,Cyst- (3192),Cyst,0
10981,Cyst- (1461),Cyst,0
10982,Cyst- (3694),Cyst,0
10983,Cyst- (198),Cyst,0
10984,Cyst- (1491),Cyst,0
10985,Cyst- (3017),Cyst,0
10986,Cyst- (3090),Cyst,0
10987,Cyst- (916),Cyst,0
10988,Cyst- (1506),Cyst,0
10989,Cyst- (2002),Cyst,0
10990,Cyst- (1085),Cyst,0
10991,Cyst- (2398),Cyst,0
10992,Cyst- (2210),Cyst,0
10993,Cyst- (2939),Cyst,0
10994,Cyst- (2291),Cyst,0
10995,Cyst- (1017),Cyst,0
10996,Cyst- (1068),Cyst,0
10997,Cyst- (2193),Cyst,0
10998,Cyst- (2008),Cyst,0
10999,Cyst- (1467),Cyst,0
11000,Cyst- (2835),Cyst,0
11001,Cyst- (1469),Cyst,0
11002,Cyst- (2594),Cyst,0
11003,Cyst- (2662),Cyst,0
11004,Cyst- (2413),Cyst,0
11005,Cyst- (2061),Cyst,0
11006,Cyst- (1574),Cyst,0
11007,Cyst- (2122),Cyst,0
11008,Cyst- (923),Cyst,0
11009,Cyst- (2017),Cyst,0
11010,Cyst- (1478),Cyst,0
11011,Cyst- (2550),Cyst,0
11012,Cyst- (1276),Cyst,0
11013,Cyst- (2218),Cyst,0
11014,Cyst- (2434),Cyst,0
11015,Cyst- (3062),Cyst,0
11016,Cyst- (1604),Cyst,0
11017,Cyst- (572),Cyst,0
11018,Cyst- (401),Cyst,0
11019,Cyst- (103),Cyst,0
11020,Cyst- (1188),Cyst,0
11021,Cyst- (1486),Cyst,0
11022,Cyst- (2539),Cyst,0
11023,Cyst- (1310),Cyst,0
11024,Cyst- (2290),Cyst,0
11025,Cyst- (946),Cyst,0
11026,Cyst- (2188),Cyst,0
11027,Cyst- (2810),Cyst,0
11028,Cyst- (460),Cyst,0
11029,Cyst- (3403),Cyst,0
11030,Cyst- (1293),Cyst,0
11031,Cyst- (478),Cyst,0
11032,Cyst- (2559),Cyst,0
11033,Cyst- (3682),Cyst,0
11034,Cyst- (1361),Cyst,0
11035,Cyst- (2680),Cyst,0
11036,Cyst- (3116),Cyst,0
11037,Cyst- (284),Cyst,0
11038,Cyst- (213),Cyst,0
11039,Cyst- (2441),Cyst,0
11040,Cyst- (3235),Cyst,0
11041,Cyst- (510),Cyst,0
11042,Cyst- (1047),Cyst,0
11043,Cyst- (1185),Cyst,0
11044,Cyst- (1394),Cyst,0
11045,Cyst- (1198),Cyst,0
11046,Cyst- (2231),Cyst,0
11047,Cyst- (2744),Cyst,0
11048,Cyst- (2892),Cyst,0
11049,Cyst- (3249),Cyst,0
11050,Cyst- (2880),Cyst,0
11051,Cyst- (1195),Cyst,0
11052,Cyst- (2055),Cyst,0
11053,Cyst- (2838),Cyst,0
11054,Cyst- (2971),Cyst,0
11055,Cyst- (3595),Cyst,0
11056,Cyst- (3430),Cyst,0
11057,Cyst- (2635),Cyst,0
11058,Cyst- (2184),Cyst,0
11059,Cyst- (2162),Cyst,0
11060,Cyst- (417),Cyst,0
11061,Cyst- (428),Cyst,0
11062,Cyst- (1155),Cyst,0
11063,Cyst- (3250),Cyst,0
11064,Cyst- (836),Cyst,0
11065,Cyst- (3488),Cyst,0
11066,Cyst- (1450),Cyst,0
11067,Cyst- (1607),Cyst,0
11068,Cyst- (2511),Cyst,0
11069,Cyst- (604),Cyst,0
11070,Cyst- (800),Cyst,0
11071,Cyst- (2469),Cyst,0
11072,Cyst- (1167),Cyst,0
11073,Cyst- (390),Cyst,0
11074,Cyst- (46),Cyst,0
11075,Cyst- (2616),Cyst,0
11076,Cyst- (2227),Cyst,0
11077,Cyst- (2425),Cyst,0
11078,Cyst- (168),Cyst,0
11079,Cyst- (2304),Cyst,0
11080,Cyst- (2623),Cyst,0
11081,Cyst- (2700),Cyst,0
11082,Cyst- (550),Cyst,0
11083,Cyst- (456),Cyst,0
11084,Cyst- (2397),Cyst,0
11085,Cyst- (2261),Cyst,0
11086,Cyst- (493),Cyst,0
11087,Cyst- (1445),Cyst,0
11088,Cyst- (1831),Cyst,0
11089,Cyst- (193),Cyst,0
11090,Cyst- (2216),Cyst,0
11091,Cyst- (464),Cyst,0
11092,Cyst- (2113),Cyst,0
11093,Cyst- (1885),Cyst,0
11094,Cyst- (1805),Cyst,0
11095,Cyst- (2626),Cyst,0
11096,Cyst- (2895),Cyst,0
11097,Cyst- (3295),Cyst,0
11098,Cyst- (2583),Cyst,0
11099,Cyst- (730),Cyst,0
11100,Cyst- (638),Cyst,0
11101,Cyst- (2817),Cyst,0
11102,Cyst- (1433),Cyst,0
11103,Cyst- (2249),Cyst,0
11104,Cyst- (1416),Cyst,0
11105,Cyst- (2975),Cyst,0
11106,Cyst- (2615),Cyst,0
11107,Cyst- (1534),Cyst,0
11108,Cyst- (2303),Cyst,0
11109,Cyst- (1622),Cyst,0
11110,Cyst- (3048),Cyst,0
11111,Cyst- (1121),Cyst,0
11112,Cyst- (1312),Cyst,0
11113,Cyst- (1177),Cyst,0
11114,Cyst- (483),Cyst,0
11115,Cyst- (748),Cyst,0
11116,Cyst- (2598),Cyst,0
11117,Cyst- (2722),Cyst,0
11118,Cyst- (104),Cyst,0
11119,Cyst- (1781),Cyst,0
11120,Cyst- (1209),Cyst,0
11121,Cyst- (2953),Cyst,0
11122,Cyst- (3141),Cyst,0
11123,Cyst- (728),Cyst,0
11124,Cyst- (2132),Cyst,0
11125,Cyst- (585),Cyst,0
11126,Cyst- (523),Cyst,0
11127,Cyst- (1071),Cyst,0
11128,Cyst- (1475),Cyst,0
11129,Cyst- (3502),Cyst,0
11130,Cyst- (1873),Cyst,0
11131,Cyst- (3706),Cyst,0
11132,Cyst- (2438),Cyst,0
11133,Cyst- (1917),Cyst,0
11134,Cyst- (1244),Cyst,0
11135,Cyst- (2538),Cyst,0
11136,Cyst- (2237),Cyst,0
11137,Cyst- (3033),Cyst,0
11138,Cyst- (967),Cyst,0
11139,Cyst- (1247),Cyst,0
11140,Cyst- (799),Cyst,0
11141,Cyst- (2087),Cyst,0
11142,Cyst- (2272),Cyst,0
11143,Cyst- (117),Cyst,0
11144,Cyst- (1909),Cyst,0
11145,Cyst- (986),Cyst,0
11146,Cyst- (181),Cyst,0
11147,Cyst- (112),Cyst,0
11148,Cyst- (1317),Cyst,0
11149,Cyst- (3604),Cyst,0
11150,Cyst- (1046),Cyst,0
11151,Cyst- (1102),Cyst,0
11152,Cyst- (2301),Cyst,0
11153,Cyst- (3588),Cyst,0
11154,Cyst- (2756),Cyst,0
11155,Cyst- (1405),Cyst,0
11156,Cyst- (857),Cyst,0
11157,Cyst- (2449),Cyst,0
11158,Cyst- (3045),Cyst,0
11159,Cyst- (1966),Cyst,0
11160,Cyst- (1006),Cyst,0
11161,Cyst- (439),Cyst,0
11162,Cyst- (2256),Cyst,0
11163,Cyst- (1583),Cyst,0
11164,Cyst- (1826),Cyst,0
11165,Cyst- (1849),Cyst,0
11166,Cyst- (874),Cyst,0
11167,Cyst- (2151),Cyst,0
11168,Cyst- (1038),Cyst,0
11169,Cyst- (2969),Cyst,0
11170,Cyst- (1530),Cyst,0
11171,Cyst- (1585),Cyst,0
11172,Cyst- (424),Cyst,0
11173,Cyst- (3549),Cyst,0
11174,Cyst- (1565),Cyst,0
11175,Cyst- (2923),Cyst,0
11176,Cyst- (2389),Cyst,0
11177,Cyst- (3247),Cyst,0
11178,Cyst- (3310),Cyst,0
11179,Cyst- (2698),Cyst,0
11180,Cyst- (729),Cyst,0
11181,Cyst- (618),Cyst,0
11182,Cyst- (441),Cyst,0
11183,Cyst- (3031),Cyst,0
11184,Cyst- (1375),Cyst,0
11185,Cyst- (989),Cyst,0
11186,Cyst- (2519),Cyst,0
11187,Cyst- (1032),Cyst,0
11188,Cyst- (1599),Cyst,0
11189,Cyst- (1448),Cyst,0
11190,Cyst- (1363),Cyst,0
11191,Cyst- (917),Cyst,0
11192,Cyst- (1259),Cyst,0
11193,Cyst- (3147),Cyst,0
11194,Cyst- (514),Cyst,0
11195,Cyst- (921),Cyst,0
11196,Cyst- (1899),Cyst,0
11197,Cyst- (266),Cyst,0
11198,Cyst- (2474),Cyst,0
11199,Cyst- (238),Cyst,0
11200,Cyst- (3564),Cyst,0
11201,Cyst- (2887),Cyst,0
11202,Cyst- (1745),Cyst,0
11203,Cyst- (215),Cyst,0
11204,Cyst- (2004),Cyst,0
11205,Cyst- (2686),Cyst,0
11206,Cyst- (3634),Cyst,0
11207,Cyst- (2993),Cyst,0
11208,Cyst- (693),Cyst,0
11209,Cyst- (1784),Cyst,0
11210,Cyst- (3140),Cyst,0
11211,Cyst- (547),Cyst,0
11212,Cyst- (2339),Cyst,0
11213,Cyst- (2581),Cyst,0
11214,Cyst- (1759),Cyst,0
11215,Cyst- (683),Cyst,0
11216,Cyst- (786),Cyst,0
11217,Cyst- (1097),Cyst,0
11218,Cyst- (3303),Cyst,0
11219,Cyst- (1409),Cyst,0
11220,Cyst- (2085),Cyst,0
11221,Cyst- (1877),Cyst,0
11222,Cyst- (2283),Cyst,0
11223,Cyst- (2920),Cyst,0
11224,Cyst- (643),Cyst,0
11225,Cyst- (1851),Cyst,0
11226,Cyst- (709),Cyst,0
11227,Cyst- (357),Cyst,0
11228,Cyst- (2312),Cyst,0
11229,Cyst- (1125),Cyst,0
11230,Cyst- (2781),Cyst,0
11231,Cyst- (1644),Cyst,0
11232,Cyst- (2703),Cyst,0
11233,Cyst- (2908),Cyst,0
11234,Cyst- (377),Cyst,0
11235,Cyst- (2285),Cyst,0
11236,Cyst- (1483),Cyst,0
11237,Cyst- (2452),Cyst,0
11238,Cyst- (1755),Cyst,0
11239,Cyst- (1434),Cyst,0
11240,Cyst- (613),Cyst,0
11241,Cyst- (375),Cyst,0
11242,Cyst- (2492),Cyst,0
11243,Cyst- (665),Cyst,0
11244,Cyst- (201),Cyst,0
11245,Cyst- (2211),Cyst,0
11246,Cyst- (725),Cyst,0
11247,Cyst- (2529),Cyst,0
11248,Cyst- (743),Cyst,0
11249,Cyst- (78),Cyst,0
11250,Cyst- (1237),Cyst,0
11251,Cyst- (2762),Cyst,0
11252,Cyst- (3643),Cyst,0
11253,Cyst- (674),Cyst,0
11254,Cyst- (2783),Cyst,0
11255,Cyst- (1746),Cyst,0
11256,Cyst- (2644),Cyst,0
11257,Cyst- (829),Cyst,0
11258,Cyst- (1144),Cyst,0
11259,Cyst- (3599),Cyst,0
11260,Cyst- (1099),Cyst,0
11261,Cyst- (744),Cyst,0
11262,Cyst- (2433),Cyst,0
11263,Cyst- (2846),Cyst,0
11264,Cyst- (2860),Cyst,0
11265,Cyst- (3690),Cyst,0
11266,Cyst- (2232),Cyst,0
11267,Cyst- (40),Cyst,0
11268,Cyst- (559),Cyst,0
11269,Cyst- (968),Cyst,0
11270,Cyst- (926),Cyst,0
11271,Cyst- (2512),Cyst,0
11272,Cyst- (3008),Cyst,0
11273,Cyst- (2761),Cyst,0
11274,Cyst- (2857),Cyst,0
11275,Cyst- (1226),Cyst,0
11276,Cyst- (2482),Cyst,0
11277,Cyst- (3363),Cyst,0
11278,Cyst- (834),Cyst,0
11279,Cyst- (3553),Cyst,0
11280,Cyst- (2118),Cyst,0
11281,Cyst- (2278),Cyst,0
11282,Cyst- (1743),Cyst,0
11283,Cyst- (3548),Cyst,0
11284,Cyst- (2717),Cyst,0
11285,Cyst- (835),Cyst,0
11286,Cyst- (2405),Cyst,0
11287,Cyst- (2079),Cyst,0
11288,Cyst- (1272),Cyst,0
11289,Cyst- (2881),Cyst,0
11290,Cyst- (1620),Cyst,0
11291,Cyst- (2952),Cyst,0
11292,Cyst- (2382),Cyst,0
11293,Cyst- (3657),Cyst,0
11294,Cyst- (2590),Cyst,0
11295,Cyst- (1390),Cyst,0
11296,Cyst- (940),Cyst,0
11297,Cyst- (3125),Cyst,0
11298,Cyst- (1484),Cyst,0
11299,Cyst- (37),Cyst,0
11300,Cyst- (2426),Cyst,0
11301,Cyst- (3163),Cyst,0
11302,Cyst- (437),Cyst,0
11303,Cyst- (3225),Cyst,0
11304,Cyst- (846),Cyst,0
11305,Cyst- (3531),Cyst,0
11306,Cyst- (843),Cyst,0
11307,Cyst- (2883),Cyst,0
11308,Cyst- (2636),Cyst,0
11309,Cyst- (264),Cyst,0
11310,Cyst- (272),Cyst,0
11311,Cyst- (2049),Cyst,0
11312,Cyst- (1197),Cyst,0
11313,Cyst- (153),Cyst,0
11314,Cyst- (197),Cyst,0
11315,Cyst- (3529),Cyst,0
11316,Cyst- (1135),Cyst,0
11317,Cyst- (648),Cyst,0
11318,Cyst- (3383),Cyst,0
11319,Cyst- (1601),Cyst,0
11320,Cyst- (298),Cyst,0
11321,Cyst- (1935),Cyst,0
11322,Cyst- (414),Cyst,0
11323,Cyst- (1267),Cyst,0
11324,Cyst- (2721),Cyst,0
11325,Cyst- (3510),Cyst,0
11326,Cyst- (423),Cyst,0
11327,Cyst- (1547),Cyst,0
11328,Cyst- (449),Cyst,0
11329,Cyst- (1404),Cyst,0
11330,Cyst- (2986),Cyst,0
11331,Cyst- (2404),Cyst,0
11332,Cyst- (1625),Cyst,0
11333,Cyst- (662),Cyst,0
11334,Cyst- (2667),Cyst,0
11335,Cyst- (546),Cyst,0
11336,Cyst- (2044),Cyst,0
11337,Cyst- (2822),Cyst,0
11338,Cyst- (1245),Cyst,0
11339,Cyst- (2633),Cyst,0
11340,Cyst- (1391),Cyst,0
11341,Cyst- (2364),Cyst,0
11342,Cyst- (3300),Cyst,0
11343,Cyst- (84),Cyst,0
11344,Cyst- (3392),Cyst,0
11345,Cyst- (2836),Cyst,0
11346,Cyst- (1126),Cyst,0
11347,Cyst- (93),Cyst,0
11348,Cyst- (2600),Cyst,0
11349,Cyst- (3370),Cyst,0
11350,Cyst- (1727),Cyst,0
11351,Cyst- (3345),Cyst,0
11352,Cyst- (218),Cyst,0
11353,Cyst- (2919),Cyst,0
11354,Cyst- (3142),Cyst,0
11355,Cyst- (61),Cyst,0
11356,Cyst- (1387),Cyst,0
11357,Cyst- (2928),Cyst,0
11358,Cyst- (3697),Cyst,0
11359,Cyst- (25),Cyst,0
11360,Cyst- (1922),Cyst,0
11361,Cyst- (774),Cyst,0
11362,Cyst- (2589),Cyst,0
11363,Cyst- (887),Cyst,0
11364,Cyst- (3368),Cyst,0
11365,Cyst- (152),Cyst,0
11366,Cyst- (603),Cyst,0
11367,Cyst- (3356),Cyst,0
11368,Cyst- (844),Cyst,0
11369,Cyst- (777),Cyst,0
11370,Cyst- (2525),Cyst,0
11371,Cyst- (257),Cyst,0
11372,Cyst- (3219),Cyst,0
11373,Cyst- (2345),Cyst,0
11374,Cyst- (43),Cyst,0
11375,Cyst- (3615),Cyst,0
11376,Cyst- (3070),Cyst,0
11377,Cyst- (2671),Cyst,0
11378,Cyst- (1926),Cyst,0
11379,Cyst- (3607),Cyst,0
11380,Cyst- (3334),Cyst,0
11381,Cyst- (185),Cyst,0
11382,Cyst- (124),Cyst,0
11383,Cyst- (1526),Cyst,0
11384,Cyst- (2803),Cyst,0
11385,Cyst- (2379),Cyst,0
11386,Cyst- (3565),Cyst,0
11387,Cyst- (1560),Cyst,0
11388,Cyst- (3183),Cyst,0
11389,Cyst- (1502),Cyst,0
11390,Cyst- (3083),Cyst,0
11391,Cyst- (400),Cyst,0
11392,Cyst- (481),Cyst,0
11393,Cyst- (3184),Cyst,0
11394,Cyst- (1187),Cyst,0
11395,Cyst- (378),Cyst,0
11396,Cyst- (1859),Cyst,0
11397,Cyst- (747),Cyst,0
11398,Cyst- (538),Cyst,0
11399,Cyst- (3164),Cyst,0
11400,Cyst- (1053),Cyst,0
11401,Cyst- (1064),Cyst,0
11402,Cyst- (3271),Cyst,0
11403,Cyst- (1844),Cyst,0
11404,Cyst- (179),Cyst,0
11405,Cyst- (3233),Cyst,0
11406,Cyst- (2356),Cyst,0
11407,Cyst- (2643),Cyst,0
11408,Cyst- (2070),Cyst,0
11409,Cyst- (3419),Cyst,0
11410,Cyst- (1388),Cyst,0
11411,Cyst- (3438),Cyst,0
11412,Cyst- (1373),Cyst,0
11413,Cyst- (3573),Cyst,0
11414,Cyst- (2069),Cyst,0
11415,Cyst- (3701),Cyst,0
11416,Cyst- (2682),Cyst,0
11417,Cyst- (1927),Cyst,0
11418,Cyst- (1340),Cyst,0
11419,Cyst- (2067),Cyst,0
11420,Cyst- (79),Cyst,0
11421,Cyst- (1875),Cyst,0
11422,Cyst- (3256),Cyst,0
11423,Cyst- (146),Cyst,0
11424,Cyst- (2532),Cyst,0
11425,Cyst- (2818),Cyst,0
11426,Cyst- (85),Cyst,0
11427,Cyst- (1778),Cyst,0
11428,Cyst- (2862),Cyst,0
11429,Cyst- (1977),Cyst,0
11430,Cyst- (434),Cyst,0
11431,Cyst- (332),Cyst,0
11432,Cyst- (1238),Cyst,0
11433,Cyst- (2911),Cyst,0
11434,Cyst- (702),Cyst,0
11435,Cyst- (301),Cyst,0
11436,Cyst- (1581),Cyst,0
11437,Cyst- (451),Cyst,0
11438,Cyst- (3260),Cyst,0
11439,Cyst- (457),Cyst,0
11440,Cyst- (367),Cyst,0
11441,Cyst- (186),Cyst,0
11442,Cyst- (2338),Cyst,0
11443,Cyst- (1652),Cyst,0
11444,Cyst- (3324),Cyst,0
11445,Cyst- (3389),Cyst,0
11446,Cyst- (1449),Cyst,0
11447,Cyst- (2790),Cyst,0
11448,Cyst- (3169),Cyst,0
11449,Cyst- (3341),Cyst,0
11450,Cyst- (731),Cyst,0
11451,Cyst- (2842),Cyst,0
11452,Cyst- (781),Cyst,0
11453,Cyst- (1487),Cyst,0
11454,Cyst- (1291),Cyst,0
11455,Cyst- (2637),Cyst,0
11456,Cyst- (2769),Cyst,0
11457,Cyst- (2051),Cyst,0
11458,Cyst- (371),Cyst,0
11459,Cyst- (1050),Cyst,0
11460,Cyst- (2697),Cyst,0
11461,Cyst- (741),Cyst,0
11462,Cyst- (2464),Cyst,0
11463,Cyst- (2108),Cyst,0
11464,Cyst- (1637),Cyst,0
11465,Cyst- (2730),Cyst,0
11466,Cyst- (3165),Cyst,0
11467,Cyst- (3683),Cyst,0
11468,Cyst- (3670),Cyst,0
11469,Cyst- (2121),Cyst,0
11470,Cyst- (2965),Cyst,0
11471,Cyst- (555),Cyst,0
11472,Cyst- (2173),Cyst,0
11473,Cyst- (495),Cyst,0
11474,Cyst- (1754),Cyst,0
11475,Cyst- (2115),Cyst,0
11476,Cyst- (1206),Cyst,0
11477,Cyst- (2992),Cyst,0
11478,Cyst- (1549),Cyst,0
11479,Cyst- (2217),Cyst,0
11480,Cyst- (1421),Cyst,0
11481,Cyst- (902),Cyst,0
11482,Cyst- (1957),Cyst,0
11483,Cyst- (248),Cyst,0
11484,Cyst- (2340),Cyst,0
11485,Cyst- (3133),Cyst,0
11486,Cyst- (2274),Cyst,0
11487,Cyst- (3193),Cyst,0
11488,Cyst- (67),Cyst,0
11489,Cyst- (1568),Cyst,0
11490,Cyst- (3006),Cyst,0
11491,Cyst- (2358),Cyst,0
11492,Cyst- (2903),Cyst,0
11493,Cyst- (3617),Cyst,0
11494,Cyst- (380),Cyst,0
11495,Cyst- (277),Cyst,0
11496,Cyst- (2149),Cyst,0
11497,Cyst- (1346),Cyst,0
11498,Cyst- (509),Cyst,0
11499,Cyst- (706),Cyst,0
11500,Cyst- (645),Cyst,0
11501,Cyst- (577),Cyst,0
11502,Cyst- (3504),Cyst,0
11503,Cyst- (351),Cyst,0
11504,Cyst- (1285),Cyst,0
11505,Cyst- (3579),Cyst,0
11506,Cyst- (446),Cyst,0
11507,Cyst- (1656),Cyst,0
11508,Cyst- (2030),Cyst,0
11509,Cyst- (1664),Cyst,0
11510,Cyst- (1076),Cyst,0
11511,Cyst- (612),Cyst,0
11512,Cyst- (2823),Cyst,0
11513,Cyst- (45),Cyst,0
11514,Cyst- (758),Cyst,0
11515,Cyst- (3384),Cyst,0
11516,Cyst- (418),Cyst,0
11517,Cyst- (2955),Cyst,0
11518,Cyst- (1217),Cyst,0
11519,Cyst- (2185),Cyst,0
11520,Cyst- (596),Cyst,0
11521,Cyst- (1836),Cyst,0
11522,Cyst- (2423),Cyst,0
11523,Cyst- (3079),Cyst,0
11524,Cyst- (3685),Cyst,0
11525,Cyst- (2658),Cyst,0
11526,Cyst- (3153),Cyst,0
11527,Cyst- (2605),Cyst,0
11528,Cyst- (3001),Cyst,0
11529,Cyst- (2704),Cyst,0
11530,Cyst- (3463),Cyst,0
11531,Cyst- (354),Cyst,0
11532,Cyst- (1075),Cyst,0
11533,Cyst- (2515),Cyst,0
11534,Cyst- (2450),Cyst,0
11535,Cyst- (1804),Cyst,0
11536,Cyst- (501),Cyst,0
11537,Cyst- (810),Cyst,0
11538,Cyst- (87),Cyst,0
11539,Cyst- (336),Cyst,0
11540,Cyst- (1559),Cyst,0
11541,Cyst- (3211),Cyst,0
11542,Cyst- (3052),Cyst,0
11543,Cyst- (2830),Cyst,0
11544,Cyst- (1480),Cyst,0
11545,Cyst- (2315),Cyst,0
11546,Cyst- (165),Cyst,0
11547,Cyst- (1298),Cyst,0
11548,Cyst- (1396),Cyst,0
11549,Cyst- (1978),Cyst,0
11550,Cyst- (57),Cyst,0
11551,Cyst- (2826),Cyst,0
11552,Cyst- (809),Cyst,0
11553,Cyst- (2844),Cyst,0
11554,Cyst- (1),Cyst,0
11555,Cyst- (2048),Cyst,0
11556,Cyst- (2060),Cyst,0
11557,Cyst- (1087),Cyst,0
11558,Cyst- (2072),Cyst,0
11559,Cyst- (183),Cyst,0
11560,Cyst- (1160),Cyst,0
11561,Cyst- (723),Cyst,0
11562,Cyst- (1693),Cyst,0
11563,Cyst- (2454),Cyst,0
11564,Cyst- (2759),Cyst,0
11565,Cyst- (2571),Cyst,0
11566,Cyst- (601),Cyst,0
11567,Cyst- (2593),Cyst,0
11568,Cyst- (1342),Cyst,0
11569,Cyst- (527),Cyst,0
11570,Cyst- (1728),Cyst,0
11571,Cyst- (1685),Cyst,0
11572,Cyst- (1204),Cyst,0
11573,Cyst- (769),Cyst,0
11574,Cyst- (1689),Cyst,0
11575,Cyst- (3387),Cyst,0
11576,Cyst- (656),Cyst,0
11577,Cyst- (3432),Cyst,0
11578,Cyst- (1041),Cyst,0
11579,Cyst- (962),Cyst,0
11580,Cyst- (691),Cyst,0
11581,Cyst- (187),Cyst,0
11582,Cyst- (837),Cyst,0
11583,Cyst- (2457),Cyst,0
11584,Cyst- (2142),Cyst,0
11585,Cyst- (732),Cyst,0
11586,Cyst- (2655),Cyst,0
11587,Cyst- (267),Cyst,0
11588,Cyst- (2022),Cyst,0
11589,Cyst- (1286),Cyst,0
11590,Cyst- (2445),Cyst,0
11591,Cyst- (1864),Cyst,0
11592,Cyst- (1928),Cyst,0
11593,Cyst- (88),Cyst,0
11594,Cyst- (175),Cyst,0
11595,Cyst- (3066),Cyst,0
11596,Cyst- (2948),Cyst,0
11597,Cyst- (678),Cyst,0
11598,Cyst- (1418),Cyst,0
11599,Cyst- (801),Cyst,0
11600,Cyst- (2509),Cyst,0
11601,Cyst- (2112),Cyst,0
11602,Cyst- (930),Cyst,0
11603,Cyst- (3262),Cyst,0
11604,Cyst- (2527),Cyst,0
11605,Cyst- (2604),Cyst,0
11606,Cyst- (3096),Cyst,0
11607,Cyst- (2189),Cyst,0
11608,Cyst- (275),Cyst,0
11609,Cyst- (2833),Cyst,0
11610,Cyst- (1531),Cyst,0
11611,Cyst- (1639),Cyst,0
11612,Cyst- (688),Cyst,0
11613,Cyst- (68),Cyst,0
11614,Cyst- (2282),Cyst,0
11615,Cyst- (1439),Cyst,0
11616,Cyst- (1740),Cyst,0
11617,Cyst- (2011),Cyst,0
11618,Cyst- (1249),Cyst,0
11619,Cyst- (1414),Cyst,0
11620,Cyst- (2034),Cyst,0
11621,Cyst- (2582),Cyst,0
11622,Cyst- (159),Cyst,0
11623,Cyst- (1913),Cyst,0
11624,Cyst- (734),Cyst,0
11625,Cyst- (73),Cyst,0
11626,Cyst- (2687),Cyst,0
11627,Cyst- (2974),Cyst,0
11628,Cyst- (403),Cyst,0
11629,Cyst- (3038),Cyst,0
11630,Cyst- (3410),Cyst,0
11631,Cyst- (2407),Cyst,0
11632,Cyst- (263),Cyst,0
11633,Cyst- (626),Cyst,0
11634,Cyst- (2524),Cyst,0
11635,Cyst- (355),Cyst,0
11636,Cyst- (1265),Cyst,0
11637,Cyst- (3270),Cyst,0
11638,Cyst- (44),Cyst,0
11639,Cyst- (2351),Cyst,0
11640,Cyst- (1171),Cyst,0
11641,Cyst- (3380),Cyst,0
11642,Cyst- (3126),Cyst,0
11643,Cyst- (469),Cyst,0
11644,Cyst- (2263),Cyst,0
11645,Cyst- (2368),Cyst,0
11646,Cyst- (595),Cyst,0
11647,Cyst- (2215),Cyst,0
11648,Cyst- (1059),Cyst,0
11649,Cyst- (212),Cyst,0
11650,Cyst- (891),Cyst,0
11651,Cyst- (882),Cyst,0
11652,Cyst- (2271),Cyst,0
11653,Cyst- (2098),Cyst,0
11654,Cyst- (722),Cyst,0
11655,Cyst- (2180),Cyst,0
11656,Cyst- (2354),Cyst,0
11657,Cyst- (623),Cyst,0
11658,Cyst- (1401),Cyst,0
11659,Cyst- (2068),Cyst,0
11660,Cyst- (2419),Cyst,0
11661,Cyst- (1627),Cyst,0
11662,Cyst- (3294),Cyst,0
11663,Cyst- (151),Cyst,0
11664,Cyst- (1320),Cyst,0
11665,Cyst- (2200),Cyst,0
11666,Cyst- (528),Cyst,0
11667,Cyst- (2907),Cyst,0
11668,Cyst- (529),Cyst,0
11669,Cyst- (2177),Cyst,0
11670,Cyst- (852),Cyst,0
11671,Cyst- (2750),Cyst,0
11672,Cyst- (1001),Cyst,0
11673,Cyst- (1676),Cyst,0
11674,Cyst- (2614),Cyst,0
11675,Cyst- (2235),Cyst,0
11676,Cyst- (480),Cyst,0
11677,Cyst- (1813),Cyst,0
11678,Cyst- (3551),Cyst,0
11679,Cyst- (1868),Cyst,0
11680,Cyst- (497),Cyst,0
11681,Cyst- (1579),Cyst,0
11682,Cyst- (386),Cyst,0
11683,Cyst- (1423),Cyst,0
11684,Cyst- (70),Cyst,0
11685,Cyst- (348),Cyst,0
11686,Cyst- (463),Cyst,0
11687,Cyst- (1919),Cyst,0
11688,Cyst- (2190),Cyst,0
11689,Cyst- (2066),Cyst,0
11690,Cyst- (3272),Cyst,0
11691,Cyst- (1783),Cyst,0
11692,Cyst- (2793),Cyst,0
11693,Cyst- (1828),Cyst,0
11694,Cyst- (1996),Cyst,0
11695,Cyst- (1492),Cyst,0
11696,Cyst- (1610),Cyst,0
11697,Cyst- (1632),Cyst,0
11698,Cyst- (704),Cyst,0
11699,Cyst- (3007),Cyst,0
11700,Cyst- (1138),Cyst,0
11701,Cyst- (360),Cyst,0
11702,Cyst- (1498),Cyst,0
11703,Cyst- (3200),Cyst,0
11704,Cyst- (1937),Cyst,0
11705,Cyst- (3561),Cyst,0
11706,Cyst- (571),Cyst,0
11707,Cyst- (76),Cyst,0
11708,Cyst- (1806),Cyst,0
11709,Cyst- (3518),Cyst,0
11710,Cyst- (2944),Cyst,0
11711,Cyst- (592),Cyst,0
11712,Cyst- (1594),Cyst,0
11713,Cyst- (1847),Cyst,0
11714,Cyst- (906),Cyst,0
11715,Cyst- (345),Cyst,0
11716,Cyst- (3372),Cyst,0
11717,Cyst- (1234),Cyst,0
11718,Cyst- (2624),Cyst,0
11719,Cyst- (422),Cyst,0
11720,Cyst- (3086),Cyst,0
11721,Cyst- (2544),Cyst,0
11722,Cyst- (3450),Cyst,0
11723,Cyst- (2568),Cyst,0
11724,Cyst- (2535),Cyst,0
11725,Cyst- (2541),Cyst,0
11726,Cyst- (2890),Cyst,0
11727,Cyst- (2485),Cyst,0
11728,Cyst- (3385),Cyst,0
11729,Cyst- (3353),Cyst,0
11730,Cyst- (2182),Cyst,0
11731,Cyst- (2009),Cyst,0
11732,Cyst- (343),Cyst,0
11733,Cyst- (2299),Cyst,0
11734,Cyst- (1159),Cyst,0
11735,Cyst- (11),Cyst,0
11736,Cyst- (64),Cyst,0
11737,Cyst- (759),Cyst,0
11738,Cyst- (2933),Cyst,0
11739,Cyst- (479),Cyst,0
11740,Cyst- (1412),Cyst,0
11741,Cyst- (2475),Cyst,0
11742,Cyst- (2540),Cyst,0
11743,Cyst- (126),Cyst,0
11744,Cyst- (239),Cyst,0
11745,Cyst- (230),Cyst,0
11746,Cyst- (1537),Cyst,0
11747,Cyst- (1891),Cyst,0
11748,Cyst- (3266),Cyst,0
11749,Cyst- (1166),Cyst,0
11750,Cyst- (52),Cyst,0
11751,Cyst- (1078),Cyst,0
11752,Cyst- (2266),Cyst,0
11753,Cyst- (3285),Cyst,0
11754,Cyst- (584),Cyst,0
11755,Cyst- (2197),Cyst,0
11756,Cyst- (640),Cyst,0
11757,Cyst- (2238),Cyst,0
11758,Cyst- (936),Cyst,0
11759,Cyst- (1091),Cyst,0
11760,Cyst- (2878),Cyst,0
11761,Cyst- (505),Cyst,0
11762,Cyst- (13),Cyst,0
11763,Cyst- (2144),Cyst,0
11764,Cyst- (1297),Cyst,0
11765,Cyst- (1070),Cyst,0
11766,Cyst- (2751),Cyst,0
11767,Cyst- (304),Cyst,0
11768,Cyst- (1688),Cyst,0
11769,Cyst- (2973),Cyst,0
11770,Cyst- (3596),Cyst,0
11771,Cyst- (2628),Cyst,0
11772,Cyst- (1723),Cyst,0
11773,Cyst- (3478),Cyst,0
11774,Cyst- (297),Cyst,0
11775,Cyst- (2284),Cyst,0
11776,Cyst- (512),Cyst,0
11777,Cyst- (1176),Cyst,0
11778,Cyst- (1263),Cyst,0
11779,Cyst- (454),Cyst,0
11780,Cyst- (2059),Cyst,0
11781,Cyst- (1136),Cyst,0
11782,Cyst- (2408),Cyst,0
11783,Cyst- (982),Cyst,0
11784,Cyst- (920),Cyst,0
11785,Cyst- (122),Cyst,0
11786,Cyst- (2889),Cyst,0
11787,Cyst- (3166),Cyst,0
11788,Cyst- (2337),Cyst,0
11789,Cyst- (1472),Cyst,0
11790,Cyst- (1082),Cyst,0
11791,Cyst- (1621),Cyst,0
11792,Cyst- (1774),Cyst,0
11793,Cyst- (1061),Cyst,0
11794,Cyst- (3010),Cyst,0
11795,Cyst- (1208),Cyst,0
11796,Cyst- (1093),Cyst,0
11797,Cyst- (1564),Cyst,0
11798,Cyst- (392),Cyst,0
11799,Cyst- (133),Cyst,0
11800,Cyst- (2877),Cyst,0
11801,Cyst- (3076),Cyst,0
11802,Cyst- (1191),Cyst,0
11803,Cyst- (2548),Cyst,0
11804,Cyst- (2357),Cyst,0
11805,Cyst- (2406),Cyst,0
11806,Cyst- (211),Cyst,0
11807,Cyst- (100),Cyst,0
11808,Cyst- (579),Cyst,0
11809,Cyst- (1687),Cyst,0
11810,Cyst- (349),Cyst,0
11811,Cyst- (3042),Cyst,0
11812,Cyst- (283),Cyst,0
11813,Cyst- (855),Cyst,0
11814,Cyst- (1471),Cyst,0
11815,Cyst- (314),Cyst,0
11816,Cyst- (1624),Cyst,0
11817,Cyst- (1790),Cyst,0
11818,Cyst- (3185),Cyst,0
11819,Cyst- (2330),Cyst,0
11820,Cyst- (938),Cyst,0
11821,Cyst- (2429),Cyst,0
11822,Cyst- (23),Cyst,0
11823,Cyst- (2040),Cyst,0
11824,Cyst- (1028),Cyst,0
11825,Cyst- (516),Cyst,0
11826,Cyst- (1921),Cyst,0
11827,Cyst- (252),Cyst,0
11828,Cyst- (1752),Cyst,0
11829,Cyst- (1333),Cyst,0
11830,Cyst- (3019),Cyst,0
11831,Cyst- (2749),Cyst,0
11832,Cyst- (383),Cyst,0
11833,Cyst- (1788),Cyst,0
11834,Cyst- (3645),Cyst,0
11835,Cyst- (3242),Cyst,0
11836,Cyst- (1002),Cyst,0
11837,Cyst- (3582),Cyst,0
11838,Cyst- (587),Cyst,0
11839,Cyst- (3428),Cyst,0
11840,Cyst- (1855),Cyst,0
11841,Cyst- (1801),Cyst,0
11842,Cyst- (1645),Cyst,0
11843,Cyst- (2170),Cyst,0
11844,Cyst- (2675),Cyst,0
11845,Cyst- (622),Cyst,0
11846,Cyst- (2239),Cyst,0
11847,Cyst- (933),Cyst,0
11848,Cyst- (629),Cyst,0
11849,Cyst- (2653),Cyst,0
11850,Cyst- (2670),Cyst,0
11851,Cyst- (3402),Cyst,0
11852,Cyst- (191),Cyst,0
11853,Cyst- (22),Cyst,0
11854,Cyst- (1419),Cyst,0
11855,Cyst- (1039),Cyst,0
11856,Cyst- (3178),Cyst,0
11857,Cyst- (3569),Cyst,0
11858,Cyst- (1377),Cyst,0
11859,Cyst- (2297),Cyst,0
11860,Cyst- (1871),Cyst,0
11861,Cyst- (1315),Cyst,0
11862,Cyst- (3654),Cyst,0
11863,Cyst- (624),Cyst,0
11864,Cyst- (1860),Cyst,0
11865,Cyst- (3423),Cyst,0
11866,Cyst- (1973),Cyst,0
11867,Cyst- (1544),Cyst,0
11868,Cyst- (2796),Cyst,0
11869,Cyst- (719),Cyst,0
11870,Cyst- (404),Cyst,0
11871,Cyst- (1744),Cyst,0
11872,Cyst- (28),Cyst,0
11873,Cyst- (1893),Cyst,0
11874,Cyst- (805),Cyst,0
11875,Cyst- (82),Cyst,0
11876,Cyst- (366),Cyst,0
11877,Cyst- (1145),Cyst,0
11878,Cyst- (134),Cyst,0
11879,Cyst- (3043),Cyst,0
11880,Cyst- (1169),Cyst,0
11881,Cyst- (2153),Cyst,0
11882,Cyst- (1590),Cyst,0
11883,Cyst- (3391),Cyst,0
11884,Cyst- (708),Cyst,0
11885,Cyst- (1832),Cyst,0
11886,Cyst- (3704),Cyst,0
11887,Cyst- (2120),Cyst,0
11888,Cyst- (195),Cyst,0
11889,Cyst- (1540),Cyst,0
11890,Cyst- (2765),Cyst,0
11891,Cyst- (2131),Cyst,0
11892,Cyst- (605),Cyst,0
11893,Cyst- (362),Cyst,0
11894,Cyst- (491),Cyst,0
11895,Cyst- (356),Cyst,0
11896,Cyst- (692),Cyst,0
11897,Cyst- (3554),Cyst,0
11898,Cyst- (381),Cyst,0
11899,Cyst- (2922),Cyst,0
11900,Cyst- (3101),Cyst,0
11901,Cyst- (2501),Cyst,0
11902,Cyst- (775),Cyst,0
11903,Cyst- (616),Cyst,0
11904,Cyst- (3252),Cyst,0
11905,Cyst- (2809),Cyst,0
11906,Cyst- (2831),Cyst,0
11907,Cyst- (2713),Cyst,0
11908,Cyst- (1992),Cyst,0
11909,Cyst- (1963),Cyst,0
11910,Cyst- (600),Cyst,0
11911,Cyst- (1842),Cyst,0
11912,Cyst- (2702),Cyst,0
11913,Cyst- (1776),Cyst,0
11914,Cyst- (1941),Cyst,0
11915,Cyst- (109),Cyst,0
11916,Cyst- (1443),Cyst,0
11917,Cyst- (3667),Cyst,0
11918,Cyst- (971),Cyst,0
11919,Cyst- (1981),Cyst,0
11920,Cyst- (2273),Cyst,0
11921,Cyst- (342),Cyst,0
11922,Cyst- (2555),Cyst,0
11923,Cyst- (2999),Cyst,0
11924,Cyst- (2580),Cyst,0
11925,Cyst- (1170),Cyst,0
11926,Cyst- (2982),Cyst,0
11927,Cyst- (1117),Cyst,0
11928,Cyst- (3610),Cyst,0
11929,Cyst- (820),Cyst,0
11930,Cyst- (524),Cyst,0
11931,Cyst- (853),Cyst,0
11932,Cyst- (3218),Cyst,0
11933,Cyst- (2014),Cyst,0
11934,Cyst- (980),Cyst,0
11935,Cyst- (1347),Cyst,0
11936,Cyst- (1356),Cyst,0
11937,Cyst- (1321),Cyst,0
11938,Cyst- (3540),Cyst,0
11939,Cyst- (2099),Cyst,0
11940,Cyst- (3677),Cyst,0
11941,Cyst- (2451),Cyst,0
11942,Cyst- (3029),Cyst,0
11943,Cyst- (1933),Cyst,0
11944,Cyst- (2526),Cyst,0
11945,Cyst- (2774),Cyst,0
11946,Cyst- (2377),Cyst,0
11947,Cyst- (59),Cyst,0
11948,Cyst- (689),Cyst,0
11949,Cyst- (997),Cyst,0
11950,Cyst- (1958),Cyst,0
11951,Cyst- (3069),Cyst,0
11952,Cyst- (1782),Cyst,0
11953,Cyst- (1252),Cyst,0
11954,Cyst- (3088),Cyst,0
11955,Cyst- (3612),Cyst,0
11956,Cyst- (2996),Cyst,0
11957,Cyst- (861),Cyst,0
11958,Cyst- (1362),Cyst,0
11959,Cyst- (1991),Cyst,0
11960,Cyst- (3197),Cyst,0
11961,Cyst- (1383),Cyst,0
11962,Cyst- (3309),Cyst,0
11963,Cyst- (3583),Cyst,0
11964,Cyst- (107),Cyst,0
11965,Cyst- (2435),Cyst,0
11966,Cyst- (3484),Cyst,0
11967,Cyst- (2909),Cyst,0
11968,Cyst- (2788),Cyst,0
11969,Cyst- (2800),Cyst,0
11970,Cyst- (1447),Cyst,0
11971,Cyst- (1974),Cyst,0
11972,Cyst- (468),Cyst,0
11973,Cyst- (1700),Cyst,0
11974,Cyst- (1016),Cyst,0
11975,Cyst- (2084),Cyst,0
11976,Cyst- (539),Cyst,0
11977,Cyst- (2825),Cyst,0
11978,Cyst- (2093),Cyst,0
11979,Cyst- (1023),Cyst,0
11980,Cyst- (280),Cyst,0
11981,Cyst- (3557),Cyst,0
11982,Cyst- (1684),Cyst,0
11983,Cyst- (1072),Cyst,0
11984,Cyst- (1901),Cyst,0
11985,Cyst- (105),Cyst,0
11986,Cyst- (3493),Cyst,0
11987,Cyst- (2168),Cyst,0
11988,Cyst- (2950),Cyst,0
11989,Cyst- (2669),Cyst,0
11990,Cyst- (1861),Cyst,0
11991,Cyst- (1067),Cyst,0
11992,Cyst- (2440),Cyst,0
11993,Cyst- (3232),Cyst,0
11994,Cyst- (3485),Cyst,0
11995,Cyst- (2811),Cyst,0
11996,Cyst- (2036),Cyst,0
11997,Cyst- (2719),Cyst,0
11998,Cyst- (347),Cyst,0
11999,Cyst- (1569),Cyst,0
12000,Cyst- (1369),Cyst,0
12001,Cyst- (3426),Cyst,0
12002,Cyst- (177),Cyst,0
12003,Cyst- (1437),Cyst,0
12004,Cyst- (1812),Cyst,0
12005,Cyst- (2856),Cyst,0
12006,Cyst- (3535),Cyst,0
12007,Cyst- (2313),Cyst,0
12008,Cyst- (127),Cyst,0
12009,Cyst- (1376),Cyst,0
12010,Cyst- (3435),Cyst,0
12011,Cyst- (2130),Cyst,0
12012,Cyst- (2166),Cyst,0
12013,Cyst- (3559),Cyst,0
12014,Cyst- (1022),Cyst,0
12015,Cyst- (760),Cyst,0
12016,Cyst- (745),Cyst,0
12017,Cyst- (65),Cyst,0
12018,Cyst- (3107),Cyst,0
12019,Cyst- (3120),Cyst,0
12020,Cyst- (1301),Cyst,0
12021,Cyst- (1841),Cyst,0
12022,Cyst- (1895),Cyst,0
12023,Cyst- (2861),Cyst,0
12024,Cyst- (3026),Cyst,0
12025,Cyst- (1411),Cyst,0
12026,Cyst- (2797),Cyst,0
12027,Cyst- (1649),Cyst,0
12028,Cyst- (2378),Cyst,0
12029,Cyst- (983),Cyst,0
12030,Cyst- (3041),Cyst,0
12031,Cyst- (2296),Cyst,0
12032,Cyst- (1888),Cyst,0
12033,Cyst- (2316),Cyst,0
12034,Cyst- (3390),Cyst,0
12035,Cyst- (1048),Cyst,0
12036,Cyst- (6),Cyst,0
12037,Cyst- (2641),Cyst,0
12038,Cyst- (2786),Cyst,0
12039,Cyst- (156),Cyst,0
12040,Cyst- (3323),Cyst,0
12041,Cyst- (1381),Cyst,0
12042,Cyst- (3194),Cyst,0
12043,Cyst- (1597),Cyst,0
12044,Cyst- (3102),Cyst,0
12045,Cyst- (3408),Cyst,0
12046,Cyst- (1692),Cyst,0
12047,Cyst- (389),Cyst,0
12048,Cyst- (2047),Cyst,0
12049,Cyst- (1546),Cyst,0
12050,Cyst- (1780),Cyst,0
12051,Cyst- (2758),Cyst,0
12052,Cyst- (3177),Cyst,0
12053,Cyst- (608),Cyst,0
12054,Cyst- (14),Cyst,0
12055,Cyst- (3152),Cyst,0
12056,Cyst- (842),Cyst,0
12057,Cyst- (3190),Cyst,0
12058,Cyst- (1227),Cyst,0
12059,Cyst- (2195),Cyst,0
12060,Cyst- (909),Cyst,0
12061,Cyst- (3703),Cyst,0
12062,Cyst- (3600),Cyst,0
12063,Cyst- (1065),Cyst,0
12064,Cyst- (188),Cyst,0
12065,Cyst- (1427),Cyst,0
12066,Cyst- (157),Cyst,0
12067,Cyst- (2946),Cyst,0
12068,Cyst- (960),Cyst,0
12069,Cyst- (1897),Cyst,0
12070,Cyst- (2873),Cyst,0
12071,Cyst- (892),Cyst,0
12072,Cyst- (3212),Cyst,0
12073,Cyst- (2962),Cyst,0
12074,Cyst- (1329),Cyst,0
12075,Cyst- (556),Cyst,0
12076,Cyst- (963),Cyst,0
12077,Cyst- (1330),Cyst,0
12078,Cyst- (2606),Cyst,0
12079,Cyst- (2222),Cyst,0
12080,Cyst- (3621),Cyst,0
12081,Cyst- (137),Cyst,0
12082,Cyst- (3240),Cyst,0
12083,Cyst- (3550),Cyst,0
12084,Cyst- (526),Cyst,0
12085,Cyst- (1464),Cyst,0
12086,Cyst- (787),Cyst,0
12087,Cyst- (3571),Cyst,0
12088,Cyst- (3047),Cyst,0
12089,Cyst- (900),Cyst,0
12090,Cyst- (2318),Cyst,0
12091,Cyst- (2431),Cyst,0
12092,Cyst- (2673),Cyst,0
12093,Cyst- (1850),Cyst,0
12094,Cyst- (570),Cyst,0
12095,Cyst- (2228),Cyst,0
12096,Cyst- (3446),Cyst,0
12097,Cyst- (3025),Cyst,0
12098,Cyst- (3681),Cyst,0
12099,Cyst- (2065),Cyst,0
12100,Cyst- (1614),Cyst,0
12101,Cyst- (2348),Cyst,0
12102,Cyst- (1721),Cyst,0
12103,Cyst- (3547),Cyst,0
12104,Cyst- (3468),Cyst,0
12105,Cyst- (2129),Cyst,0
12106,Cyst- (1799),Cyst,0
12107,Cyst- (990),Cyst,0
12108,Cyst- (1052),Cyst,0
12109,Cyst- (416),Cyst,0
12110,Cyst- (1737),Cyst,0
12111,Cyst- (2848),Cyst,0
12112,Cyst- (2321),Cyst,0
12113,Cyst- (337),Cyst,0
12114,Cyst- (1773),Cyst,0
12115,Cyst- (911),Cyst,0
12116,Cyst- (1556),Cyst,0
12117,Cyst- (519),Cyst,0
12118,Cyst- (196),Cyst,0
12119,Cyst- (1060),Cyst,0
12120,Cyst- (1598),Cyst,0
12121,Cyst- (3206),Cyst,0
12122,Cyst- (3000),Cyst,0
12123,Cyst- (762),Cyst,0
12124,Cyst- (1112),Cyst,0
12125,Cyst- (739),Cyst,0
12126,Cyst- (2840),Cyst,0
12127,Cyst- (1142),Cyst,0
12128,Cyst- (3530),Cyst,0
12129,Cyst- (3024),Cyst,0
12130,Cyst- (1262),Cyst,0
12131,Cyst- (1210),Cyst,0
12132,Cyst- (1107),Cyst,0
12133,Cyst- (477),Cyst,0
12134,Cyst- (1444),Cyst,0
12135,Cyst- (1964),Cyst,0
12136,Cyst- (41),Cyst,0
12137,Cyst- (1793),Cyst,0
12138,Cyst- (2156),Cyst,0
12139,Cyst- (443),Cyst,0
12140,Cyst- (1303),Cyst,0
12141,Cyst- (1751),Cyst,0
12142,Cyst- (1586),Cyst,0
12143,Cyst- (553),Cyst,0
12144,Cyst- (81),Cyst,0
12145,Cyst- (101),Cyst,0
12146,Cyst- (12),Cyst,0
12147,Cyst- (827),Cyst,0
12148,Cyst- (1338),Cyst,0
12149,Cyst- (752),Cyst,0
12150,Cyst- (338),Cyst,0
12151,Cyst- (2179),Cyst,0
12152,Cyst- (609),Cyst,0
12153,Cyst- (3365),Cyst,0
12154,Cyst- (1518),Cyst,0
12155,Cyst- (1146),Cyst,0
12156,Cyst- (2500),Cyst,0
12157,Cyst- (3040),Cyst,0
12158,Cyst- (548),Cyst,0
12159,Cyst- (1250),Cyst,0
12160,Cyst- (2052),Cyst,0
12161,Cyst- (3563),Cyst,0
12162,Cyst- (3650),Cyst,0
12163,Cyst- (1967),Cyst,0
12164,Cyst- (31),Cyst,0
12165,Cyst- (2298),Cyst,0
12166,Cyst- (472),Cyst,0
12167,Cyst- (3224),Cyst,0
12168,Cyst- (3253),Cyst,0
12169,Cyst- (1386),Cyst,0
12170,Cyst- (2310),Cyst,0
12171,Cyst- (2742),Cyst,0
12172,Cyst- (627),Cyst,0
12173,Cyst- (2455),Cyst,0
12174,Cyst- (3395),Cyst,0
12175,Cyst- (429),Cyst,0
12176,Cyst- (2396),Cyst,0
12177,Cyst- (2267),Cyst,0
12178,Cyst- (242),Cyst,0
12179,Cyst- (875),Cyst,0
12180,Cyst- (1407),Cyst,0
12181,Cyst- (1113),Cyst,0
12182,Cyst- (2735),Cyst,0
12183,Cyst- (977),Cyst,0
12184,Cyst- (2089),Cyst,0
12185,Cyst- (249),Cyst,0
12186,Cyst- (3108),Cyst,0
12187,Cyst- (2896),Cyst,0
12188,Cyst- (2733),Cyst,0
12189,Cyst- (1615),Cyst,0
12190,Cyst- (278),Cyst,0
12191,Cyst- (945),Cyst,0
12192,Cyst- (3009),Cyst,0
12193,Cyst- (3457),Cyst,0
12194,Cyst- (3023),Cyst,0
12195,Cyst- (1661),Cyst,0
12196,Cyst- (1246),Cyst,0
12197,Cyst- (54),Cyst,0
12198,Cyst- (206),Cyst,0
12199,Cyst- (16),Cyst,0
12200,Cyst- (1982),Cyst,0
12201,Cyst- (778),Cyst,0
12202,Cyst- (2123),Cyst,0
12203,Cyst- (1311),Cyst,0
12204,Cyst- (721),Cyst,0
12205,Cyst- (3495),Cyst,0
12206,Cyst- (27),Cyst,0
12207,Cyst- (62),Cyst,0
12208,Cyst- (3693),Cyst,0
12209,Cyst- (2980),Cyst,0
12210,Cyst- (170),Cyst,0
12211,Cyst- (1058),Cyst,0
12212,Cyst- (1496),Cyst,0
12213,Cyst- (1455),Cyst,0
12214,Cyst- (1143),Cyst,0
12215,Cyst- (713),Cyst,0
12216,Cyst- (3635),Cyst,0
12217,Cyst- (1031),Cyst,0
12218,Cyst- (1800),Cyst,0
12219,Cyst- (841),Cyst,0
12220,Cyst- (3248),Cyst,0
12221,Cyst- (2076),Cyst,0
12222,Cyst- (3171),Cyst,0
12223,Cyst- (36),Cyst,0
12224,Cyst- (1049),Cyst,0
12225,Cyst- (3032),Cyst,0
12226,Cyst- (2143),Cyst,0
12227,Cyst- (620),Cyst,0
12228,Cyst- (3196),Cyst,0
12229,Cyst- (1906),Cyst,0
12230,Cyst- (2629),Cyst,0
12231,Cyst- (3067),Cyst,0
12232,Cyst- (2259),Cyst,0
12233,Cyst- (413),Cyst,0
12234,Cyst- (1735),Cyst,0
12235,Cyst- (2376),Cyst,0
12236,Cyst- (1525),Cyst,0
12237,Cyst- (3708),Cyst,0
12238,Cyst- (3492),Cyst,0
12239,Cyst- (1640),Cyst,0
12240,Cyst- (2012),Cyst,0
12241,Cyst- (288),Cyst,0
12242,Cyst- (3182),Cyst,0
12243,Cyst- (2102),Cyst,0
12244,Cyst- (1923),Cyst,0
12245,Cyst- (686),Cyst,0
12246,Cyst- (71),Cyst,0
12247,Cyst- (663),Cyst,0
12248,Cyst- (1867),Cyst,0
12249,Cyst- (670),Cyst,0
12250,Cyst- (1157),Cyst,0
12251,Cyst- (1231),Cyst,0
12252,Cyst- (2875),Cyst,0
12253,Cyst- (2167),Cyst,0
12254,Cyst- (208),Cyst,0
12255,Cyst- (1178),Cyst,0
12256,Cyst- (1508),Cyst,0
12257,Cyst- (2745),Cyst,0
12258,Cyst- (1553),Cyst,0
12259,Cyst- (2487),Cyst,0
12260,Cyst- (2038),Cyst,0
12261,Cyst- (1353),Cyst,0
12262,Cyst- (2689),Cyst,0
12263,Cyst- (3466),Cyst,0
12264,Cyst- (849),Cyst,0
12265,Cyst- (2945),Cyst,0
12266,Cyst- (2595),Cyst,0
12267,Cyst- (3039),Cyst,0
12268,Cyst- (3331),Cyst,0
12269,Cyst- (1779),Cyst,0
12270,Cyst- (328),Cyst,0
12271,Cyst- (2741),Cyst,0
12272,Cyst- (802),Cyst,0
12273,Cyst- (3085),Cyst,0
12274,Cyst- (1343),Cyst,0
12275,Cyst- (578),Cyst,0
12276,Cyst- (1193),Cyst,0
12277,Cyst- (2804),Cyst,0
12278,Cyst- (2784),Cyst,0
12279,Cyst- (1140),Cyst,0
12280,Cyst- (2847),Cyst,0
12281,Cyst- (2370),Cyst,0
12282,Cyst- (3560),Cyst,0
12283,Cyst- (1930),Cyst,0
12284,Cyst- (1772),Cyst,0
12285,Cyst- (3707),Cyst,0
12286,Cyst- (3619),Cyst,0
12287,Cyst- (4),Cyst,0
12288,Cyst- (3576),Cyst,0
12289,Cyst- (2696),Cyst,0
12290,Cyst- (155),Cyst,0
12291,Cyst- (2552),Cyst,0
12292,Cyst- (1021),Cyst,0
12293,Cyst- (1651),Cyst,0
12294,Cyst- (903),Cyst,0
12295,Cyst- (717),Cyst,0
12296,Cyst- (2018),Cyst,0
12297,Cyst- (1105),Cyst,0
12298,Cyst- (286),Cyst,0
12299,Cyst- (1681),Cyst,0
12300,Cyst- (56),Cyst,0
12301,Cyst- (3494),Cyst,0
12302,Cyst- (467),Cyst,0
12303,Cyst- (631),Cyst,0
12304,Cyst- (3111),Cyst,0
12305,Cyst- (1602),Cyst,0
12306,Cyst- (2612),Cyst,0
12307,Cyst- (651),Cyst,0
12308,Cyst- (2926),Cyst,0
12309,Cyst- (1658),Cyst,0
12310,Cyst- (1869),Cyst,0
12311,Cyst- (3458),Cyst,0
12312,Cyst- (1900),Cyst,0
12313,Cyst- (1965),Cyst,0
12314,Cyst- (525),Cyst,0
12315,Cyst- (1660),Cyst,0
12316,Cyst- (2837),Cyst,0
12317,Cyst- (2968),Cyst,0
12318,Cyst- (3623),Cyst,0
12319,Cyst- (3322),Cyst,0
12320,Cyst- (3136),Cyst,0
12321,Cyst- (975),Cyst,0
12322,Cyst- (2033),Cyst,0
12323,Cyst- (2243),Cyst,0
12324,Cyst- (69),Cyst,0
12325,Cyst- (3425),Cyst,0
12326,Cyst- (1995),Cyst,0
12327,Cyst- (1818),Cyst,0
12328,Cyst- (1724),Cyst,0
12329,Cyst- (3663),Cyst,0
12330,Cyst- (1654),Cyst,0
12331,Cyst- (1108),Cyst,0
12332,Cyst- (3501),Cyst,0
12333,Cyst- (1669),Cyst,0
12334,Cyst- (647),Cyst,0
12335,Cyst- (1726),Cyst,0
12336,Cyst- (465),Cyst,0
12337,Cyst- (2574),Cyst,0
12338,Cyst- (1493),Cyst,0
12339,Cyst- (21),Cyst,0
12340,Cyst- (3642),Cyst,0
12341,Cyst- (3499),Cyst,0
12342,Cyst- (29),Cyst,0
12343,Cyst- (3072),Cyst,0
12344,Cyst- (1119),Cyst,0
12345,Cyst- (15),Cyst,0
12346,Cyst- (3333),Cyst,0
12347,Cyst- (444),Cyst,0
12348,Cyst- (2386),Cyst,0
12349,Cyst- (3675),Cyst,0
12350,Cyst- (2385),Cyst,0
12351,Cyst- (3406),Cyst,0
12352,Cyst- (48),Cyst,0
12353,Cyst- (3130),Cyst,0
12354,Cyst- (2324),Cyst,0
12355,Cyst- (2374),Cyst,0
12356,Cyst- (3287),Cyst,0
12357,Cyst- (3139),Cyst,0
12358,Cyst- (1541),Cyst,0
12359,Cyst- (3440),Cyst,0
12360,Cyst- (2716),Cyst,0
12361,Cyst- (2505),Cyst,0
12362,Cyst- (471),Cyst,0
12363,Cyst- (2257),Cyst,0
12364,Cyst- (943),Cyst,0
12365,Cyst- (611),Cyst,0
12366,Cyst- (1179),Cyst,0
12367,Cyst- (586),Cyst,0
12368,Cyst- (2665),Cyst,0
12369,Cyst- (1796),Cyst,0
12370,Cyst- (2160),Cyst,0
12371,Cyst- (2779),Cyst,0
12372,Cyst- (885),Cyst,0
12373,Cyst- (1435),Cyst,0
12374,Cyst- (700),Cyst,0
12375,Cyst- (265),Cyst,0
12376,Cyst- (3291),Cyst,0
12377,Cyst- (697),Cyst,0
12378,Cyst- (2677),Cyst,0
12379,Cyst- (2342),Cyst,0
12380,Cyst- (541),Cyst,0
12381,Cyst- (3022),Cyst,0
12382,Cyst- (2456),Cyst,0
12383,Cyst- (1898),Cyst,0
12384,Cyst- (1365),Cyst,0
12385,Cyst- (575),Cyst,0
12386,Cyst- (1945),Cyst,0
12387,Cyst- (1446),Cyst,0
12388,Cyst- (3490),Cyst,0
12389,Cyst- (3208),Cyst,0
12390,Cyst- (3202),Cyst,0
12391,Cyst- (1524),Cyst,0
12392,Cyst- (3417),Cyst,0
12393,Cyst- (1876),Cyst,0
12394,Cyst- (3454),Cyst,0
12395,Cyst- (3369),Cyst,0
12396,Cyst- (2483),Cyst,0
12397,Cyst- (927),Cyst,0
12398,Cyst- (2140),Cyst,0
12399,Cyst- (582),Cyst,0
12400,Cyst- (876),Cyst,0
12401,Cyst- (276),Cyst,0
12402,Cyst- (2516),Cyst,0
12403,Cyst- (18),Cyst,0
12404,Cyst- (3409),Cyst,0
12405,Cyst- (486),Cyst,0
12406,Cyst- (2947),Cyst,0
12407,Cyst- (2876),Cyst,0
12408,Cyst- (2090),Cyst,0
12409,Cyst- (3412),Cyst,0
12410,Cyst- (1636),Cyst,0
12411,Cyst- (3221),Cyst,0
12412,Cyst- (838),Cyst,0
12413,Cyst- (3243),Cyst,0
12414,Cyst- (3195),Cyst,0
12415,Cyst- (830),Cyst,0
12416,Cyst- (53),Cyst,0
12417,Cyst- (811),Cyst,0
12418,Cyst- (1907),Cyst,0
12419,Cyst- (2839),Cyst,0
12420,Cyst- (610),Cyst,0
12421,Cyst- (904),Cyst,0
12422,Cyst- (2569),Cyst,0
12423,Cyst- (3246),Cyst,0
12424,Cyst- (2872),Cyst,0
12425,Cyst- (2845),Cyst,0
12426,Cyst- (507),Cyst,0
12427,Cyst- (3382),Cyst,0
12428,Cyst- (628),Cyst,0
12429,Cyst- (2458),Cyst,0
12430,Cyst- (2497),Cyst,0
12431,Cyst- (955),Cyst,0
12432,Cyst- (1558),Cyst,0
12433,Cyst- (34),Cyst,0
12434,Cyst- (240),Cyst,0
12435,Cyst- (407),Cyst,0
12436,Cyst- (520),Cyst,0
12437,Cyst- (1852),Cyst,0
12438,Cyst- (1424),Cyst,0
12439,Cyst- (192),Cyst,0
12440,Cyst- (2533),Cyst,0
12441,Cyst- (2522),Cyst,0
12442,Cyst- (2627),Cyst,0
12443,Cyst- (972),Cyst,0
12444,Cyst- (2323),Cyst,0
12445,Cyst- (2145),Cyst,0
